Time,Soil Water Index with Characteristic Time Length of 15 Days
Jul 2007,81.79838
Jul 2008,72.0
Jul 2009,67.87096
Jul 2010,66.65321
Jul 2011,71.60484
Jul 2012,78.03226
Jul 2013,78.65321
Jul 2014,67.45161
Jul 2015,64.09676
Jul 2016,75.39516
Jul 2017,70.58871
