Time,EVI
Jul 2000,0.2771608
Jul 2001,0.2958966
Jul 2002,0.294524
Jul 2003,0.1993861
Jul 2004,0.2568858
Jul 2005,0.2152668
Jul 2006,0.3061273
Jul 2007,0.2748846
Jul 2008,0.3610363
Jul 2009,0.2092948
Jul 2010,0.3199672
Jul 2011,0.3381633
Jul 2012,0.243365
Jul 2013,0.2555811
Jul 2014,0.3552803
Jul 2015,0.3366495
Jul 2016,0.2700238
Jul 2017,0.3150223
Jul 2018,0.3117525
Jul 2019,0.3420393
