Time,EVI
Oct 2000,0.347732
Oct 2001,0.3291385
Oct 2002,0.3318008
Oct 2003,0.3647982
Oct 2004,0.3212936
Oct 2005,0.303243
Oct 2006,0.303784
Oct 2007,0.295689
Oct 2008,0.2877414
Oct 2009,0.3377001
Oct 2010,0.269318
Oct 2011,0.2841625
Oct 2012,0.3241085
Oct 2013,0.3176408
Oct 2014,0.322084
Oct 2015,0.2787572
Oct 2016,0.2942896
Oct 2017,0.3003139
Oct 2018,0.3040412
Oct 2019,0.3569987
