Time,Soil Water Index with Characteristic Time Length of 15 Days
Oct 2007,18.12903
Oct 2008,20.09677
Oct 2009,15.37903
Oct 2010,20.69355
Oct 2011,21.62903
Oct 2012,21.08871
Oct 2013,28.00806
Oct 2014,37.38709
Oct 2015,22.33064
Oct 2016,24.54839
Oct 2017,24.54838
