Time,EVI
Jul 2000,0.1992898
Jul 2001,0.2071081
Jul 2002,0.1784184
Jul 2003,0.1641483
Jul 2004,0.2028278
Jul 2005,0.1775805
Jul 2006,0.1823191
Jul 2007,0.2164688
Jul 2008,0.1668911
Jul 2009,0.1560868
Jul 2010,0.1772939
Jul 2011,0.1817001
Jul 2012,0.1663144
Jul 2013,0.1905969
Jul 2014,0.2426703
Jul 2015,0.1748947
Jul 2016,0.2055955
Jul 2017,0.1878549
Jul 2018,0.1647387
Jul 2019,0.1940437
