Time,EVI
Oct 2000,0.3280852
Oct 2001,0.3091834
Oct 2002,0.2666428
Oct 2003,0.3195206
Oct 2004,0.2771352
Oct 2005,0.271933
Oct 2006,0.2867163
Oct 2007,0.2905428
Oct 2008,0.2885756
Oct 2009,0.2667229
Oct 2010,0.2966018
Oct 2011,0.2922003
Oct 2012,0.2922699
Oct 2013,0.2854051
Oct 2014,0.3047345
Oct 2015,0.279195
Oct 2016,0.2877431
Oct 2017,0.2732917
Oct 2018,0.3347678
Oct 2019,0.2826384
