Time,EVI
Jul 2000,0.2057532
Jul 2001,0.2424828
Jul 2002,0.2803073
Jul 2003,0.2097182
Jul 2004,0.2180158
Jul 2005,0.1819834
Jul 2006,0.1774466
Jul 2007,0.2390847
Jul 2008,0.264698
Jul 2009,0.2112213
Jul 2010,0.1740346
Jul 2011,0.2573205
Jul 2012,0.2125062
Jul 2013,0.2680237
Jul 2014,0.2121385
Jul 2015,0.2870768
Jul 2016,0.187011
Jul 2017,0.2368305
Jul 2018,0.2178155
Jul 2019,0.2586202
