Time,Soil Water Index with Characteristic Time Length of 15 Days
Jul 2007,80.43549
Jul 2008,67.04839
Jul 2009,62.66129
Jul 2010,63.70968
Jul 2011,68.85483
Jul 2012,74.27419
Jul 2013,75.98386
Jul 2014,61.24194
Jul 2015,56.91934
Jul 2016,71.67742
Jul 2017,66.88709
