Time,EVI
Oct 2000,0.2505578
Oct 2001,0.2342506
Oct 2002,0.2036784
Oct 2003,0.2435076
Oct 2004,0.2204775
Oct 2005,0.2297921
Oct 2006,0.2237583
Oct 2007,0.2470829
Oct 2008,0.2166857
Oct 2009,0.2473928
Oct 2010,0.2361547
Oct 2011,0.2313138
Oct 2012,0.2211849
Oct 2013,0.2484148
Oct 2014,0.2834278
Oct 2015,0.2322282
Oct 2016,0.2243082
Oct 2017,0.2502919
Oct 2018,0.2387148
Oct 2019,0.2724802
