Time,EVI
Jul 2000,0.3149666
Jul 2001,0.3620497
Jul 2002,0.3240273
Jul 2003,0.2972552
Jul 2004,0.3613162
Jul 2005,0.2625081
Jul 2006,0.3572764
Jul 2007,0.3681055
Jul 2008,0.3654159
Jul 2009,0.2579593
Jul 2010,0.3335476
Jul 2011,0.3775911
Jul 2012,0.2294196
Jul 2013,0.3115736
Jul 2014,0.3527863
Jul 2015,0.3630691
Jul 2016,0.3247707
Jul 2017,0.2914889
Jul 2018,0.3211372
Jul 2019,0.3731537
