Time,Soil Water Index with Characteristic Time Length of 15 Days
Jul 2007,79.38711
Jul 2008,65.26611
Jul 2009,61.83064
Jul 2010,62.82258
Jul 2011,67.60482
Jul 2012,74.20968
Jul 2013,74.55645
Jul 2014,61.11291
Jul 2015,59.28226
Jul 2016,70.59677
Jul 2017,64.84676
