Time,Soil Water Index with Characteristic Time Length of 15 Days
Oct 2007,13.78226
Oct 2008,17.26613
Oct 2009,15.10484
Oct 2010,20.92742
Oct 2011,17.62903
Oct 2012,18.59677
Oct 2013,25.04838
Oct 2014,31.19354
Oct 2015,18.68548
Oct 2016,20.79839
Oct 2017,18.33871
