Time,EVI
Oct 2000,0.3631963
Oct 2001,0.3218689
Oct 2002,0.3489406
Oct 2003,0.3795854
Oct 2004,0.3350782
Oct 2005,0.3339896
Oct 2006,0.3221962
Oct 2007,0.3045702
Oct 2008,0.2905103
Oct 2009,0.3347964
Oct 2010,0.3163153
Oct 2011,0.285019
Oct 2012,0.3205021
Oct 2013,0.3256037
Oct 2014,0.3143737
Oct 2015,0.2935782
Oct 2016,0.2744643
Oct 2017,0.2777405
Oct 2018,0.2721563
Oct 2019,0.301902
