Time,Soil Water Index with Characteristic Time Length of 15 Days
Jul 2007,34.79032
Jul 2008,26.66129
Jul 2009,30.77419
Jul 2010,27.40323
Jul 2011,29.75806
Jul 2012,34.24194
Jul 2013,28.95162
Jul 2014,31.29032
Jul 2015,22.96774
Jul 2016,32.79032
Jul 2017,27.74194
