Time,EVI
Jul 2000,0.1896073
Jul 2001,0.2204794
Jul 2002,0.1948534
Jul 2003,0.1730573
Jul 2004,0.182724
Jul 2005,0.2035055
Jul 2006,0.1787868
Jul 2007,0.2016937
Jul 2008,0.196921
Jul 2009,0.1461242
Jul 2010,0.1746292
Jul 2011,0.1821932
Jul 2012,0.1759156
Jul 2013,0.1938674
Jul 2014,0.1951483
Jul 2015,0.1862275
Jul 2016,0.1974726
Jul 2017,0.1876704
Jul 2018,0.1693521
Jul 2019,0.2078201
