Time,EVI
Oct 2000,0.223471
Oct 2001,0.2222407
Oct 2002,0.1660636
Oct 2003,0.2338571
Oct 2004,0.2134028
Oct 2005,0.2176317
Oct 2006,0.2176096
Oct 2007,0.2239635
Oct 2008,0.2122804
Oct 2009,0.2160071
Oct 2010,0.2196529
Oct 2011,0.2403831
Oct 2012,0.2263889
Oct 2013,0.2575541
Oct 2014,0.2628787
Oct 2015,0.1990254
Oct 2016,0.2272715
Oct 2017,0.2168736
Oct 2018,0.2374638
Oct 2019,0.2219474
