Time,Soil Water Index with Characteristic Time Length of 15 Days
Jul 2007,33.75806
Jul 2008,31.32258
Jul 2009,31.5
Jul 2010,31.6129
Jul 2011,27.69355
Jul 2012,34.35484
Jul 2013,28.20968
Jul 2014,35.27419
Jul 2015,26.09677
Jul 2016,34.58064
Jul 2017,30.64516
