Time,EVI
Jul 2000,0.2062937
Jul 2001,0.2169308
Jul 2002,0.189764
Jul 2003,0.1850994
Jul 2004,0.1787169
Jul 2005,0.1991146
Jul 2006,0.2200585
Jul 2007,0.2036698
Jul 2008,0.1938183
Jul 2009,0.1661454
Jul 2010,0.2277846
Jul 2011,0.2003223
Jul 2012,0.2286501
Jul 2013,0.2237935
Jul 2014,0.2529096
Jul 2015,0.2030825
Jul 2016,0.1800655
Jul 2017,0.2199282
Jul 2018,0.1805405
Jul 2019,0.2144854
