Time,Soil Water Index with Characteristic Time Length of 15 Days
Oct 2007,6.387097
Oct 2008,5.758065
Oct 2009,2.919354
Oct 2010,9.82258
Oct 2011,8.290321
Oct 2012,6.596773
Oct 2013,9.370967
Oct 2014,12.24193
Oct 2015,5.887096
Oct 2016,9.483872
Oct 2017,7.435483
