Time,EVI
Oct 2000,0.2748837
Oct 2001,0.2796252
Oct 2002,0.2569649
Oct 2003,0.2746931
Oct 2004,0.2853962
Oct 2005,0.257206
Oct 2006,0.2462455
Oct 2007,0.2477312
Oct 2008,0.264488
Oct 2009,0.260625
Oct 2010,0.2502308
Oct 2011,0.2549294
Oct 2012,0.2565657
Oct 2013,0.2911232
Oct 2014,0.2748759
Oct 2015,0.2712096
Oct 2016,0.2843423
Oct 2017,0.2638719
Oct 2018,0.2764164
Oct 2019,0.2609476
