Time,EVI
Jul 2000,0.1970082
Jul 2001,0.1750586
Jul 2002,0.16005
Jul 2003,0.2093035
Jul 2004,0.193798
Jul 2005,0.2832319
Jul 2006,0.2108591
Jul 2007,0.2268564
Jul 2008,0.1628947
Jul 2009,0.172009
Jul 2010,0.1658626
Jul 2011,0.1797349
Jul 2012,0.207565
Jul 2013,0.2049793
Jul 2014,0.149908
Jul 2015,0.1176011
Jul 2016,0.2208539
Jul 2017,0.2225499
Jul 2018,0.1877569
Jul 2019,0.2177817
