Time,Soil Water Index with Characteristic Time Length of 15 Days
Jul 2007,77.15321
Jul 2008,57.14515
Jul 2009,62.92742
Jul 2010,57.0
Jul 2011,57.15323
Jul 2012,68.74195
Jul 2013,65.58064
Jul 2014,49.83064
Jul 2015,43.32257
Jul 2016,68.58871
Jul 2017,61.14515
