Time,EVI
Oct 2000,0.2747836
Oct 2001,0.253501
Oct 2002,0.2548953
Oct 2003,0.2485989
Oct 2004,0.230933
Oct 2005,0.2365499
Oct 2006,0.2513193
Oct 2007,0.2476343
Oct 2008,0.2490139
Oct 2009,0.239524
Oct 2010,0.2677576
Oct 2011,0.2539776
Oct 2012,0.2533638
Oct 2013,0.2411256
Oct 2014,0.294358
Oct 2015,0.2296174
Oct 2016,0.2281595
Oct 2017,0.2367839
Oct 2018,0.2424236
Oct 2019,0.2585353
