Time,Soil Water Index with Characteristic Time Length of 15 Days
Oct 2007,14.0
Oct 2008,10.09677
Oct 2009,5.612904
Oct 2010,11.77419
Oct 2011,9.919355
Oct 2012,11.0
Oct 2013,17.40322
Oct 2014,16.22581
Oct 2015,8.330646
Oct 2016,15.79839
Oct 2017,16.0
