Time,EVI
Jul 2000,0.1757071
Jul 2001,0.2123417
Jul 2002,0.1508801
Jul 2003,0.1812973
Jul 2004,0.1746654
Jul 2005,0.1591497
Jul 2006,0.1873512
Jul 2007,0.196805
Jul 2008,0.1498486
Jul 2009,0.1144811
Jul 2010,0.1556344
Jul 2011,0.203422
Jul 2012,0.2022648
Jul 2013,0.174162
Jul 2014,0.1992587
Jul 2015,0.1719954
Jul 2016,0.1926347
Jul 2017,0.2093252
Jul 2018,0.1559855
Jul 2019,0.2123464
