Time,Soil Water Index with Characteristic Time Length of 15 Days
Jul 2007,32.80646
Jul 2008,21.68548
Jul 2009,25.80645
Jul 2010,22.33871
Jul 2011,23.70968
Jul 2012,28.41935
Jul 2013,23.20161
Jul 2014,26.55645
Jul 2015,21.00807
Jul 2016,27.75806
Jul 2017,22.44354
