Time,EVI
Oct 2000,0.2094142
Oct 2001,0.1831038
Oct 2002,0.1613227
Oct 2003,0.2108422
Oct 2004,0.1639941
Oct 2005,0.1822246
Oct 2006,0.1951029
Oct 2007,0.1921418
Oct 2008,0.1983498
Oct 2009,0.1958852
Oct 2010,0.208072
Oct 2011,0.213726
Oct 2012,0.2096399
Oct 2013,0.1897455
Oct 2014,0.2396021
Oct 2015,0.1866025
Oct 2016,0.2176646
Oct 2017,0.1963691
Oct 2018,0.2089562
Oct 2019,0.2336342
