Time,Soil Water Index with Characteristic Time Length of 15 Days
Oct 2007,3.854837
Oct 2008,2.612903
Oct 2009,2.637097
Oct 2010,4.169354
Oct 2011,4.572581
Oct 2012,4.379031
Oct 2013,3.709677
Oct 2014,6.685483
Oct 2015,2.806451
Oct 2016,6.25
Oct 2017,4.491935
