Time,EVI
Jul 2000,0.1583303
Jul 2001,0.177091
Jul 2002,0.147664
Jul 2003,0.178838
Jul 2004,0.1854447
Jul 2005,0.1827896
Jul 2006,0.2068067
Jul 2007,0.1981692
Jul 2008,0.1653025
Jul 2009,0.1301419
Jul 2010,0.1739505
Jul 2011,0.2237452
Jul 2012,0.2173699
Jul 2013,0.1626448
Jul 2014,0.1587539
Jul 2015,0.2011911
Jul 2016,0.1727431
Jul 2017,0.1628892
Jul 2018,0.1526466
Jul 2019,0.1843943
