Time,Soil Water Index with Characteristic Time Length of 15 Days
Jul 2007,66.04838
Jul 2008,49.29839
Jul 2009,51.45162
Jul 2010,53.4516
Jul 2011,55.0242
Jul 2012,59.60484
Jul 2013,55.68548
Jul 2014,47.54032
Jul 2015,43.12097
Jul 2016,57.87097
Jul 2017,50.37097
