Time,Soil Water Index with Characteristic Time Length of 15 Days
Oct 2007,10.97581
Oct 2008,8.241936
Oct 2009,5.89516
Oct 2010,13.1129
Oct 2011,11.68548
Oct 2012,9.887096
Oct 2013,12.47581
Oct 2014,14.72581
Oct 2015,7.330646
Oct 2016,13.89516
Oct 2017,13.80645
