Time,EVI
Oct 2000,0.3110814
Oct 2001,0.2726402
Oct 2002,0.2716043
Oct 2003,0.2639703
Oct 2004,0.2213177
Oct 2005,0.2349267
Oct 2006,0.2680261
Oct 2007,0.2734402
Oct 2008,0.2350231
Oct 2009,0.24826
Oct 2010,0.2593244
Oct 2011,0.2562076
Oct 2012,0.2333265
Oct 2013,0.2509014
Oct 2014,0.2917393
Oct 2015,0.2320142
Oct 2016,0.2595837
Oct 2017,0.2454146
Oct 2018,0.2661375
Oct 2019,0.263855
