Time,EVI
Jul 2000,0.1607645
Jul 2001,0.176397
Jul 2002,0.1627793
Jul 2003,0.1798132
Jul 2004,0.1482368
Jul 2005,0.1839242
Jul 2006,0.1490222
Jul 2007,0.196004
Jul 2008,0.1303838
Jul 2009,0.1229687
Jul 2010,0.1573061
Jul 2011,0.1279969
Jul 2012,0.1483625
Jul 2013,0.149179
Jul 2014,0.1533104
Jul 2015,0.1345531
Jul 2016,0.1570424
Jul 2017,0.1518111
Jul 2018,0.1426387
Jul 2019,0.2108907
