Time,EVI
Oct 2000,0.1583326
Oct 2001,0.1980741
Oct 2002,0.135097
Oct 2003,0.1905469
Oct 2004,0.146491
Oct 2005,0.1545696
Oct 2006,0.1944621
Oct 2007,0.18834
Oct 2008,0.1439604
Oct 2009,0.1683047
Oct 2010,0.1729587
Oct 2011,0.1669742
Oct 2012,0.1853449
Oct 2013,0.1766774
Oct 2014,0.1802641
Oct 2015,0.1285317
Oct 2016,0.1588663
Oct 2017,0.1764088
Oct 2018,0.1931031
Oct 2019,0.1695501
