Time,EVI
Jul 2000,0.1763032
Jul 2001,0.2494284
Jul 2002,0.2093015
Jul 2003,0.1719404
Jul 2004,0.242649
Jul 2005,0.1965556
Jul 2006,0.2173812
Jul 2007,0.211228
Jul 2008,0.2439112
Jul 2009,0.1739536
Jul 2010,0.1556346
Jul 2011,0.2653514
Jul 2012,0.1874911
Jul 2013,0.196148
Jul 2014,0.2215263
Jul 2015,0.264001
Jul 2016,0.2568009
Jul 2017,0.2499251
Jul 2018,0.2797327
Jul 2019,0.3095776
