Time,Soil Water Index with Characteristic Time Length of 15 Days
Jul 2007,77.7742
Jul 2008,65.93547
Jul 2009,65.06451
Jul 2010,64.16129
Jul 2011,67.5
Jul 2012,71.45161
Jul 2013,73.2258
Jul 2014,58.19355
Jul 2015,54.96775
Jul 2016,72.77419
Jul 2017,64.83871
