Time,EVI
Oct 2000,0.3518383
Oct 2001,0.3085058
Oct 2002,0.2846844
Oct 2003,0.3256735
Oct 2004,0.3312157
Oct 2005,0.3017485
Oct 2006,0.298146
Oct 2007,0.2942577
Oct 2008,0.2983817
Oct 2009,0.357297
Oct 2010,0.2989282
Oct 2011,0.3104624
Oct 2012,0.3039548
Oct 2013,0.3132136
Oct 2014,0.3320125
Oct 2015,0.3006335
Oct 2016,0.2820455
Oct 2017,0.2827429
Oct 2018,0.2786146
Oct 2019,0.3068874
