Time,Soil Water Index with Characteristic Time Length of 15 Days
Jul 2007,72.82258
Jul 2008,53.58064
Jul 2009,57.56452
Jul 2010,53.35484
Jul 2011,51.53226
Jul 2012,62.17742
Jul 2013,62.03226
Jul 2014,42.2742
Jul 2015,38.40322
Jul 2016,63.24193
Jul 2017,54.75806
