Time,EVI
Jul 2000,0.1619574
Jul 2001,0.1543094
Jul 2002,0.1270078
Jul 2003,0.1655322
Jul 2004,0.1981057
Jul 2005,0.1639363
Jul 2006,0.1438511
Jul 2007,0.2114754
Jul 2008,0.1670006
Jul 2009,0.1472848
Jul 2010,0.1299417
Jul 2011,0.1711352
Jul 2012,0.2200165
Jul 2013,0.1861925
Jul 2014,0.1280621
Jul 2015,0.1498421
Jul 2016,0.1890788
Jul 2017,0.1687971
Jul 2018,0.1590912
Jul 2019,0.1710271
