Time,EVI
Oct 2000,0.2717623
Oct 2001,0.2364164
Oct 2002,0.2681428
Oct 2003,0.2379057
Oct 2004,0.2120695
Oct 2005,0.2530131
Oct 2006,0.2575357
Oct 2007,0.2635196
Oct 2008,0.2731549
Oct 2009,0.2357709
Oct 2010,0.250228
Oct 2011,0.2541263
Oct 2012,0.2306285
Oct 2013,0.2429272
Oct 2014,0.3029151
Oct 2015,0.2121419
Oct 2016,0.2186219
Oct 2017,0.2641704
Oct 2018,0.2459278
Oct 2019,0.2451545
