Time,Soil Water Index with Characteristic Time Length of 15 Days
Oct 2007,16.46774
Oct 2008,16.41935
Oct 2009,9.951613
Oct 2010,15.87097
Oct 2011,11.66129
Oct 2012,16.30645
Oct 2013,21.85484
Oct 2014,26.41935
Oct 2015,11.87097
Oct 2016,18.22581
Oct 2017,22.70968
