"Harvest Year","Payout"
1983,0
1984,72.5
1985,0
1986,0
1987,0
1988,0
1989,0
1990,9.520635
1991,89.8910025
1992,0
1993,0
1994,10
1995,0
1996,0
1997,0
1998,0
1999,0
2000,0
2001,73.5763741935484
2002,37.5991075
2003,56.1088580645161
2004,63.2794925
2005,0
2006,0
2007,0
2008,0
2009,0
2010,0
2011,53.3080387096774
2012,0
2013,65.4030374193548
2014,27.6897875
2015,0
2016,0
2017,0
2018,0
2019,0
