Time,EVI
Jul 2000,0.1264493
Jul 2001,0.168928
Jul 2002,0.1187653
Jul 2003,0.1330061
Jul 2004,0.1361243
Jul 2005,0.1327945
Jul 2006,0.1339804
Jul 2007,0.1469707
Jul 2008,0.1457064
Jul 2009,0.1091893
Jul 2010,0.1357531
Jul 2011,0.1280823
Jul 2012,0.1712403
Jul 2013,0.1363558
Jul 2014,0.1349884
Jul 2015,0.116829
Jul 2016,0.1724879
Jul 2017,0.126149
Jul 2018,0.1298772
Jul 2019,0.1493475
