Time,Soil Water Index with Characteristic Time Length of 15 Days
Jul 2007,55.16129
Jul 2008,44.37097
Jul 2009,46.90323
Jul 2010,47.75806
Jul 2011,50.5
Jul 2012,56.27419
Jul 2013,46.74193
Jul 2014,46.25806
Jul 2015,40.45161
Jul 2016,53.56451
Jul 2017,45.06451
