Time,Soil Water Index with Characteristic Time Length of 15 Days
Oct 2007,8.225805
Oct 2008,6.177419
Oct 2009,4.16129
Oct 2010,9.500001
Oct 2011,8.048387
Oct 2012,7.451612
Oct 2013,8.516129
Oct 2014,10.45161
Oct 2015,5.725807
Oct 2016,11.03226
Oct 2017,10.96774
