Time,EVI
Oct 2000,0.2072876
Oct 2001,0.2048496
Oct 2002,0.1639581
Oct 2003,0.2115645
Oct 2004,0.1784966
Oct 2005,0.1831283
Oct 2006,0.1956561
Oct 2007,0.2092873
Oct 2008,0.1928963
Oct 2009,0.1677147
Oct 2010,0.2081457
Oct 2011,0.2153001
Oct 2012,0.1873216
Oct 2013,0.211681
Oct 2014,0.248715
Oct 2015,0.1709069
Oct 2016,0.1962905
Oct 2017,0.2068748
Oct 2018,0.2278098
Oct 2019,0.2166415
