"Harvest Year","Payout"
1983,76.9721383492063
1984,16.8928464285714
1985,0
1986,0
1987,66.5013531632653
1988,0
1989,67.8988467013889
1990,6.25
1991,0
1992,69.71326875
1993,52.0192085069444
1994,0
1995,17.4400208920235
1996,0
1997,11.6228214285714
1998,0
1999,0
2000,0
2001,0
2002,0
2003,6.25
2004,33.2763214285714
2005,0
2006,87.94908125
2007,0
2008,0
2009,4.5478
2010,0.356957142857127
2011,0
2012,0
2013,72.08119375
2014,0
2015,0
2016,0
2017,6.25
2018,50
2019,0
