Time,EVI
Jul 2000,0.2004313
Jul 2001,0.2601656
Jul 2002,0.2174682
Jul 2003,0.1876175
Jul 2004,0.2146495
Jul 2005,0.2509233
Jul 2006,0.2237348
Jul 2007,0.2332078
Jul 2008,0.2009178
Jul 2009,0.140837
Jul 2010,0.2363635
Jul 2011,0.2285771
Jul 2012,0.2105463
Jul 2013,0.2095339
Jul 2014,0.2311974
Jul 2015,0.2301947
Jul 2016,0.2495586
Jul 2017,0.2591084
Jul 2018,0.1887605
Jul 2019,0.2659533
