Time,Soil Water Index with Characteristic Time Length of 15 Days
Oct 2007,3.951612
Oct 2008,3.229839
Oct 2009,2.935484
Oct 2010,5.649194
Oct 2011,5.294354
Oct 2012,4.379031
Oct 2013,5.16129
Oct 2014,6.516129
Oct 2015,4.181452
Oct 2016,5.0
Oct 2017,4.487904
