Time,EVI
Oct 2000,0.2924246
Oct 2001,0.2612287
Oct 2002,0.1959957
Oct 2003,0.2706864
Oct 2004,0.2417672
Oct 2005,0.2522303
Oct 2006,0.235246
Oct 2007,0.2309913
Oct 2008,0.2368247
Oct 2009,0.2466772
Oct 2010,0.2554611
Oct 2011,0.2516026
Oct 2012,0.246072
Oct 2013,0.2762486
Oct 2014,0.2959692
Oct 2015,0.2347045
Oct 2016,0.2508863
Oct 2017,0.2508569
Oct 2018,0.2795772
Oct 2019,0.2851351
