Time,Soil Water Index with Characteristic Time Length of 15 Days
Jul 2007,35.1371
Jul 2008,28.93549
Jul 2009,32.29839
Jul 2010,30.48387
Jul 2011,26.38709
Jul 2012,34.48386
Jul 2013,26.4758
Jul 2014,33.81452
Jul 2015,26.94355
Jul 2016,32.91129
Jul 2017,29.09677
