Time,EVI
Jul 2000,0.1839364
Jul 2001,0.2331421
Jul 2002,0.1873674
Jul 2003,0.1698297
Jul 2004,0.1951934
Jul 2005,0.199802
Jul 2006,0.1753775
Jul 2007,0.2291311
Jul 2008,0.1868194
Jul 2009,0.1528738
Jul 2010,0.2122713
Jul 2011,0.1941323
Jul 2012,0.1912583
Jul 2013,0.2123536
Jul 2014,0.2534892
Jul 2015,0.21227
Jul 2016,0.2325986
Jul 2017,0.2432168
Jul 2018,0.2635699
Jul 2019,0.2487219
