Time,EVI
Oct 2000,0.2997123
Oct 2001,0.2839363
Oct 2002,0.257854
Oct 2003,0.2885276
Oct 2004,0.2704209
Oct 2005,0.261456
Oct 2006,0.2670667
Oct 2007,0.2681736
Oct 2008,0.2677473
Oct 2009,0.2589068
Oct 2010,0.2825477
Oct 2011,0.2805586
Oct 2012,0.2746344
Oct 2013,0.2852145
Oct 2014,0.325637
Oct 2015,0.2728576
Oct 2016,0.2795846
Oct 2017,0.2659495
Oct 2018,0.3084339
Oct 2019,0.276931
