Time,Soil Water Index with Characteristic Time Length of 15 Days
Oct 2007,4.500001
Oct 2008,3.798387
Oct 2009,2.459677
Oct 2010,7.540323
Oct 2011,5.637096
Oct 2012,5.733871
Oct 2013,5.733871
Oct 2014,8.806453
Oct 2015,4.387096
Oct 2016,8.129031
Oct 2017,5.887096
