"Harvest Year","Payout"
1983,0
1984,0
1985,5.55517557870371
1986,0
1987,47.5345336507936
1988,0
1989,0
1990,0
1991,33.4430083333333
1992,5.27026666666667
1993,2.77021851851855
1994,0
1995,0
1996,0
1997,0
1998,0
1999,13.0442083333333
2000,0
2001,0
2002,0
2003,0
2004,134.218136111111
2005,7.04840416666666
2006,0
2007,0
2008,0
2009,0
2010,3.243725
2011,0
2012,0
2013,0
2014,24.3390833333333
2015,0
2016,0
2017,28.0772416666667
2018,0
2019,0
