Time,Soil Water Index with Characteristic Time Length of 15 Days
Jul 2007,66.32258
Jul 2008,50.69355
Jul 2009,52.3629
Jul 2010,53.96774
Jul 2011,57.60483
Jul 2012,61.54839
Jul 2013,55.42742
Jul 2014,49.91935
Jul 2015,43.37903
Jul 2016,60.20161
Jul 2017,52.6129
