Time,EVI
Jul 2000,0.1563011
Jul 2001,0.2089522
Jul 2002,0.1530697
Jul 2003,0.1524687
Jul 2004,0.1340862
Jul 2005,0.1482623
Jul 2006,0.1606753
Jul 2007,0.1923726
Jul 2008,0.1727011
Jul 2009,0.1270562
Jul 2010,0.1610647
Jul 2011,0.1855147
Jul 2012,0.1899904
Jul 2013,0.1735805
Jul 2014,0.1611829
Jul 2015,0.1499686
Jul 2016,0.1767902
Jul 2017,0.174577
Jul 2018,0.1657578
Jul 2019,0.1814988
