Time,EVI
Oct 2000,0.232092
Oct 2001,0.215164
Oct 2002,0.1822696
Oct 2003,0.2114283
Oct 2004,0.1738033
Oct 2005,0.198722
Oct 2006,0.2101466
Oct 2007,0.2093857
Oct 2008,0.1854326
Oct 2009,0.1833852
Oct 2010,0.2156067
Oct 2011,0.2023352
Oct 2012,0.211458
Oct 2013,0.2099714
Oct 2014,0.2283628
Oct 2015,0.1765047
Oct 2016,0.2021105
Oct 2017,0.2142802
Oct 2018,0.2112505
Oct 2019,0.2252945
