Time,Soil Water Index with Characteristic Time Length of 15 Days
Oct 2007,14.05645
Oct 2008,8.435483
Oct 2009,6.838709
Oct 2010,16.75806
Oct 2011,14.52419
Oct 2012,12.50806
Oct 2013,14.1129
Oct 2014,15.78225
Oct 2015,8.032258
Oct 2016,16.16129
Oct 2017,15.97581
