Time,Soil Water Index with Characteristic Time Length of 15 Days
Jul 2007,76.91128
Jul 2008,63.55645
Jul 2009,64.17742
Jul 2010,63.70968
Jul 2011,66.57257
Jul 2012,69.91126
Jul 2013,70.65321
Jul 2014,57.25
Jul 2015,54.83065
Jul 2016,71.2984
Jul 2017,67.35483
