Time,EVI
Jul 2000,0.244535
Jul 2001,0.2479144
Jul 2002,0.2103575
Jul 2003,0.2245468
Jul 2004,0.2217204
Jul 2005,0.2011953
Jul 2006,0.1827506
Jul 2007,0.2741444
Jul 2008,0.2327643
Jul 2009,0.1587026
Jul 2010,0.1516507
Jul 2011,0.2618594
Jul 2012,0.1971301
Jul 2013,0.2012409
Jul 2014,0.2332374
Jul 2015,0.2493726
Jul 2016,0.2507416
Jul 2017,0.2218106
Jul 2018,0.2556459
Jul 2019,0.2634406
