Time,Soil Water Index with Characteristic Time Length of 15 Days
Oct 2007,22.29839
Oct 2008,19.40322
Oct 2009,23.34678
Oct 2010,23.33065
Oct 2011,21.98387
Oct 2012,19.33871
Oct 2013,29.70968
Oct 2014,26.78226
Oct 2015,19.31451
Oct 2016,28.04033
Oct 2017,31.40322
