Time,EVI
Oct 2000,0.3189652
Oct 2001,0.2517169
Oct 2002,0.2149832
Oct 2003,0.2797463
Oct 2004,0.2762847
Oct 2005,0.2793024
Oct 2006,0.2792179
Oct 2007,0.2850554
Oct 2008,0.2496481
Oct 2009,0.2880213
Oct 2010,0.2657763
Oct 2011,0.2715337
Oct 2012,0.2705243
Oct 2013,0.2948292
Oct 2014,0.3044235
Oct 2015,0.2337185
Oct 2016,0.2560885
Oct 2017,0.2689649
Oct 2018,0.2531102
Oct 2019,0.3023858
