Time,EVI
Aug 2000,0.2700785
Aug 2001,0.2918149
Aug 2002,0.2391603
Aug 2003,0.2792216
Aug 2004,0.2466271
Aug 2005,0.2527238
Aug 2006,0.2518972
Aug 2007,0.2997782
Aug 2008,0.236522
Aug 2009,0.2448176
Aug 2010,0.2588573
Aug 2011,0.2637028
Aug 2012,0.2920904
Aug 2013,0.2934062
Aug 2014,0.265426
Aug 2015,0.2617974
Aug 2016,0.2929312
Aug 2017,0.2448632
Aug 2018,0.2851692
Aug 2019,0.2724221
