"year","SWI"
2007,21.93126
2008,12.3953
2009,16.82723
2010,14.31924
2011,14.17877
2012,16.90416
2013,15.4516
2014,15.04447
2015,12.92514
2016,16.9886
2017,13.65011
