"year","SWI"
2007,1.887717
2008,1.830862
2009,2.309047
2010,1.579053
2011,2.082335
2012,2.480025
2013,2.357442
2014,2.97352
2015,1.98639
2016,2.206864
2017,2.449516
