Time,EVI
Oct 2000,0.2094391
Oct 2001,0.2187704
Oct 2002,0.174281
Oct 2003,0.1959543
Oct 2004,0.1754844
Oct 2005,0.1900136
Oct 2006,0.1951053
Oct 2007,0.2065629
Oct 2008,0.1744941
Oct 2009,0.1924318
Oct 2010,0.2134895
Oct 2011,0.2164384
Oct 2012,0.1905781
Oct 2013,0.183255
Oct 2014,0.2220945
Oct 2015,0.1829171
Oct 2016,0.2084778
Oct 2017,0.205176
Oct 2018,0.2130715
Oct 2019,0.212252
