"Harvest Year","Payout"
1983,0
1984,0
1985,0
1986,0
1987,0
1988,0
1989,0
1990,111.546569705882
1991,26.1204764705882
1992,0
1993,0
1994,0
1995,0
1996,0
1997,0
1998,0
1999,16.4826
2000,43.5169088235294
2001,0
2002,18.6079882352941
2003,0
2004,63.487465882353
2005,0
2006,0
2007,0
2008,0
2009,0
2010,0
2011,0
2012,0
2013,21.4340470588235
2014,0
2015,47.0588235294118
2016,0
2017,0
2018,0
2019,0
