"Harvest Year","Payout"
1983,19.1688532034743
1984,58.7197705263158
1985,8.16151868421052
1986,0
1987,93.1292536996658
1988,100
1989,100
1990,100
1991,0
1992,100
1993,0
1994,0
1995,100
1996,0
1997,0
1998,0
1999,100
2000,0
2001,100
2002,160.526315789474
2003,50.9592002631579
2004,7.7699797368421
2005,100
2006,19.4983247368421
2007,100
2008,100
2009,100
2010,100
2011,0
2012,0
2013,100
2014,0
2015,0
2016,0
2017,100
2018,0
2019,101.701321052632
