Time,Soil Water Index with Characteristic Time Length of 15 Days
Jul 2007,30.41129
Jul 2008,25.8629
Jul 2009,29.53629
Jul 2010,25.10081
Jul 2011,25.41532
Jul 2012,30.49597
Jul 2013,26.67741
Jul 2014,28.67339
Jul 2015,24.05646
Jul 2016,29.45565
Jul 2017,26.19758
