Time,Soil Water Index with Characteristic Time Length of 15 Days
Oct 2007,4.358871
Oct 2008,3.254031
Oct 2009,2.092741
Oct 2010,5.641128
Oct 2011,5.427419
Oct 2012,4.782259
Oct 2013,4.94758
Oct 2014,7.254031
Oct 2015,4.717742
Oct 2016,5.939515
Oct 2017,5.358871
