"Harvest Year","Payout"
1983,27.351111302521
1984,193.456028571429
1985,100
1986,21.4766891596639
1987,70.7750889160998
1988,0
1989,100
1990,100
1991,0
1992,100
1993,0
1994,100
1995,100
1996,0
1997,0
1998,100
1999,100
2000,0
2001,0
2002,117.433374285714
2003,0
2004,100.48254
2005,100
2006,100
2007,0
2008,0
2009,103.055648571429
2010,100
2011,100
2012,0
2013,100
2014,112.293771428571
2015,122.435448571429
2016,0
2017,100
2018,100
2019,100
