Time,EVI
Jul 2000,0.1999071
Jul 2001,0.2840091
Jul 2002,0.2139146
Jul 2003,0.2103552
Jul 2004,0.1894049
Jul 2005,0.2037056
Jul 2006,0.1758698
Jul 2007,0.2516873
Jul 2008,0.1952042
Jul 2009,0.155172
Jul 2010,0.1941171
Jul 2011,0.2395524
Jul 2012,0.1653971
Jul 2013,0.1849272
Jul 2014,0.2146388
Jul 2015,0.2253998
Jul 2016,0.2599839
Jul 2017,0.1976223
Jul 2018,0.237575
Jul 2019,0.2659259
