Time,EVI
Oct 2000,0.3235098
Oct 2001,0.2762867
Oct 2002,0.2775836
Oct 2003,0.3358653
Oct 2004,0.3427731
Oct 2005,0.3024716
Oct 2006,0.2974031
Oct 2007,0.2997212
Oct 2008,0.2901033
Oct 2009,0.3286623
Oct 2010,0.3017538
Oct 2011,0.3217887
Oct 2012,0.3414359
Oct 2013,0.3440468
Oct 2014,0.3703751
Oct 2015,0.3307555
Oct 2016,0.3339726
Oct 2017,0.3455157
Oct 2018,0.3459994
Oct 2019,0.3596151
