Time,Soil Water Index with Characteristic Time Length of 15 Days
Jul 2007,33.25805
Jul 2008,28.5
Jul 2009,32.09677
Jul 2010,27.95161
Jul 2011,26.69354
Jul 2012,32.17742
Jul 2013,28.43549
Jul 2014,31.51613
Jul 2015,27.66129
Jul 2016,31.59677
Jul 2017,28.75806
