Time,EVI
Jul 2000,0.187661
Jul 2001,0.1888853
Jul 2002,0.1753848
Jul 2003,0.1581644
Jul 2004,0.1838095
Jul 2005,0.1420923
Jul 2006,0.1775817
Jul 2007,0.2145245
Jul 2008,0.1710781
Jul 2009,0.1441862
Jul 2010,0.1852339
Jul 2011,0.1656575
Jul 2012,0.1636909
Jul 2013,0.1868865
Jul 2014,0.1946999
Jul 2015,0.1776906
Jul 2016,0.1980363
Jul 2017,0.1912967
Jul 2018,0.1551734
Jul 2019,0.1991382
