Time,EVI
Oct 2000,0.2789246
Oct 2001,0.2593386
Oct 2002,0.2195857
Oct 2003,0.2581348
Oct 2004,0.2233223
Oct 2005,0.237721
Oct 2006,0.2335069
Oct 2007,0.2451336
Oct 2008,0.2526174
Oct 2009,0.2374271
Oct 2010,0.2419772
Oct 2011,0.2498618
Oct 2012,0.2358325
Oct 2013,0.2481757
Oct 2014,0.2808309
Oct 2015,0.2534586
Oct 2016,0.2640862
Oct 2017,0.2507827
Oct 2018,0.2775079
Oct 2019,0.2616043
