Time,Soil Water Index with Characteristic Time Length of 15 Days
Oct 2007,4.741936
Oct 2008,3.806451
Oct 2009,2.225806
Oct 2010,6.612902
Oct 2011,5.98387
Oct 2012,5.338709
Oct 2013,5.709676
Oct 2014,8.661291
Oct 2015,5.725805
Oct 2016,6.951612
Oct 2017,6.080645
