Time,EVI
Jul 2000,0.2057275
Jul 2001,0.2382548
Jul 2002,0.1597755
Jul 2003,0.2050706
Jul 2004,0.2240649
Jul 2005,0.1870817
Jul 2006,0.2188615
Jul 2007,0.2310214
Jul 2008,0.1962285
Jul 2009,0.1529585
Jul 2010,0.1987515
Jul 2011,0.1880219
Jul 2012,0.1949362
Jul 2013,0.2091643
Jul 2014,0.21336
Jul 2015,0.1935734
Jul 2016,0.2105906
Jul 2017,0.230334
Jul 2018,0.1812789
Jul 2019,0.1782073
