Time,Soil Water Index with Characteristic Time Length of 15 Days
Jul 2007,35.33871
Jul 2008,27.57258
Jul 2009,30.79032
Jul 2010,26.95968
Jul 2011,27.16129
Jul 2012,33.35484
Jul 2013,27.9758
Jul 2014,31.02419
Jul 2015,25.45967
Jul 2016,31.75806
Jul 2017,28.03226
