Time,EVI
Oct 2000,0.319402
Oct 2001,0.2489261
Oct 2002,0.2483442
Oct 2003,0.2609801
Oct 2004,0.2675849
Oct 2005,0.2881189
Oct 2006,0.2578438
Oct 2007,0.2596272
Oct 2008,0.2876102
Oct 2009,0.2687078
Oct 2010,0.2820911
Oct 2011,0.2866361
Oct 2012,0.2883533
Oct 2013,0.2634872
Oct 2014,0.2925918
Oct 2015,0.2581491
Oct 2016,0.2822994
Oct 2017,0.2635401
Oct 2018,0.3095653
Oct 2019,0.2834777
