Time,Soil Water Index with Characteristic Time Length of 15 Days
Oct 2007,4.701613
Oct 2008,3.580645
Oct 2009,2.596775
Oct 2010,5.717741
Oct 2011,5.959677
Oct 2012,5.919355
Oct 2013,5.040322
Oct 2014,8.379033
Oct 2015,4.483871
Oct 2016,7.395162
Oct 2017,5.467742
