Time,Soil Water Index with Characteristic Time Length of 15 Days
Jul 2007,54.56049
Jul 2008,39.64515
Jul 2009,40.97581
Jul 2010,39.12903
Jul 2011,43.9879
Jul 2012,47.8871
Jul 2013,39.79839
Jul 2014,40.64516
Jul 2015,27.72177
Jul 2016,45.68145
Jul 2017,38.72178
