Time,EVI
Jul 2000,0.1078768
Jul 2001,0.1286214
Jul 2002,0.1084241
Jul 2003,0.1066691
Jul 2004,0.1010394
Jul 2005,0.1184728
Jul 2006,0.1188148
Jul 2007,0.1222676
Jul 2008,0.1116468
Jul 2009,0.08910296
Jul 2010,0.1185629
Jul 2011,0.1217609
Jul 2012,0.1291039
Jul 2013,0.1231658
Jul 2014,0.1136003
Jul 2015,0.1039443
Jul 2016,0.1154059
Jul 2017,0.1263119
Jul 2018,0.1087508
Jul 2019,0.129383
