Time,Soil Water Index with Characteristic Time Length of 15 Days
Oct 2007,13.35484
Oct 2008,6.088709
Oct 2009,5.862904
Oct 2010,14.03225
Oct 2011,9.399194
Oct 2012,10.79032
Oct 2013,10.79435
Oct 2014,12.23387
Oct 2015,6.28629
Oct 2016,11.66935
Oct 2017,11.04436
