Time,EVI
Oct 2000,0.162798
Oct 2001,0.1609034
Oct 2002,0.1345958
Oct 2003,0.1582487
Oct 2004,0.1314223
Oct 2005,0.1444196
Oct 2006,0.1547996
Oct 2007,0.1642319
Oct 2008,0.1355051
Oct 2009,0.1422701
Oct 2010,0.1540466
Oct 2011,0.1419464
Oct 2012,0.1508174
Oct 2013,0.1570381
Oct 2014,0.1663667
Oct 2015,0.1358909
Oct 2016,0.1531164
Oct 2017,0.1560485
Oct 2018,0.1572116
Oct 2019,0.1596577
