Time,Soil Water Index with Characteristic Time Length of 15 Days
Jul 2007,27.30242
Jul 2008,22.7379
Jul 2009,29.53226
Jul 2010,24.10484
Jul 2011,24.86291
Jul 2012,27.7379
Jul 2013,25.39516
Jul 2014,28.18144
Jul 2015,22.16532
Jul 2016,27.60483
Jul 2017,23.59274
