Time,EVI
Jul 2000,0.2046847
Jul 2001,0.2815874
Jul 2002,0.2224623
Jul 2003,0.194249
Jul 2004,0.2257163
Jul 2005,0.2743691
Jul 2006,0.2349704
Jul 2007,0.2441323
Jul 2008,0.2185804
Jul 2009,0.1538239
Jul 2010,0.2420565
Jul 2011,0.2467821
Jul 2012,0.2185505
Jul 2013,0.2164354
Jul 2014,0.2439891
Jul 2015,0.2392614
Jul 2016,0.2658977
Jul 2017,0.2703935
Jul 2018,0.199231
Jul 2019,0.2799109
