Time,EVI
Oct 2000,0.2913475
Oct 2001,0.2638242
Oct 2002,0.1942705
Oct 2003,0.2765297
Oct 2004,0.2437484
Oct 2005,0.2505538
Oct 2006,0.2396602
Oct 2007,0.2362024
Oct 2008,0.2394873
Oct 2009,0.251848
Oct 2010,0.2553065
Oct 2011,0.2593622
Oct 2012,0.2486101
Oct 2013,0.280973
Oct 2014,0.3019532
Oct 2015,0.2351523
Oct 2016,0.2563947
Oct 2017,0.2626393
Oct 2018,0.2911453
Oct 2019,0.2936895
