"Harvest Year","Payout"
1983,38.2379576426025
1984,0
1985,100
1986,0
1987,59.4826782828283
1988,100
1989,100
1990,100
1991,69.0504186363637
1992,100
1993,0
1994,0
1995,100
1996,29.6066272727273
1997,0
1998,0
1999,100
2000,0
2001,3.71140909090909
2002,127.15005
2003,0
2004,0
2005,0
2006,0
2007,0
2008,100
2009,0
2010,100
2011,22.2108727272727
2012,0
2013,100
2014,100
2015,100
2016,0
2017,100
2018,100
2019,27.6137727272727
