Time,Soil Water Index with Characteristic Time Length of 15 Days
Jul 2007,25.90323
Jul 2008,17.26613
Jul 2009,21.54839
Jul 2010,21.12097
Jul 2011,20.87097
Jul 2012,24.06452
Jul 2013,21.86291
Jul 2014,21.07258
Jul 2015,18.25
Jul 2016,23.95968
Jul 2017,21.24193
