Time,EVI
Jul 2000,0.1797277
Jul 2001,0.2027998
Jul 2002,0.1629526
Jul 2003,0.1480142
Jul 2004,0.1341207
Jul 2005,0.148794
Jul 2006,0.1583879
Jul 2007,0.2089877
Jul 2008,0.1584397
Jul 2009,0.1429164
Jul 2010,0.1663388
Jul 2011,0.2000416
Jul 2012,0.183836
Jul 2013,0.1936678
Jul 2014,0.1550837
Jul 2015,0.1433576
Jul 2016,0.181582
Jul 2017,0.1565143
Jul 2018,0.1908133
Jul 2019,0.1881279
