Time,EVI
Oct 2000,0.3000732
Oct 2001,0.2664303
Oct 2002,0.2514651
Oct 2003,0.2361923
Oct 2004,0.1956567
Oct 2005,0.2251859
Oct 2006,0.2511728
Oct 2007,0.269061
Oct 2008,0.2430856
Oct 2009,0.2339801
Oct 2010,0.2733073
Oct 2011,0.2785231
Oct 2012,0.2515714
Oct 2013,0.2090275
Oct 2014,0.2703886
Oct 2015,0.2021744
Oct 2016,0.2296675
Oct 2017,0.2607041
Oct 2018,0.2671385
Oct 2019,0.2571182
