Time,Soil Water Index with Characteristic Time Length of 15 Days
Oct 2007,2.532258
Oct 2008,1.758065
Oct 2009,1.354839
Oct 2010,2.822581
Oct 2011,2.354839
Oct 2012,2.443549
Oct 2013,2.629032
Oct 2014,4.741935
Oct 2015,2.596774
Oct 2016,4.306453
Oct 2017,5.516129
