"Harvest Year","Payout"
1983,30.1727258823529
1984,0
1985,0
1986,0
1987,72.8488035185185
1988,0
1989,100
1990,31.7618066666667
1991,0
1992,100
1993,0
1994,0
1995,0
1996,0
1997,40
1998,0
1999,100
2000,0
2001,140
2002,100
2003,0
2004,40
2005,0
2006,0
2007,0
2008,100
2009,0
2010,13.83935
2011,0
2012,0
2013,0.836376666666652
2014,100
2015,100
2016,0
2017,0
2018,0
2019,48.2578566666667
