"Harvest Year","Payout"
1983,0
1984,15.5243883333333
1985,0
1986,0
1987,91.3163159153439
1988,100
1989,130.703803333333
1990,100
1991,0
1992,100
1993,0
1994,0
1995,100
1996,0
1997,0
1998,0
1999,100
2000,0
2001,100
2002,161.834084333333
2003,51.314401
2004,100.844615
2005,100
2006,16.252688
2007,0
2008,100
2009,100
2010,100
2011,0
2012,0
2013,100
2014,0
2015,0
2016,0
2017,26.67057
2018,100
2019,141.331613333333
