"year","SWI"
2007,58.52008
2008,42.55359
2009,46.08606
2010,43.70965
2011,43.39877
2012,52.33252
2013,48.38683
2014,36.73088
2015,32.03155
2016,51.40753
2017,45.12291
