Time,EVI
Aug 2000,0.2934302
Aug 2001,0.3177579
Aug 2002,0.2746687
Aug 2003,0.2899998
Aug 2004,0.2660854
Aug 2005,0.280422
Aug 2006,0.2448889
Aug 2007,0.3220113
Aug 2008,0.2151889
Aug 2009,0.2145218
Aug 2010,0.2877976
Aug 2011,0.2937116
Aug 2012,0.2800992
Aug 2013,0.2925946
Aug 2014,0.260216
Aug 2015,0.1980253
Aug 2016,0.2912261
Aug 2017,0.2476955
Aug 2018,0.2776914
Aug 2019,0.2979157
