Time,EVI
Oct 2000,0.3365189
Oct 2001,0.2894853
Oct 2002,0.2697557
Oct 2003,0.2538047
Oct 2004,0.2245736
Oct 2005,0.2352964
Oct 2006,0.2440993
Oct 2007,0.2585613
Oct 2008,0.2552828
Oct 2009,0.2051047
Oct 2010,0.2749285
Oct 2011,0.2724245
Oct 2012,0.2522627
Oct 2013,0.2521357
Oct 2014,0.327642
Oct 2015,0.1986507
Oct 2016,0.2297144
Oct 2017,0.2893578
Oct 2018,0.2909552
Oct 2019,0.2849951
