"year","SWI"
2007,16.42104
2008,17.13534
2009,9.818337
2010,19.81449
2011,11.89454
2012,18.05868
2013,23.69659
2014,34.68254
2015,11.96601
2016,20.75068
2017,27.26206
