"Harvest Year","Payout"
1983,11.9482839748245
1984,187.561237037037
1985,100
1986,0
1987,35.2689090534979
1988,100
1989,140.848085185185
1990,100
1991,134.430777777778
1992,0
1993,0
1994,100
1995,100
1996,1.30754444444445
1997,0
1998,0
1999,100
2000,0
2001,0
2002,142.769525925926
2003,0
2004,100
2005,0
2006,22.9002111111111
2007,0
2008,100
2009,0
2010,0
2011,0
2012,0
2013,100
2014,100
2015,100
2016,0
2017,100
2018,100
2019,51.7616148148148
