Time,Soil Water Index with Characteristic Time Length of 15 Days
Jul 2007,34.90322
Jul 2008,29.80646
Jul 2009,33.20968
Jul 2010,29.65323
Jul 2011,27.13709
Jul 2012,33.66936
Jul 2013,28.81452
Jul 2014,33.37903
Jul 2015,28.58064
Jul 2016,33.1129
Jul 2017,30.09677
