Time,EVI
Jul 2000,0.1737836
Jul 2001,0.1788575
Jul 2002,0.1508674
Jul 2003,0.1438547
Jul 2004,0.1537738
Jul 2005,0.1471996
Jul 2006,0.1751331
Jul 2007,0.1771449
Jul 2008,0.148477
Jul 2009,0.1294982
Jul 2010,0.1435859
Jul 2011,0.138322
Jul 2012,0.1552639
Jul 2013,0.1552739
Jul 2014,0.1608609
Jul 2015,0.1412209
Jul 2016,0.1778611
Jul 2017,0.1673181
Jul 2018,0.1374163
Jul 2019,0.1883898
