Time,EVI
Oct 2000,0.2269933
Oct 2001,0.2340205
Oct 2002,0.1905153
Oct 2003,0.229662
Oct 2004,0.1877867
Oct 2005,0.2068137
Oct 2006,0.2148621
Oct 2007,0.2357471
Oct 2008,0.2216376
Oct 2009,0.1973585
Oct 2010,0.2192959
Oct 2011,0.2222297
Oct 2012,0.2108175
Oct 2013,0.2189161
Oct 2014,0.24106
Oct 2015,0.2129253
Oct 2016,0.2221481
Oct 2017,0.2164027
Oct 2018,0.240415
Oct 2019,0.2242677
