Time,Soil Water Index with Characteristic Time Length of 15 Days
Oct 2007,4.508064
Oct 2008,3.637096
Oct 2009,2.16129
Oct 2010,6.959676
Oct 2011,5.612904
Oct 2012,5.5
Oct 2013,5.862903
Oct 2014,8.919357
Oct 2015,5.354839
Oct 2016,7.419355
Oct 2017,6.008065
