Time,EVI
Jul 2000,0.1543841
Jul 2001,0.2242013
Jul 2002,0.1396195
Jul 2003,0.1387429
Jul 2004,0.1515749
Jul 2005,0.1445479
Jul 2006,0.1400072
Jul 2007,0.2066895
Jul 2008,0.1479077
Jul 2009,0.138783
Jul 2010,0.1639978
Jul 2011,0.1472429
Jul 2012,0.1553238
Jul 2013,0.1765978
Jul 2014,0.1635492
Jul 2015,0.1260719
Jul 2016,0.1604784
Jul 2017,0.1614745
Jul 2018,0.1815596
Jul 2019,0.2047149
