Time,Soil Water Index with Characteristic Time Length of 15 Days
Jul 2007,31.24193
Jul 2008,23.06452
Jul 2009,26.58065
Jul 2010,24.06452
Jul 2011,25.56451
Jul 2012,30.08064
Jul 2013,27.93548
Jul 2014,25.96774
Jul 2015,21.85483
Jul 2016,29.01613
Jul 2017,25.56452
