Time,Soil Water Index with Characteristic Time Length of 15 Days
Oct 2007,3.870968
Oct 2008,2.403226
Oct 2009,1.887097
Oct 2010,3.854837
Oct 2011,3.790322
Oct 2012,3.419354
Oct 2013,3.274193
Oct 2014,5.403225
Oct 2015,3.32258
Oct 2016,5.854838
Oct 2017,6.516129
