Time,EVI
Oct 2000,0.2677063
Oct 2001,0.2350391
Oct 2002,0.1902699
Oct 2003,0.230156
Oct 2004,0.1988276
Oct 2005,0.2113785
Oct 2006,0.2409828
Oct 2007,0.2406066
Oct 2008,0.2208219
Oct 2009,0.2187121
Oct 2010,0.2482071
Oct 2011,0.2697274
Oct 2012,0.2312172
Oct 2013,0.2159651
Oct 2014,0.280479
Oct 2015,0.1890103
Oct 2016,0.2438453
Oct 2017,0.2621408
Oct 2018,0.2508457
Oct 2019,0.2276229
