Time,EVI
Jul 2000,0.1157583
Jul 2001,0.1939545
Jul 2002,0.1270301
Jul 2003,0.1294947
Jul 2004,0.151335
Jul 2005,0.2008662
Jul 2006,0.1672876
Jul 2007,0.1725964
Jul 2008,0.09621041
Jul 2009,0.1081443
Jul 2010,0.1562112
Jul 2011,0.1333686
Jul 2012,0.1548857
Jul 2013,0.1286874
Jul 2014,0.1473017
Jul 2015,0.1335568
Jul 2016,0.2022815
Jul 2017,0.2187984
Jul 2018,0.171144
Jul 2019,0.1985
