Time,EVI
Oct 2000,0.3907785
Oct 2001,0.3423226
Oct 2002,0.2733921
Oct 2003,0.2801538
Oct 2004,0.2256437
Oct 2005,0.2958757
Oct 2006,0.2422762
Oct 2007,0.2555827
Oct 2008,0.2522719
Oct 2009,0.2202512
Oct 2010,0.3117916
Oct 2011,0.3047319
Oct 2012,0.3042207
Oct 2013,0.264361
Oct 2014,0.3954407
Oct 2015,0.2001981
Oct 2016,0.2648053
Oct 2017,0.3518884
Oct 2018,0.3195205
Oct 2019,0.3245913
