Time,Soil Water Index with Characteristic Time Length of 15 Days
Oct 2007,13.91129
Oct 2008,13.54839
Oct 2009,8.080645
Oct 2010,21.86291
Oct 2011,10.48387
Oct 2012,16.98387
Oct 2013,24.06452
Oct 2014,39.1774
Oct 2015,11.27419
Oct 2016,22.21774
Oct 2017,28.72581
