Time,EVI
Jul 2000,0.103553
Jul 2001,0.1271126
Jul 2002,0.1411953
Jul 2003,0.1027708
Jul 2004,0.1128277
Jul 2005,0.1121427
Jul 2006,0.09442995
Jul 2007,0.1233789
Jul 2008,0.1047725
Jul 2009,0.08796109
Jul 2010,0.1385307
Jul 2011,0.1480915
Jul 2012,0.104724
Jul 2013,0.1079775
Jul 2014,0.1173101
Jul 2015,0.1388509
Jul 2016,0.1048666
Jul 2017,0.1162691
Jul 2018,0.1414264
Jul 2019,0.1442185
