Time,Soil Water Index with Characteristic Time Length of 15 Days
Jul 2007,76.91129
Jul 2008,61.9758
Jul 2009,63.25
Jul 2010,62.6613
Jul 2011,65.42741
Jul 2012,72.79837
Jul 2013,72.69355
Jul 2014,58.6129
Jul 2015,56.83065
Jul 2016,72.10484
Jul 2017,64.58871
