Time,Soil Water Index with Characteristic Time Length of 15 Days
Oct 2007,18.51613
Oct 2008,16.80645
Oct 2009,18.92742
Oct 2010,17.85484
Oct 2011,15.21774
Oct 2012,20.09677
Oct 2013,23.82258
Oct 2014,21.74194
Oct 2015,14.29032
Oct 2016,19.16936
Oct 2017,22.90322
