Time,EVI
Oct 2000,0.2779644
Oct 2001,0.237937
Oct 2002,0.2484899
Oct 2003,0.2618733
Oct 2004,0.3371759
Oct 2005,0.2318123
Oct 2006,0.2478224
Oct 2007,0.2487989
Oct 2008,0.2328448
Oct 2009,0.27882
Oct 2010,0.2622536
Oct 2011,0.29948
Oct 2012,0.284788
Oct 2013,0.3148267
Oct 2014,0.3494565
Oct 2015,0.3908254
Oct 2016,0.3912068
Oct 2017,0.3390769
Oct 2018,0.3058991
Oct 2019,0.3302045
