"Harvest Year","Payout"
1983,16.8993514378151
1984,0
1985,100
1986,0
1987,25.43153125
1988,0
1989,34.5992906944444
1990,0
1991,0
1992,55.316980625
1993,0
1994,0
1995,0
1996,0
1997,0
1998,0
1999,0
2000,0
2001,0
2002,4.94862187500003
2003,0
2004,17.670053125
2005,0
2006,4.87018749999999
2007,0
2008,0
2009,0
2010,0
2011,0
2012,0
2013,0
2014,100
2015,68.1351903125
2016,0
2017,100
2018,0
2019,0
