"Harvest Year","Payout"
1983,70.3095170503268
1984,22.2348072722223
1985,89.4190410416668
1986,0
1987,8.45305578412703
1988,100
1989,38.610428
1990,92.528506
1991,0
1992,46.676325
1993,0
1994,0
1995,0
1996,0
1997,0
1998,0
1999,0
2000,0
2001,16
2002,134.229505
2003,0
2004,0
2005,0
2006,0
2007,0
2008,0
2009,0
2010,0
2011,0
2012,21.883625
2013,0
2014,74.7128225
2015,87.960145
2016,0
2017,0
2018,0
2019,0
