"Harvest Year","Payout"
1983,0
1984,178.799985714286
1985,100
1986,0
1987,139.432057739985
1988,100
1989,115.786814285714
1990,100
1991,11.4180285714286
1992,100
1993,0
1994,100
1995,100
1996,49.1723857142857
1997,0
1998,0
1999,100
2000,0
2001,0
2002,141.321185714286
2003,0
2004,0
2005,0
2006,127.162033333333
2007,0
2008,100
2009,100
2010,0
2011,0
2012,0
2013,100
2014,100
2015,100
2016,0
2017,100
2018,0
2019,7.56209999999999
