Time,Soil Water Index with Characteristic Time Length of 15 Days
Jul 2007,43.45161
Jul 2008,31.63709
Jul 2009,33.44758
Jul 2010,33.1008
Jul 2011,33.8629
Jul 2012,38.79032
Jul 2013,35.16936
Jul 2014,31.25403
Jul 2015,25.75
Jul 2016,37.54436
Jul 2017,33.81049
