Time,EVI
Jul 2000,0.1352657
Jul 2001,0.1513024
Jul 2002,0.1261719
Jul 2003,0.1556768
Jul 2004,0.1328204
Jul 2005,0.1512287
Jul 2006,0.1492065
Jul 2007,0.1897091
Jul 2008,0.091539
Jul 2009,0.09661762
Jul 2010,0.1454962
Jul 2011,0.121363
Jul 2012,0.1529142
Jul 2013,0.1125439
Jul 2014,0.138877
Jul 2015,0.1433218
Jul 2016,0.1693956
Jul 2017,0.170942
Jul 2018,0.1581316
Jul 2019,0.1987335
