Time,Soil Water Index with Characteristic Time Length of 15 Days
Oct 2007,17.20564
Oct 2008,17.54436
Oct 2009,10.20161
Oct 2010,23.32661
Oct 2011,13.35081
Oct 2012,21.03226
Oct 2013,24.68145
Oct 2014,39.7621
Oct 2015,13.42742
Oct 2016,23.375
Oct 2017,31.02822
