Time,EVI
Oct 2000,0.3750086
Oct 2001,0.3290526
Oct 2002,0.2837299
Oct 2003,0.3100716
Oct 2004,0.2147376
Oct 2005,0.2433935
Oct 2006,0.2896466
Oct 2007,0.3219761
Oct 2008,0.2614067
Oct 2009,0.1374219
Oct 2010,0.297379
Oct 2011,0.3249818
Oct 2012,0.3122662
Oct 2013,0.2501163
Oct 2014,0.3781606
Oct 2015,0.1585192
Oct 2016,0.2553642
Oct 2017,0.368487
Oct 2018,0.3458146
Oct 2019,0.3101171
