"Harvest Year","Payout"
1983,75.9878924235294
1984,100
1985,100
1986,0
1987,56.7493024111111
1988,100
1989,100
1990,100
1991,0
1992,100
1993,0
1994,100
1995,100
1996,65.173244
1997,0
1998,0
1999,100
2000,0
2001,100
2002,172.7643
2003,0
2004,0
2005,0
2006,105.028696
2007,0
2008,0
2009,100
2010,100
2011,0
2012,0
2013,100
2014,100
2015,0
2016,0
2017,100
2018,0
2019,27.347352
