Time,EVI
Jul 2000,0.2098002
Jul 2001,0.2934725
Jul 2002,0.2960678
Jul 2003,0.2684226
Jul 2004,0.2459897
Jul 2005,0.2126849
Jul 2006,0.2502571
Jul 2007,0.2851751
Jul 2008,0.2657784
Jul 2009,0.1801538
Jul 2010,0.2268918
Jul 2011,0.2210985
Jul 2012,0.198982
Jul 2013,0.1708896
Jul 2014,0.2264369
Jul 2015,0.2096855
Jul 2016,0.1743551
Jul 2017,0.2039162
Jul 2018,0.1862102
Jul 2019,0.2613421
