Time,EVI
Oct 2000,0.390878
Oct 2001,0.365234
Oct 2002,0.3395528
Oct 2003,0.3716882
Oct 2004,0.3697111
Oct 2005,0.3546068
Oct 2006,0.3534265
Oct 2007,0.334218
Oct 2008,0.3187765
Oct 2009,0.35453
Oct 2010,0.3134764
Oct 2011,0.3185273
Oct 2012,0.3562362
Oct 2013,0.3526136
Oct 2014,0.3286832
Oct 2015,0.3249912
Oct 2016,0.3073114
Oct 2017,0.3146832
Oct 2018,0.3737758
Oct 2019,0.364757
