Time,EVI
Aug 2000,0.3714704
Aug 2001,0.3987565
Aug 2002,0.4000099
Aug 2003,0.4102776
Aug 2004,0.3860049
Aug 2005,0.3864438
Aug 2006,0.3876867
Aug 2007,0.4114157
Aug 2008,0.3564399
Aug 2009,0.4004556
Aug 2010,0.333204
Aug 2011,0.349434
Aug 2012,0.383231
Aug 2013,0.400913
Aug 2014,0.3557071
Aug 2015,0.3469719
Aug 2016,0.3617886
Aug 2017,0.3780414
Aug 2018,0.3864049
Aug 2019,0.3599733
