"year","SWI"
2007,81.06658
2008,67.66142
2009,65.09679
2010,63.48799
2011,69.68153
2012,75.58944
2013,76.077
2014,60.67687
2015,56.0458
2016,74.50687
2017,67.44521
