Time,EVI
Oct 2000,0.2669134
Oct 2001,0.2435836
Oct 2002,0.2074666
Oct 2003,0.2642932
Oct 2004,0.2259644
Oct 2005,0.2291928
Oct 2006,0.2330284
Oct 2007,0.2452655
Oct 2008,0.2221174
Oct 2009,0.2390376
Oct 2010,0.2359714
Oct 2011,0.2263985
Oct 2012,0.2306868
Oct 2013,0.2432862
Oct 2014,0.2699297
Oct 2015,0.2170884
Oct 2016,0.2227727
Oct 2017,0.2337303
Oct 2018,0.2413957
Oct 2019,0.2536375
