"year","SWI"
2007,13.69611
2008,10.38433
2009,8.413435
2010,17.29008
2011,12.73504
2012,12.06122
2013,21.26343
2014,23.68998
2015,14.50791
2016,18.03668
2017,13.71064
