Time,EVI
Jul 2000,0.2093419
Jul 2001,0.2831203
Jul 2002,0.2072917
Jul 2003,0.1908371
Jul 2004,0.1982183
Jul 2005,0.1848143
Jul 2006,0.1787252
Jul 2007,0.2660899
Jul 2008,0.1950323
Jul 2009,0.1718093
Jul 2010,0.1868289
Jul 2011,0.2016379
Jul 2012,0.2069763
Jul 2013,0.2504876
Jul 2014,0.2009627
Jul 2015,0.1738781
Jul 2016,0.2283463
Jul 2017,0.1837773
Jul 2018,0.2210896
Jul 2019,0.2040989
