Time,Soil Water Index with Characteristic Time Length of 15 Days
Jul 2007,25.97581
Jul 2008,15.49193
Jul 2009,20.00807
Jul 2010,17.87903
Jul 2011,18.83871
Jul 2012,22.78226
Jul 2013,21.71774
Jul 2014,18.58064
Jul 2015,15.79839
Jul 2016,22.30645
Jul 2017,18.56451
