Time,EVI
Oct 2000,0.2596039
Oct 2001,0.2598768
Oct 2002,0.2005662
Oct 2003,0.2408634
Oct 2004,0.2171461
Oct 2005,0.235701
Oct 2006,0.2497293
Oct 2007,0.255771
Oct 2008,0.234209
Oct 2009,0.2244112
Oct 2010,0.2664634
Oct 2011,0.2826275
Oct 2012,0.2526742
Oct 2013,0.2323664
Oct 2014,0.2716616
Oct 2015,0.231006
Oct 2016,0.2525139
Oct 2017,0.2616755
Oct 2018,0.2441476
Oct 2019,0.2601192
