Time,Soil Water Index with Characteristic Time Length of 15 Days
Oct 2007,2.346774
Oct 2008,1.266129
Oct 2009,1.709677
Oct 2010,2.225806
Oct 2011,2.362903
Oct 2012,1.983871
Oct 2013,2.024194
Oct 2014,3.580645
Oct 2015,1.475806
Oct 2016,2.846774
Oct 2017,3.266129
