Time,EVI
Jul 2000,0.208353
Jul 2001,0.3361249
Jul 2002,0.2583216
Jul 2003,0.2420066
Jul 2004,0.2808753
Jul 2005,0.1984652
Jul 2006,0.2813789
Jul 2007,0.3077801
Jul 2008,0.2845768
Jul 2009,0.130687
Jul 2010,0.2314698
Jul 2011,0.2342062
Jul 2012,0.2010718
Jul 2013,0.2328974
Jul 2014,0.3402723
Jul 2015,0.2943688
Jul 2016,0.2960305
Jul 2017,0.2814199
Jul 2018,0.2950726
Jul 2019,0.3371992
