Time,Soil Water Index with Characteristic Time Length of 15 Days
Jul 2007,81.25805
Jul 2008,72.17741
Jul 2009,68.38709
Jul 2010,71.48386
Jul 2011,74.25805
Jul 2012,80.46774
Jul 2013,79.58064
Jul 2014,68.08063
Jul 2015,64.74194
Jul 2016,79.8387
Jul 2017,70.67741
