Time,EVI
Oct 2000,0.3700676
Oct 2001,0.2947871
Oct 2002,0.2765162
Oct 2003,0.3387356
Oct 2004,0.3302231
Oct 2005,0.3480026
Oct 2006,0.3150191
Oct 2007,0.2907817
Oct 2008,0.2624472
Oct 2009,0.3317602
Oct 2010,0.308227
Oct 2011,0.3261573
Oct 2012,0.2840901
Oct 2013,0.3396168
Oct 2014,0.3235201
Oct 2015,0.3122868
Oct 2016,0.3127404
Oct 2017,0.2971942
Oct 2018,0.3248992
Oct 2019,0.3297796
