Time,Soil Water Index with Characteristic Time Length of 15 Days
Oct 2007,25.51612
Oct 2008,25.14516
Oct 2009,28.40322
Oct 2010,31.30645
Oct 2011,27.77419
Oct 2012,24.16129
Oct 2013,36.06451
Oct 2014,35.30645
Oct 2015,33.30645
Oct 2016,36.70967
Oct 2017,37.95161
