Time,Soil Water Index with Characteristic Time Length of 15 Days
Jul 2007,24.39113
Jul 2008,13.82258
Jul 2009,18.2258
Jul 2010,16.10484
Jul 2011,16.77419
Jul 2012,20.41129
Jul 2013,19.35081
Jul 2014,16.64919
Jul 2015,14.3629
Jul 2016,20.16936
Jul 2017,16.38306
