Time,EVI
Jul 2000,0.1708802
Jul 2001,0.2750268
Jul 2002,0.1444902
Jul 2003,0.1838176
Jul 2004,0.1606964
Jul 2005,0.1749192
Jul 2006,0.1718877
Jul 2007,0.2613161
Jul 2008,0.1789072
Jul 2009,0.147034
Jul 2010,0.1913324
Jul 2011,0.210729
Jul 2012,0.2323864
Jul 2013,0.2671904
Jul 2014,0.1609
Jul 2015,0.1676488
Jul 2016,0.2289353
Jul 2017,0.1732011
Jul 2018,0.2116045
Jul 2019,0.1855623
