Time,Soil Water Index with Characteristic Time Length of 15 Days
Oct 2007,2.012097
Oct 2008,1.298387
Oct 2009,1.794355
Oct 2010,1.899193
Oct 2011,2.177419
Oct 2012,1.826612
Oct 2013,1.870968
Oct 2014,3.177419
Oct 2015,1.459677
Oct 2016,2.366936
Oct 2017,2.657258
