Time,EVI
Oct 2000,0.2337421
Oct 2001,0.2173552
Oct 2002,0.2011444
Oct 2003,0.2081372
Oct 2004,0.1866082
Oct 2005,0.205442
Oct 2006,0.213171
Oct 2007,0.2204467
Oct 2008,0.2081378
Oct 2009,0.19993
Oct 2010,0.2390003
Oct 2011,0.2440477
Oct 2012,0.2090015
Oct 2013,0.1945047
Oct 2014,0.2268162
Oct 2015,0.2005289
Oct 2016,0.2201704
Oct 2017,0.2300591
Oct 2018,0.2345328
Oct 2019,0.2211326
