Time,EVI
Jul 2000,0.2153025
Jul 2001,0.2693035
Jul 2002,0.2912542
Jul 2003,0.2288669
Jul 2004,0.2526528
Jul 2005,0.1754298
Jul 2006,0.1991041
Jul 2007,0.2670335
Jul 2008,0.3142602
Jul 2009,0.1730596
Jul 2010,0.2613436
Jul 2011,0.3034261
Jul 2012,0.1996832
Jul 2013,0.2548684
Jul 2014,0.265375
Jul 2015,0.2539934
Jul 2016,0.217713
Jul 2017,0.2328707
Jul 2018,0.2294919
Jul 2019,0.2975295
