Time,Soil Water Index with Characteristic Time Length of 15 Days
Jul 2007,80.12904
Jul 2008,67.91934
Jul 2009,63.75807
Jul 2010,62.83871
Jul 2011,69.0
Jul 2012,75.29838
Jul 2013,76.20967
Jul 2014,62.70161
Jul 2015,59.68549
Jul 2016,72.15321
Jul 2017,67.17742
