Time,EVI
Oct 2000,0.3131421
Oct 2001,0.2561102
Oct 2002,0.2256568
Oct 2003,0.2883601
Oct 2004,0.2556148
Oct 2005,0.2486168
Oct 2006,0.2568657
Oct 2007,0.250664
Oct 2008,0.2216471
Oct 2009,0.2631108
Oct 2010,0.2205944
Oct 2011,0.2283301
Oct 2012,0.2687704
Oct 2013,0.2737796
Oct 2014,0.2649902
Oct 2015,0.2313547
Oct 2016,0.2257058
Oct 2017,0.2339141
Oct 2018,0.2402614
Oct 2019,0.2726761
