Time,Soil Water Index with Characteristic Time Length of 15 Days
Oct 2007,13.31452
Oct 2008,14.5
Oct 2009,11.04839
Oct 2010,16.23387
Oct 2011,15.91129
Oct 2012,15.74193
Oct 2013,22.42742
Oct 2014,31.62902
Oct 2015,16.59678
Oct 2016,18.09677
Oct 2017,17.56452
