Time,EVI
Jul 2000,0.2062708
Jul 2001,0.2614623
Jul 2002,0.1863607
Jul 2003,0.1807406
Jul 2004,0.1951288
Jul 2005,0.1879136
Jul 2006,0.197797
Jul 2007,0.1944213
Jul 2008,0.1914732
Jul 2009,0.1592461
Jul 2010,0.1670212
Jul 2011,0.2081842
Jul 2012,0.1762791
Jul 2013,0.1633977
Jul 2014,0.1896886
Jul 2015,0.1931547
Jul 2016,0.1862905
Jul 2017,0.2264009
Jul 2018,0.1496137
Jul 2019,0.2400699
