Time,Soil Water Index with Characteristic Time Length of 15 Days
Oct 2007,3.790323
Oct 2008,2.516129
Oct 2009,1.693549
Oct 2010,4.419355
Oct 2011,4.403226
Oct 2012,3.290322
Oct 2013,4.193549
Oct 2014,5.306452
Oct 2015,3.032257
Oct 2016,4.806452
Oct 2017,4.258065
