Time,EVI
Oct 2000,0.2432224
Oct 2001,0.2221296
Oct 2002,0.1911544
Oct 2003,0.2228226
Oct 2004,0.1939089
Oct 2005,0.2078667
Oct 2006,0.1988055
Oct 2007,0.2079562
Oct 2008,0.2109769
Oct 2009,0.2085026
Oct 2010,0.2082576
Oct 2011,0.2087445
Oct 2012,0.1997878
Oct 2013,0.2175348
Oct 2014,0.2265147
Oct 2015,0.1867555
Oct 2016,0.2169001
Oct 2017,0.2113384
Oct 2018,0.2218137
Oct 2019,0.2271338
