Time,Soil Water Index with Characteristic Time Length of 15 Days
Jul 2007,46.62096
Jul 2008,35.37096
Jul 2009,37.79033
Jul 2010,37.25001
Jul 2011,39.84676
Jul 2012,44.43547
Jul 2013,37.46774
Jul 2014,40.45161
Jul 2015,28.66935
Jul 2016,41.95162
Jul 2017,35.85484
