Time,EVI
Jul 2000,0.1518143
Jul 2001,0.2111746
Jul 2002,0.1829846
Jul 2003,0.1500369
Jul 2004,0.157497
Jul 2005,0.161571
Jul 2006,0.1507483
Jul 2007,0.1809477
Jul 2008,0.1640871
Jul 2009,0.1273749
Jul 2010,0.1806647
Jul 2011,0.1801721
Jul 2012,0.1553967
Jul 2013,0.1572349
Jul 2014,0.1960606
Jul 2015,0.1771797
Jul 2016,0.162256
Jul 2017,0.2106011
Jul 2018,0.1710151
Jul 2019,0.2190614
