Time,Soil Water Index with Characteristic Time Length of 15 Days
Oct 2007,8.596772
Oct 2008,4.943549
Oct 2009,5.024194
Oct 2010,9.395161
Oct 2011,7.556452
Oct 2012,7.0
Oct 2013,8.556452
Oct 2014,9.75
Oct 2015,5.838709
Oct 2016,7.612903
Oct 2017,8.508063
