Time,EVI
Oct 2000,0.2571761
Oct 2001,0.228974
Oct 2002,0.1731348
Oct 2003,0.2376462
Oct 2004,0.2189741
Oct 2005,0.2142017
Oct 2006,0.2407941
Oct 2007,0.2312914
Oct 2008,0.1806943
Oct 2009,0.2333996
Oct 2010,0.2412531
Oct 2011,0.2502365
Oct 2012,0.2306187
Oct 2013,0.2502334
Oct 2014,0.2476957
Oct 2015,0.2133648
Oct 2016,0.2280814
Oct 2017,0.2168929
Oct 2018,0.2355045
Oct 2019,0.2471343
