Time,Soil Water Index with Characteristic Time Length of 15 Days
Jul 2007,53.80644
Jul 2008,40.88709
Jul 2009,41.43548
Jul 2010,43.20968
Jul 2011,48.67743
Jul 2012,51.43548
Jul 2013,42.56452
Jul 2014,46.48388
Jul 2015,31.6129
Jul 2016,49.72579
Jul 2017,42.87097
