Time,EVI
Jul 2000,0.1284037
Jul 2001,0.1711439
Jul 2002,0.1422235
Jul 2003,0.1400463
Jul 2004,0.122648
Jul 2005,0.1302256
Jul 2006,0.1246559
Jul 2007,0.1439739
Jul 2008,0.1311312
Jul 2009,0.1062939
Jul 2010,0.1648169
Jul 2011,0.1348351
Jul 2012,0.1331511
Jul 2013,0.1331387
Jul 2014,0.1561777
Jul 2015,0.1293315
Jul 2016,0.1391776
Jul 2017,0.1583173
Jul 2018,0.1712391
Jul 2019,0.190211
