Time,Soil Water Index with Characteristic Time Length of 15 Days
Oct 2007,11.67742
Oct 2008,6.096774
Oct 2009,6.064517
Oct 2010,13.22581
Oct 2011,9.741938
Oct 2012,10.17742
Oct 2013,11.46774
Oct 2014,12.48387
Oct 2015,6.822579
Oct 2016,11.24194
Oct 2017,11.06452
