Time,EVI
Oct 2000,0.1939317
Oct 2001,0.2032632
Oct 2002,0.1588498
Oct 2003,0.1933573
Oct 2004,0.1726735
Oct 2005,0.1821897
Oct 2006,0.1953991
Oct 2007,0.2006998
Oct 2008,0.1666891
Oct 2009,0.1765803
Oct 2010,0.1876036
Oct 2011,0.1875
Oct 2012,0.1937803
Oct 2013,0.1890114
Oct 2014,0.2108581
Oct 2015,0.1582826
Oct 2016,0.1908457
Oct 2017,0.1972248
Oct 2018,0.1898182
Oct 2019,0.1906559
