Time,EVI
Jul 2000,0.1392746
Jul 2001,0.2006135
Jul 2002,0.1181035
Jul 2003,0.182362
Jul 2004,0.1913692
Jul 2005,0.1658935
Jul 2006,0.2063692
Jul 2007,0.1594543
Jul 2008,0.1454854
Jul 2009,0.1293823
Jul 2010,0.1429402
Jul 2011,0.1659662
Jul 2012,0.1871412
Jul 2013,0.2100717
Jul 2014,0.1382311
Jul 2015,0.2146065
Jul 2016,0.1796644
Jul 2017,0.1400728
Jul 2018,0.1762532
Jul 2019,0.1579957
