Time,Soil Water Index with Characteristic Time Length of 15 Days
Jul 2007,71.94353
Jul 2008,48.67741
Jul 2009,55.80645
Jul 2010,53.46774
Jul 2011,56.27419
Jul 2012,60.87903
Jul 2013,59.05645
Jul 2014,46.72581
Jul 2015,46.21775
Jul 2016,61.15323
Jul 2017,52.16129
