Time,Soil Water Index with Characteristic Time Length of 15 Days
Oct 2007,10.44355
Oct 2008,9.854837
Oct 2009,7.604836
Oct 2010,12.35484
Oct 2011,12.12903
Oct 2012,9.612904
Oct 2013,17.33871
Oct 2014,21.53225
Oct 2015,10.37903
Oct 2016,15.54032
Oct 2017,17.39515
