Time,EVI
Oct 2000,0.2760897
Oct 2001,0.2005663
Oct 2002,0.2247968
Oct 2003,0.2188525
Oct 2004,0.201205
Oct 2005,0.2300259
Oct 2006,0.2339554
Oct 2007,0.2389628
Oct 2008,0.219531
Oct 2009,0.2225289
Oct 2010,0.2493496
Oct 2011,0.2748944
Oct 2012,0.2088268
Oct 2013,0.250071
Oct 2014,0.2725691
Oct 2015,0.1955826
Oct 2016,0.2085248
Oct 2017,0.2179853
Oct 2018,0.2555612
Oct 2019,0.2537837
