Time,EVI
Aug 2000,0.2950704
Aug 2001,0.3089995
Aug 2002,0.2686339
Aug 2003,0.2955996
Aug 2004,0.2632123
Aug 2005,0.2712001
Aug 2006,0.2759922
Aug 2007,0.3093967
Aug 2008,0.2684854
Aug 2009,0.2810706
Aug 2010,0.2739775
Aug 2011,0.277353
Aug 2012,0.3094334
Aug 2013,0.3168712
Aug 2014,0.2989197
Aug 2015,0.2754963
Aug 2016,0.3018275
Aug 2017,0.2654369
Aug 2018,0.3056165
Aug 2019,0.3085884
