"year","SWI"
2007,28.81778
2008,21.08348
2009,25.26558
2010,20.79046
2011,23.37275
2012,28.38901
2013,25.28378
2014,24.40644
2015,19.75477
2016,26.95284
2017,22.37468
