Time,EVI
Oct 2000,0.2274815
Oct 2001,0.2212064
Oct 2002,0.182306
Oct 2003,0.2097428
Oct 2004,0.185993
Oct 2005,0.2001232
Oct 2006,0.2102535
Oct 2007,0.2128584
Oct 2008,0.197813
Oct 2009,0.1955325
Oct 2010,0.2253682
Oct 2011,0.2330434
Oct 2012,0.2128495
Oct 2013,0.1985394
Oct 2014,0.2391131
Oct 2015,0.1952163
Oct 2016,0.2142469
Oct 2017,0.2202847
Oct 2018,0.2252019
Oct 2019,0.2170555
