"year","SWI"
2007,3.615459
2008,1.983015
2009,1.744576
2010,3.755562
2011,4.334038
2012,3.537546
2013,2.999472
2014,4.943861
2015,2.431301
2016,4.281838
2017,4.047245
