Time,Soil Water Index with Characteristic Time Length of 15 Days
Jul 2007,81.19353
Jul 2008,70.95163
Jul 2009,64.20967
Jul 2010,66.04839
Jul 2011,71.29032
Jul 2012,76.77419
Jul 2013,76.35484
Jul 2014,68.20967
Jul 2015,64.79032
Jul 2016,74.17742
Jul 2017,69.77422
