Time,EVI
Jul 2000,0.2368941
Jul 2001,0.3083882
Jul 2002,0.2845662
Jul 2003,0.2081612
Jul 2004,0.2601695
Jul 2005,0.1952633
Jul 2006,0.2931611
Jul 2007,0.2795149
Jul 2008,0.2940511
Jul 2009,0.1972152
Jul 2010,0.2350935
Jul 2011,0.2774696
Jul 2012,0.2224451
Jul 2013,0.2242231
Jul 2014,0.2530224
Jul 2015,0.2624007
Jul 2016,0.1896769
Jul 2017,0.2664784
Jul 2018,0.2671355
Jul 2019,0.3190458
