Time,Soil Water Index with Characteristic Time Length of 15 Days
Oct 2007,17.93548
Oct 2008,20.91936
Oct 2009,18.25806
Oct 2010,24.20968
Oct 2011,23.85483
Oct 2012,24.1129
Oct 2013,30.85484
Oct 2014,39.29033
Oct 2015,24.79032
Oct 2016,27.41936
Oct 2017,27.32258
