Time,EVI
Oct 2000,0.3318529
Oct 2001,0.2977584
Oct 2002,0.2980578
Oct 2003,0.3179381
Oct 2004,0.3120261
Oct 2005,0.3193382
Oct 2006,0.276796
Oct 2007,0.2708734
Oct 2008,0.2417458
Oct 2009,0.3057201
Oct 2010,0.2891391
Oct 2011,0.2872554
Oct 2012,0.3267601
Oct 2013,0.3024772
Oct 2014,0.2932854
Oct 2015,0.2673298
Oct 2016,0.2665126
Oct 2017,0.2797486
Oct 2018,0.2957349
Oct 2019,0.3240939
