Time,EVI
Jul 2000,0.1629722
Jul 2001,0.2230004
Jul 2002,0.1382893
Jul 2003,0.1604147
Jul 2004,0.1363913
Jul 2005,0.1625607
Jul 2006,0.1692199
Jul 2007,0.2212259
Jul 2008,0.14452
Jul 2009,0.1337455
Jul 2010,0.1424324
Jul 2011,0.1926821
Jul 2012,0.1993498
Jul 2013,0.226185
Jul 2014,0.1659511
Jul 2015,0.1805649
Jul 2016,0.1851749
Jul 2017,0.1703234
Jul 2018,0.1622471
Jul 2019,0.1523274
