Time,EVI
Oct 2000,0.2715985
Oct 2001,0.2597536
Oct 2002,0.2901837
Oct 2003,0.2547092
Oct 2004,0.2042674
Oct 2005,0.265132
Oct 2006,0.259577
Oct 2007,0.2648737
Oct 2008,0.2328294
Oct 2009,0.2295848
Oct 2010,0.2680475
Oct 2011,0.2914224
Oct 2012,0.229407
Oct 2013,0.2278888
Oct 2014,0.3283157
Oct 2015,0.2009177
Oct 2016,0.2339389
Oct 2017,0.2380469
Oct 2018,0.2829752
Oct 2019,0.3011519
