Time,Soil Water Index with Characteristic Time Length of 15 Days
Jul 2007,80.21776
Jul 2008,65.23387
Jul 2009,61.9758
Jul 2010,63.25806
Jul 2011,68.0242
Jul 2012,74.07259
Jul 2013,75.24998
Jul 2014,59.75807
Jul 2015,56.55645
Jul 2016,70.91933
Jul 2017,65.42742
