Time,EVI
Jul 2000,0.2139755
Jul 2001,0.2519633
Jul 2002,0.2115639
Jul 2003,0.1892425
Jul 2004,0.2172919
Jul 2005,0.1979997
Jul 2006,0.2118406
Jul 2007,0.2578385
Jul 2008,0.3007085
Jul 2009,0.1901694
Jul 2010,0.1809633
Jul 2011,0.2508873
Jul 2012,0.1950452
Jul 2013,0.2233289
Jul 2014,0.3039253
Jul 2015,0.3294844
Jul 2016,0.1982275
Jul 2017,0.2716891
Jul 2018,0.3013093
Jul 2019,0.3098376
