Time,EVI
Oct 2000,0.2897775
Oct 2001,0.2324179
Oct 2002,0.2183473
Oct 2003,0.2897521
Oct 2004,0.2256182
Oct 2005,0.232623
Oct 2006,0.2339529
Oct 2007,0.229313
Oct 2008,0.2053778
Oct 2009,0.2535023
Oct 2010,0.2273511
Oct 2011,0.1993474
Oct 2012,0.2408359
Oct 2013,0.2514353
Oct 2014,0.2569782
Oct 2015,0.2326444
Oct 2016,0.2257243
Oct 2017,0.227276
Oct 2018,0.2255073
Oct 2019,0.2562126
