Time,Soil Water Index with Characteristic Time Length of 15 Days
Oct 2007,11.18548
Oct 2008,10.89516
Oct 2009,9.895162
Oct 2010,15.41935
Oct 2011,12.32258
Oct 2012,13.21774
Oct 2013,18.95161
Oct 2014,25.78225
Oct 2015,14.33065
Oct 2016,14.83871
Oct 2017,12.58871
