"Harvest Year","Payout"
1983,0
1984,0
1985,0
1986,0
1987,87.0609080039683
1988,100
1989,176.104475
1990,100
1991,0
1992,100
1993,0
1994,0
1995,0
1996,0
1997,0
1998,0
1999,100
2000,0
2001,107.265766666667
2002,165.030845833333
2003,44.58673125
2004,131.00399375
2005,100
2006,0
2007,0
2008,21.2187204166667
2009,100
2010,100
2011,0
2012,0
2013,100
2014,0
2015,0
2016,0
2017,3.90129166666665
2018,100
2019,179.813825
