Time,EVI
Jul 2000,0.2060977
Jul 2001,0.2443437
Jul 2002,0.2607058
Jul 2003,0.2028298
Jul 2004,0.2156835
Jul 2005,0.1760091
Jul 2006,0.2822055
Jul 2007,0.2810114
Jul 2008,0.2771266
Jul 2009,0.1487413
Jul 2010,0.2434387
Jul 2011,0.284666
Jul 2012,0.2313317
Jul 2013,0.2094367
Jul 2014,0.2659857
Jul 2015,0.247179
Jul 2016,0.1997948
Jul 2017,0.2385576
Jul 2018,0.2536581
Jul 2019,0.2962653
