Time,Soil Water Index with Characteristic Time Length of 15 Days
Jul 2007,81.07256
Jul 2008,72.48386
Jul 2009,65.36289
Jul 2010,67.4758
Jul 2011,72.00805
Jul 2012,76.91129
Jul 2013,77.08065
Jul 2014,69.53226
Jul 2015,66.69354
Jul 2016,75.76613
Jul 2017,71.33065
