Time,Soil Water Index with Characteristic Time Length of 15 Days
Oct 2007,21.87903
Oct 2008,25.03226
Oct 2009,20.83871
Oct 2010,27.81451
Oct 2011,29.26613
Oct 2012,28.58871
Oct 2013,33.84677
Oct 2014,43.93548
Oct 2015,29.6129
Oct 2016,31.95967
Oct 2017,32.15322
