Time,EVI
Oct 2000,0.3186237
Oct 2001,0.292203
Oct 2002,0.2453009
Oct 2003,0.2904708
Oct 2004,0.2996093
Oct 2005,0.281587
Oct 2006,0.2736374
Oct 2007,0.2536461
Oct 2008,0.2547296
Oct 2009,0.3067867
Oct 2010,0.2708168
Oct 2011,0.2739251
Oct 2012,0.3039047
Oct 2013,0.2973132
Oct 2014,0.2874051
Oct 2015,0.2426607
Oct 2016,0.265241
Oct 2017,0.285369
Oct 2018,0.2732717
Oct 2019,0.3022153
