"Harvest Year","Payout"
1983,4.19573778956584
1984,91.1419769190563
1985,0
1986,0
1987,68.5269584265873
1988,0
1989,63.7413750332244
1990,78.0930351851852
1991,0
1992,1.1588488888889
1993,0
1994,0
1995,0
1996,0
1997,6.8611562962963
1998,0
1999,0
2000,0
2001,0
2002,82.3042116071429
2003,68.9286151071429
2004,92.4774906878307
2005,0
2006,0
2007,0
2008,0
2009,8.91117222222222
2010,0
2011,0
2012,22.4750706666667
2013,0
2014,0
2015,0
2016,0
2017,0
2018,0
2019,22.9620892857143
