"Harvest Year","Payout"
1983,36.4835971160131
1984,4.76458049999998
1985,0
1986,0
1987,31.1625416412698
1988,100
1989,75
1990,0
1991,0
1992,175
1993,0
1994,0
1995,100
1996,0
1997,0
1998,0
1999,0
2000,0
2001,26.617515
2002,134.34412
2003,0
2004,154.3539095
2005,0
2006,0
2007,0
2008,0
2009,100
2010,0
2011,0
2012,0
2013,100
2014,0
2015,0
2016,0
2017,100
2018,0
2019,8.93413500000001
