Time,Soil Water Index with Characteristic Time Length of 15 Days
Jul 2007,22.79032
Jul 2008,19.32258
Jul 2009,21.45161
Jul 2010,22.58064
Jul 2011,12.82258
Jul 2012,18.69355
Jul 2013,14.59677
Jul 2014,20.17742
Jul 2015,12.70968
Jul 2016,17.45161
Jul 2017,16.77419
