Time,EVI
Jul 2000,0.2683124
Jul 2001,0.2572675
Jul 2002,0.2478837
Jul 2003,0.2390163
Jul 2004,0.2556912
Jul 2005,0.2107299
Jul 2006,0.2587679
Jul 2007,0.2701102
Jul 2008,0.2888572
Jul 2009,0.2175822
Jul 2010,0.2285072
Jul 2011,0.2421904
Jul 2012,0.2568447
Jul 2013,0.2079183
Jul 2014,0.2194711
Jul 2015,0.1640017
Jul 2016,0.1825659
Jul 2017,0.2421452
Jul 2018,0.283143
Jul 2019,0.2906902
