Time,Soil Water Index with Characteristic Time Length of 15 Days
Oct 2007,5.806451
Oct 2008,7.596774
Oct 2009,2.274194
Oct 2010,14.24194
Oct 2011,5.806451
Oct 2012,6.709678
Oct 2013,7.161289
Oct 2014,16.46774
Oct 2015,6.516128
Oct 2016,11.87097
Oct 2017,6.451612
