Time,EVI
Oct 2000,0.2973384
Oct 2001,0.2815562
Oct 2002,0.3007205
Oct 2003,0.2589509
Oct 2004,0.2225101
Oct 2005,0.2144856
Oct 2006,0.2856409
Oct 2007,0.283137
Oct 2008,0.2407064
Oct 2009,0.1767986
Oct 2010,0.2509857
Oct 2011,0.2163832
Oct 2012,0.2515636
Oct 2013,0.2928072
Oct 2014,0.3055621
Oct 2015,0.2052262
Oct 2016,0.2612895
Oct 2017,0.22469
Oct 2018,0.2761607
Oct 2019,0.278564
