Time,EVI
Jul 2000,0.1604224
Jul 2001,0.2770086
Jul 2002,0.1853633
Jul 2003,0.1848697
Jul 2004,0.1717499
Jul 2005,0.1916443
Jul 2006,0.1851602
Jul 2007,0.2494709
Jul 2008,0.1756458
Jul 2009,0.1393222
Jul 2010,0.1717932
Jul 2011,0.2152509
Jul 2012,0.2150423
Jul 2013,0.2480059
Jul 2014,0.1656203
Jul 2015,0.165746
Jul 2016,0.2095632
Jul 2017,0.1875472
Jul 2018,0.2159741
Jul 2019,0.1949766
