Time,EVI
Oct 2000,0.2283648
Oct 2001,0.2249852
Oct 2002,0.1841864
Oct 2003,0.224908
Oct 2004,0.1910946
Oct 2005,0.2085862
Oct 2006,0.2134387
Oct 2007,0.218766
Oct 2008,0.2096845
Oct 2009,0.1996019
Oct 2010,0.2414894
Oct 2011,0.2525528
Oct 2012,0.214666
Oct 2013,0.1982995
Oct 2014,0.2356751
Oct 2015,0.2164314
Oct 2016,0.227101
Oct 2017,0.2453597
Oct 2018,0.2445971
Oct 2019,0.2382262
