Time,EVI
Jul 2000,0.1905254
Jul 2001,0.2285415
Jul 2002,0.1455203
Jul 2003,0.1628364
Jul 2004,0.190963
Jul 2005,0.1701728
Jul 2006,0.1827617
Jul 2007,0.2019892
Jul 2008,0.1817811
Jul 2009,0.1414355
Jul 2010,0.16193
Jul 2011,0.1869785
Jul 2012,0.1712032
Jul 2013,0.1971307
Jul 2014,0.197463
Jul 2015,0.1680141
Jul 2016,0.1727996
Jul 2017,0.1890879
Jul 2018,0.1430959
Jul 2019,0.1893179
