Time,Soil Water Index with Characteristic Time Length of 15 Days
Jul 2007,37.01613
Jul 2008,29.65322
Jul 2009,33.25806
Jul 2010,29.60484
Jul 2011,28.0
Jul 2012,35.25806
Jul 2013,28.50806
Jul 2014,33.89516
Jul 2015,28.40322
Jul 2016,33.51612
Jul 2017,29.33871
