Time,Soil Water Index with Characteristic Time Length of 15 Days
Oct 2007,4.717742
Oct 2008,3.782257
Oct 2009,2.241935
Oct 2010,6.75
Oct 2011,5.524194
Oct 2012,5.838709
Oct 2013,5.032257
Oct 2014,8.717743
Oct 2015,4.51613
Oct 2016,8.064516
Oct 2017,5.854839
