Time,EVI
Oct 2000,0.282728
Oct 2001,0.2574369
Oct 2002,0.2410635
Oct 2003,0.2740596
Oct 2004,0.253161
Oct 2005,0.2650371
Oct 2006,0.2609719
Oct 2007,0.2632559
Oct 2008,0.2665964
Oct 2009,0.2574034
Oct 2010,0.2845302
Oct 2011,0.2824729
Oct 2012,0.2683838
Oct 2013,0.2697292
Oct 2014,0.3036144
Oct 2015,0.2726219
Oct 2016,0.2793042
Oct 2017,0.2628151
Oct 2018,0.3187778
Oct 2019,0.2614955
