"Harvest Year","Payout"
1983,89.6569970632586
1984,15.6966125
1985,0
1986,0
1987,51.154633797619
1988,0
1989,58.4130972222222
1990,0
1991,0
1992,89.5833333333333
1993,27.7928625
1994,0
1995,0
1996,0
1997,0
1998,0
1999,0
2000,34.379
2001,1.98247291666667
2002,0
2003,1.50956000000001
2004,37.5
2005,0
2006,37.5
2007,7.81774999999999
2008,0
2009,0
2010,0
2011,0
2012,4.32548
2013,12.37055
2014,0
2015,7.53860416666664
2016,0
2017,100
2018,0
2019,0
