Time,Soil Water Index with Characteristic Time Length of 15 Days
Jul 2007,27.93548
Jul 2008,21.96774
Jul 2009,28.43548
Jul 2010,23.03226
Jul 2011,24.74193
Jul 2012,27.82258
Jul 2013,24.7258
Jul 2014,27.41936
Jul 2015,20.53226
Jul 2016,27.75806
Jul 2017,23.06452
