Time,EVI
Jul 2000,0.1771063
Jul 2001,0.2400703
Jul 2002,0.1762914
Jul 2003,0.1878997
Jul 2004,0.1985708
Jul 2005,0.2434765
Jul 2006,0.2222043
Jul 2007,0.2676527
Jul 2008,0.2390694
Jul 2009,0.1549983
Jul 2010,0.2068187
Jul 2011,0.2453895
Jul 2012,0.2041932
Jul 2013,0.2024608
Jul 2014,0.2161337
Jul 2015,0.2464374
Jul 2016,0.2472781
Jul 2017,0.2430141
Jul 2018,0.2013021
Jul 2019,0.2609407
