Time,Soil Water Index with Characteristic Time Length of 15 Days
Oct 2007,3.564516
Oct 2008,2.419355
Oct 2009,2.33871
Oct 2010,4.758065
Oct 2011,4.548387
Oct 2012,3.725806
Oct 2013,4.774194
Oct 2014,5.32258
Oct 2015,3.451612
Oct 2016,4.435484
Oct 2017,3.629031
