Time,EVI
Oct 2000,0.2566772
Oct 2001,0.2456317
Oct 2002,0.2090928
Oct 2003,0.2560135
Oct 2004,0.2351491
Oct 2005,0.2380256
Oct 2006,0.2479235
Oct 2007,0.2482817
Oct 2008,0.2376653
Oct 2009,0.2507761
Oct 2010,0.236076
Oct 2011,0.2497654
Oct 2012,0.2378048
Oct 2013,0.2502262
Oct 2014,0.2689497
Oct 2015,0.2108888
Oct 2016,0.2334139
Oct 2017,0.2368462
Oct 2018,0.2683829
Oct 2019,0.2543497
