"Harvest Year","Payout"
1983,40.5255706747405
1984,59.6167176470588
1985,100
1986,0
1987,3.72370016339883
1988,0
1989,0
1990,48.1545382352941
1991,0
1992,99.8004235294118
1993,0
1994,0
1995,42.8829
1996,0
1997,0
1998,0
1999,0
2000,0
2001,0
2002,77.2074117647059
2003,0
2004,0
2005,0
2006,0
2007,100
2008,8.89285714285712
2009,0.590458823529403
2010,0
2011,15.2972058823529
2012,0
2013,75.2677885714286
2014,0
2015,142.568938235294
2016,0
2017,100
2018,0
2019,0
