"Harvest Year","Payout"
1983,0
1984,0.647903703703733
1985,6.10456826923075
1986,0
1987,53.537793047619
1988,0
1989,0
1990,0
1991,0
1992,135.353985185185
1993,0
1994,0
1995,40.0755526699865
1996,0
1997,40.0082222222222
1998,0
1999,0
2000,2.31144999999999
2001,0
2002,0
2003,0.423200000000008
2004,107.747741310541
2005,0
2006,0
2007,0
2008,0
2009,0
2010,58.7166407407408
2011,0
2012,0
2013,0
2014,12.2774830484331
2015,0
2016,0
2017,3.03869615384616
2018,0
2019,0
