"Harvest Year","Payout"
1983,0
1984,187.832475
1985,100
1986,127.125578466387
1987,186.503821811224
1988,100
1989,103.063778571429
1990,100
1991,0
1992,128.571428571429
1993,0
1994,100
1995,100
1996,0
1997,0
1998,100
1999,100
2000,100
2001,0
2002,13.9702535714286
2003,0
2004,166.67965
2005,100
2006,100
2007,100
2008,100
2009,100
2010,100
2011,100
2012,100
2013,100
2014,128.571428571429
2015,194.352985714286
2016,100
2017,100
2018,0
2019,100
