Time,EVI
Jul 2000,0.2070477
Jul 2001,0.274292
Jul 2002,0.2116667
Jul 2003,0.2168506
Jul 2004,0.2084881
Jul 2005,0.2001488
Jul 2006,0.1910892
Jul 2007,0.2510284
Jul 2008,0.2082232
Jul 2009,0.1547511
Jul 2010,0.1521051
Jul 2011,0.1880628
Jul 2012,0.1884749
Jul 2013,0.1864512
Jul 2014,0.2214752
Jul 2015,0.2316972
Jul 2016,0.2285374
Jul 2017,0.2390227
Jul 2018,0.3043024
Jul 2019,0.2772254
