Time,Soil Water Index with Characteristic Time Length of 15 Days
Jul 2007,76.32258
Jul 2008,65.16129
Jul 2009,65.14516
Jul 2010,62.83871
Jul 2011,66.93548
Jul 2012,72.35484
Jul 2013,72.43548
Jul 2014,57.37096
Jul 2015,52.98388
Jul 2016,74.20969
Jul 2017,62.91936
