Time,EVI
Oct 2000,0.272276
Oct 2001,0.2330993
Oct 2002,0.2034323
Oct 2003,0.2605165
Oct 2004,0.224028
Oct 2005,0.2608838
Oct 2006,0.2289463
Oct 2007,0.2323766
Oct 2008,0.226694
Oct 2009,0.2614043
Oct 2010,0.2321037
Oct 2011,0.2403685
Oct 2012,0.2201203
Oct 2013,0.2657631
Oct 2014,0.2557241
Oct 2015,0.1886939
Oct 2016,0.2333413
Oct 2017,0.2352538
Oct 2018,0.2250816
Oct 2019,0.2351952
