Time,EVI
Jul 2000,0.1691876
Jul 2001,0.2296693
Jul 2002,0.1848418
Jul 2003,0.1528782
Jul 2004,0.1656421
Jul 2005,0.1790777
Jul 2006,0.1826801
Jul 2007,0.1904504
Jul 2008,0.1745658
Jul 2009,0.1254981
Jul 2010,0.1797754
Jul 2011,0.2041503
Jul 2012,0.2008563
Jul 2013,0.2011664
Jul 2014,0.201961
Jul 2015,0.1838644
Jul 2016,0.1781245
Jul 2017,0.1908055
Jul 2018,0.1770363
Jul 2019,0.1995896
