Time,Soil Water Index with Characteristic Time Length of 15 Days
Jul 2007,58.69354
Jul 2008,47.48388
Jul 2009,48.62096
Jul 2010,50.58065
Jul 2011,54.94356
Jul 2012,58.32258
Jul 2013,49.05645
Jul 2014,50.5
Jul 2015,40.86291
Jul 2016,55.37098
Jul 2017,47.33871
