Time,EVI
Oct 2000,0.2847319
Oct 2001,0.2451769
Oct 2002,0.2176799
Oct 2003,0.2461269
Oct 2004,0.2260236
Oct 2005,0.2358084
Oct 2006,0.2549754
Oct 2007,0.247158
Oct 2008,0.2219385
Oct 2009,0.2411267
Oct 2010,0.2472323
Oct 2011,0.2632948
Oct 2012,0.2406463
Oct 2013,0.2680009
Oct 2014,0.2833648
Oct 2015,0.2403432
Oct 2016,0.2439453
Oct 2017,0.2462713
Oct 2018,0.2614461
Oct 2019,0.2567781
