Time,Soil Water Index with Characteristic Time Length of 15 Days
Oct 2007,10.52419
Oct 2008,6.846775
Oct 2009,5.58871
Oct 2010,12.50807
Oct 2011,10.67742
Oct 2012,9.088709
Oct 2013,11.20968
Oct 2014,11.92742
Oct 2015,6.846774
Oct 2016,11.6371
Oct 2017,11.12097
