Time,Soil Water Index with Characteristic Time Length of 15 Days
Jul 2007,42.29033
Jul 2008,31.33871
Jul 2009,34.0
Jul 2010,31.74194
Jul 2011,33.96773
Jul 2012,38.77419
Jul 2013,33.67742
Jul 2014,35.27419
Jul 2015,24.33871
Jul 2016,36.58064
Jul 2017,31.0
