Time,EVI
Jul 2000,0.1632821
Jul 2001,0.2227455
Jul 2002,0.2058164
Jul 2003,0.1621528
Jul 2004,0.1577832
Jul 2005,0.1592678
Jul 2006,0.1639809
Jul 2007,0.1721343
Jul 2008,0.1617651
Jul 2009,0.1200156
Jul 2010,0.1824214
Jul 2011,0.1698319
Jul 2012,0.161732
Jul 2013,0.1437454
Jul 2014,0.1680639
Jul 2015,0.1748234
Jul 2016,0.1844241
Jul 2017,0.187472
Jul 2018,0.1764752
Jul 2019,0.2232738
