Time,EVI
Oct 2000,0.2233886
Oct 2001,0.2085229
Oct 2002,0.1566224
Oct 2003,0.203907
Oct 2004,0.1947547
Oct 2005,0.1925036
Oct 2006,0.2096573
Oct 2007,0.2024404
Oct 2008,0.1625013
Oct 2009,0.2057076
Oct 2010,0.2137689
Oct 2011,0.2274198
Oct 2012,0.2018476
Oct 2013,0.2139581
Oct 2014,0.2274402
Oct 2015,0.1821394
Oct 2016,0.1959514
Oct 2017,0.2007365
Oct 2018,0.2055066
Oct 2019,0.2117966
