"Harvest Year","Payout"
1983,26.4395442600972
1984,200
1985,100
1986,0
1987,180.662088070818
1988,100
1989,100
1990,101.877846153846
1991,0
1992,136.801261538462
1993,100
1994,100
1995,100
1996,0
1997,0
1998,100
1999,100
2000,100
2001,0
2002,100
2003,9.22634615384615
2004,25.2416717948718
2005,0
2006,100
2007,0
2008,100
2009,110.577628205128
2010,100
2011,100
2012,100
2013,100
2014,100
2015,194.41191025641
2016,0
2017,100
2018,0
2019,100
