"Harvest Year","Payout"
1983,17.9401222948439
1984,0
1985,100
1986,0
1987,39.7478823633157
1988,100
1989,100
1990,100
1991,121.772027777778
1992,27.5984388888889
1993,0
1994,0
1995,100
1996,48.4044555555555
1997,0
1998,0
1999,100
2000,0
2001,0
2002,100
2003,0
2004,0
2005,0
2006,65.2949611111111
2007,0
2008,100
2009,0
2010,0
2011,34.86635
2012,0
2013,100
2014,100
2015,100
2016,0
2017,100
2018,100
2019,65.5073055555556
