"Harvest Year","Payout"
1983,0
1984,150.127374074074
1985,16.2883497863248
1986,0
1987,26.8457106878307
1988,0
1989,0
1990,47.9349444444445
1991,0
1992,100
1993,0
1994,0
1995,90.8116461538462
1996,0
1997,62.962962962963
1998,0
1999,0
2000,0
2001,146.947893732194
2002,130.883948148148
2003,1.74332307692306
2004,32.6271185185185
2005,0
2006,46.0055592592593
2007,0
2008,0
2009,0
2010,0
2011,0
2012,0
2013,0
2014,83.7586692307692
2015,69.2307692307692
2016,0
2017,0
2018,0
2019,0
