"Harvest Year","Payout"
1983,0
1984,156.387126086957
1985,0
1986,0
1987,51.6280777639752
1988,0
1989,0
1990,52.1739130434783
1991,1.87986000000002
1992,100
1993,0
1994,0
1995,87.08392
1996,0.339304347826101
1997,52.1739130434783
1998,0
1999,0
2000,0
2001,114.605973913043
2002,137.166473913043
2003,0
2004,33.9381304347826
2005,94.67954
2006,0
2007,0
2008,100
2009,0
2010,0
2011,0
2012,0
2013,0
2014,100
2015,0
2016,0
2017,0
2018,0
2019,2.72482608695654
