Time,EVI
Jul 2000,0.1855228
Jul 2001,0.2179207
Jul 2002,0.2804979
Jul 2003,0.2190227
Jul 2004,0.1765483
Jul 2005,0.2358562
Jul 2006,0.1717313
Jul 2007,0.2865577
Jul 2008,0.2451338
Jul 2009,0.1393946
Jul 2010,0.1095428
Jul 2011,0.2423857
Jul 2012,0.240183
Jul 2013,0.2306197
Jul 2014,0.1683199
Jul 2015,0.1784445
Jul 2016,0.1512158
Jul 2017,0.2461039
Jul 2018,0.2402182
Jul 2019,0.1878499
