Time,Soil Water Index with Characteristic Time Length of 15 Days
Jul 2007,81.04836
Jul 2008,69.89919
Jul 2009,66.0
Jul 2010,64.64516
Jul 2011,70.63306
Jul 2012,74.37501
Jul 2013,76.88709
Jul 2014,62.89112
Jul 2015,57.93548
Jul 2016,74.12096
Jul 2017,69.13306
