Time,EVI
Oct 2000,0.1979069
Oct 2001,0.2031268
Oct 2002,0.1586758
Oct 2003,0.2032005
Oct 2004,0.1800337
Oct 2005,0.1806599
Oct 2006,0.1956723
Oct 2007,0.2174378
Oct 2008,0.1836403
Oct 2009,0.1975262
Oct 2010,0.1929318
Oct 2011,0.202282
Oct 2012,0.1965801
Oct 2013,0.1990126
Oct 2014,0.2502499
Oct 2015,0.1940091
Oct 2016,0.1927048
Oct 2017,0.2119244
Oct 2018,0.2206676
Oct 2019,0.2238801
