Time,EVI
Jul 2000,0.2088751
Jul 2001,0.2755167
Jul 2002,0.2457577
Jul 2003,0.2292222
Jul 2004,0.2081002
Jul 2005,0.1553793
Jul 2006,0.2122993
Jul 2007,0.2508268
Jul 2008,0.2437212
Jul 2009,0.1302896
Jul 2010,0.2158701
Jul 2011,0.2456694
Jul 2012,0.1727876
Jul 2013,0.1556599
Jul 2014,0.3193331
Jul 2015,0.2355492
Jul 2016,0.2726562
Jul 2017,0.2463455
Jul 2018,0.2571522
Jul 2019,0.2999239
