Time,Soil Water Index with Characteristic Time Length of 15 Days
Jul 2007,80.80645
Jul 2008,70.60484
Jul 2009,67.89516
Jul 2010,70.08065
Jul 2011,72.97579
Jul 2012,79.51614
Jul 2013,78.66129
Jul 2014,65.99998
Jul 2015,62.26613
Jul 2016,78.58871
Jul 2017,68.93547
