Time,EVI
Oct 2000,0.3346375
Oct 2001,0.2811555
Oct 2002,0.2575959
Oct 2003,0.3089024
Oct 2004,0.2967095
Oct 2005,0.324461
Oct 2006,0.2911887
Oct 2007,0.2721446
Oct 2008,0.2522893
Oct 2009,0.329909
Oct 2010,0.2848303
Oct 2011,0.2726084
Oct 2012,0.2567766
Oct 2013,0.3055617
Oct 2014,0.302012
Oct 2015,0.2826678
Oct 2016,0.2884893
Oct 2017,0.2806049
Oct 2018,0.2927344
Oct 2019,0.3030554
