Time,Soil Water Index with Characteristic Time Length of 15 Days
Oct 2007,24.95161
Oct 2008,23.56451
Oct 2009,27.44355
Oct 2010,29.66129
Oct 2011,26.85484
Oct 2012,23.07258
Oct 2013,35.16129
Oct 2014,33.37902
Oct 2015,30.93549
Oct 2016,35.62097
Oct 2017,36.40322
