Time,EVI
Jul 2000,0.2149034
Jul 2001,0.2723524
Jul 2002,0.238567
Jul 2003,0.2115557
Jul 2004,0.222708
Jul 2005,0.1935055
Jul 2006,0.2046624
Jul 2007,0.2307781
Jul 2008,0.2580756
Jul 2009,0.1275692
Jul 2010,0.1992407
Jul 2011,0.2150704
Jul 2012,0.1542314
Jul 2013,0.1383612
Jul 2014,0.2863742
Jul 2015,0.2681462
Jul 2016,0.2864976
Jul 2017,0.2461118
Jul 2018,0.2722538
Jul 2019,0.2969362
