Time,Soil Water Index with Characteristic Time Length of 15 Days
Jul 2007,80.35483
Jul 2008,69.03226
Jul 2009,67.40323
Jul 2010,68.67742
Jul 2011,71.69353
Jul 2012,78.56451
Jul 2013,77.74193
Jul 2014,63.91935
Jul 2015,59.79032
Jul 2016,77.33872
Jul 2017,67.19356
