Time,Soil Water Index with Characteristic Time Length of 15 Days
Oct 2007,24.38709
Oct 2008,21.98387
Oct 2009,26.48387
Oct 2010,28.01612
Oct 2011,25.93548
Oct 2012,21.98387
Oct 2013,34.25807
Oct 2014,31.45162
Oct 2015,28.56452
Oct 2016,34.53226
Oct 2017,34.85484
