Time,EVI
Oct 2000,0.3315594
Oct 2001,0.2911915
Oct 2002,0.2532766
Oct 2003,0.3114717
Oct 2004,0.2931567
Oct 2005,0.313223
Oct 2006,0.2754517
Oct 2007,0.2712597
Oct 2008,0.2376594
Oct 2009,0.3214782
Oct 2010,0.2873538
Oct 2011,0.2754919
Oct 2012,0.266709
Oct 2013,0.299817
Oct 2014,0.3022348
Oct 2015,0.2856947
Oct 2016,0.2766657
Oct 2017,0.2694342
Oct 2018,0.2751203
Oct 2019,0.2981123
