Time,EVI
Jul 2000,0.178789
Jul 2001,0.231117
Jul 2002,0.1781354
Jul 2003,0.1896409
Jul 2004,0.1797838
Jul 2005,0.1492836
Jul 2006,0.1649446
Jul 2007,0.190955
Jul 2008,0.1603851
Jul 2009,0.1432072
Jul 2010,0.1445044
Jul 2011,0.1570463
Jul 2012,0.1592062
Jul 2013,0.1877267
Jul 2014,0.1703847
Jul 2015,0.1556833
Jul 2016,0.1753578
Jul 2017,0.1768573
Jul 2018,0.1571032
Jul 2019,0.1835314
