Time,Soil Water Index with Characteristic Time Length of 15 Days
Jul 2007,34.6129
Jul 2008,28.79839
Jul 2009,32.04839
Jul 2010,28.10887
Jul 2011,27.24194
Jul 2012,33.44758
Jul 2013,28.50806
Jul 2014,31.93145
Jul 2015,27.20968
Jul 2016,32.19355
Jul 2017,29.05645
