Time,Soil Water Index with Characteristic Time Length of 15 Days
Oct 2007,4.681451
Oct 2008,3.657258
Oct 2009,2.274193
Oct 2010,6.314515
Oct 2011,5.834677
Oct 2012,5.633064
Oct 2013,5.330644
Oct 2014,8.600804
Oct 2015,5.17742
Oct 2016,7.282259
Oct 2017,5.834678
