Time,EVI
Oct 2000,0.250759
Oct 2001,0.2493554
Oct 2002,0.2282138
Oct 2003,0.2313476
Oct 2004,0.2022572
Oct 2005,0.2148006
Oct 2006,0.2127823
Oct 2007,0.2277433
Oct 2008,0.2303385
Oct 2009,0.2189521
Oct 2010,0.219643
Oct 2011,0.2334939
Oct 2012,0.2192632
Oct 2013,0.2145044
Oct 2014,0.2584848
Oct 2015,0.2214566
Oct 2016,0.2211592
Oct 2017,0.2252561
Oct 2018,0.2292571
Oct 2019,0.2252531
