Time,Soil Water Index with Characteristic Time Length of 15 Days
Jul 2007,25.94355
Jul 2008,22.3871
Jul 2009,29.14516
Jul 2010,24.33065
Jul 2011,24.43548
Jul 2012,27.41935
Jul 2013,25.76613
Jul 2014,28.12097
Jul 2015,20.93548
Jul 2016,27.07258
Jul 2017,22.98387
