Time,EVI
Jul 2000,0.2023607
Jul 2001,0.2815446
Jul 2002,0.1886131
Jul 2003,0.2077591
Jul 2004,0.2238089
Jul 2005,0.2357836
Jul 2006,0.2262997
Jul 2007,0.2716618
Jul 2008,0.2362373
Jul 2009,0.1505587
Jul 2010,0.212018
Jul 2011,0.2499163
Jul 2012,0.2070355
Jul 2013,0.2216168
Jul 2014,0.2562608
Jul 2015,0.2442837
Jul 2016,0.2508024
Jul 2017,0.2397923
Jul 2018,0.1901136
Jul 2019,0.2649793
