Time,EVI
Oct 2000,0.2572236
Oct 2001,0.2708812
Oct 2002,0.2089473
Oct 2003,0.2617201
Oct 2004,0.2505122
Oct 2005,0.2299759
Oct 2006,0.2454741
Oct 2007,0.2563676
Oct 2008,0.2459168
Oct 2009,0.2565334
Oct 2010,0.2608076
Oct 2011,0.2525369
Oct 2012,0.256641
Oct 2013,0.2811282
Oct 2014,0.2971644
Oct 2015,0.2260925
Oct 2016,0.257555
Oct 2017,0.246198
Oct 2018,0.2841846
Oct 2019,0.2714046
