Time,Soil Water Index with Characteristic Time Length of 15 Days
Oct 2007,4.201612
Oct 2008,4.266128
Oct 2009,4.129032
Oct 2010,5.991935
Oct 2011,5.5
Oct 2012,4.870967
Oct 2013,4.838709
Oct 2014,5.991937
Oct 2015,4.782258
Oct 2016,4.427421
Oct 2017,4.951612
