Time,Soil Water Index with Characteristic Time Length of 15 Days
Jul 2007,28.93548
Jul 2008,23.0
Jul 2009,28.59274
Jul 2010,23.39516
Jul 2011,25.63306
Jul 2012,28.62096
Jul 2013,25.23387
Jul 2014,27.66129
Jul 2015,21.37903
Jul 2016,28.4879
Jul 2017,24.32661
