Time,EVI
Jul 2000,0.2084596
Jul 2001,0.2453852
Jul 2002,0.215077
Jul 2003,0.181214
Jul 2004,0.1737324
Jul 2005,0.2049931
Jul 2006,0.1958055
Jul 2007,0.2207695
Jul 2008,0.2029952
Jul 2009,0.1533428
Jul 2010,0.1846798
Jul 2011,0.2142515
Jul 2012,0.1926823
Jul 2013,0.182739
Jul 2014,0.1902534
Jul 2015,0.2079785
Jul 2016,0.197407
Jul 2017,0.2192707
Jul 2018,0.1750831
Jul 2019,0.2182186
