Time,Soil Water Index with Characteristic Time Length of 15 Days
Oct 2007,3.846774
Oct 2008,2.798387
Oct 2009,2.290322
Oct 2010,5.133064
Oct 2011,4.935483
Oct 2012,3.854838
Oct 2013,5.120967
Oct 2014,5.979839
Oct 2015,3.895161
Oct 2016,5.032257
Oct 2017,4.314517
