Time,EVI
Oct 2000,0.2319017
Oct 2001,0.2157403
Oct 2002,0.1951329
Oct 2003,0.2341538
Oct 2004,0.2063749
Oct 2005,0.213331
Oct 2006,0.2065707
Oct 2007,0.2135885
Oct 2008,0.2096637
Oct 2009,0.205491
Oct 2010,0.2026333
Oct 2011,0.2083565
Oct 2012,0.2061336
Oct 2013,0.217103
Oct 2014,0.2310666
Oct 2015,0.2083673
Oct 2016,0.2237173
Oct 2017,0.2108924
Oct 2018,0.2262408
Oct 2019,0.227215
