"Harvest Year","Payout"
1983,79.7574657807764
1984,37.0831
1985,100
1986,0
1987,38.6765435897436
1988,0
1989,1.35697833333336
1990,0
1991,0
1992,21.862185
1993,0
1994,0
1995,0
1996,0
1997,0
1998,0
1999,0
2000,0
2001,0
2002,14.6925384615385
2003,0
2004,25.0654333333333
2005,0
2006,7.54436666666669
2007,0
2008,0
2009,0
2010,37.6154333333333
2011,0
2012,0
2013,0
2014,100
2015,76.6405128205128
2016,0
2017,100
2018,0
2019,0
