Time,EVI
Jul 2000,0.1427925
Jul 2001,0.1918859
Jul 2002,0.1692904
Jul 2003,0.126458
Jul 2004,0.1550719
Jul 2005,0.1380691
Jul 2006,0.1069401
Jul 2007,0.1637902
Jul 2008,0.1411054
Jul 2009,0.1123754
Jul 2010,0.1285358
Jul 2011,0.1550039
Jul 2012,0.114437
Jul 2013,0.1454763
Jul 2014,0.1429619
Jul 2015,0.1742559
Jul 2016,0.1417301
Jul 2017,0.1505999
Jul 2018,0.1857323
Jul 2019,0.1628673
