Time,EVI
Oct 2000,0.2964413
Oct 2001,0.2645134
Oct 2002,0.2554422
Oct 2003,0.2887177
Oct 2004,0.2876604
Oct 2005,0.2626284
Oct 2006,0.2651784
Oct 2007,0.2581847
Oct 2008,0.2545137
Oct 2009,0.2783886
Oct 2010,0.2724435
Oct 2011,0.297629
Oct 2012,0.2798374
Oct 2013,0.3014614
Oct 2014,0.3364325
Oct 2015,0.3497921
Oct 2016,0.3361393
Oct 2017,0.3467559
Oct 2018,0.2899323
Oct 2019,0.3113799
