"Harvest Year","Payout"
1983,45.2152199748221
1984,0
1985,43.2244051628353
1986,0
1987,0
1988,0
1989,13.044838125
1990,117.913878491379
1991,0
1992,132.443778125
1993,0
1994,0
1995,0
1996,0
1997,29.33968125
1998,0
1999,2.09616206896551
2000,81.1942172413793
2001,0
2002,0
2003,0
2004,92.2036512931035
2005,0
2006,0
2007,16.5543109375
2008,0
2009,0
2010,29.3393379310345
2011,0
2012,0
2013,0
2014,0
2015,0
2016,31.0344827586207
2017,0
2018,0
2019,0
