Time,Soil Water Index with Characteristic Time Length of 15 Days
Jul 2007,78.95161
Jul 2008,62.66129
Jul 2009,62.38709
Jul 2010,65.66129
Jul 2011,67.30645
Jul 2012,72.45161
Jul 2013,74.37095
Jul 2014,60.32257
Jul 2015,58.98388
Jul 2016,74.25808
Jul 2017,66.58064
