Time,EVI
Jul 2000,0.231336
Jul 2001,0.2264326
Jul 2002,0.2524108
Jul 2003,0.174676
Jul 2004,0.2065941
Jul 2005,0.2036113
Jul 2006,0.148203
Jul 2007,0.284053
Jul 2008,0.2313993
Jul 2009,0.1389375
Jul 2010,0.2022178
Jul 2011,0.2706693
Jul 2012,0.1559928
Jul 2013,0.2175248
Jul 2014,0.225764
Jul 2015,0.2575994
Jul 2016,0.2496243
Jul 2017,0.26205
Jul 2018,0.2537057
Jul 2019,0.2635018
