Time,EVI
Oct 2000,0.4002794
Oct 2001,0.3416643
Oct 2002,0.3066612
Oct 2003,0.3839121
Oct 2004,0.3885792
Oct 2005,0.3552508
Oct 2006,0.3459192
Oct 2007,0.3330425
Oct 2008,0.3357647
Oct 2009,0.3576887
Oct 2010,0.3345695
Oct 2011,0.346664
Oct 2012,0.3439195
Oct 2013,0.3385469
Oct 2014,0.3692603
Oct 2015,0.3345059
Oct 2016,0.3384301
Oct 2017,0.346049
Oct 2018,0.3412139
Oct 2019,0.3519597
