Time,Soil Water Index with Characteristic Time Length of 15 Days
Oct 2007,20.09677
Oct 2008,17.7742
Oct 2009,20.35484
Oct 2010,18.82258
Oct 2011,16.59677
Oct 2012,21.61291
Oct 2013,25.19355
Oct 2014,22.45161
Oct 2015,14.24193
Oct 2016,19.69354
Oct 2017,23.93548
