"Harvest Year","Payout"
1983,49.9215030443757
1984,100
1985,100
1986,0
1987,140.511252192982
1988,100
1989,121.332878947368
1990,100
1991,22.3064689473684
1992,100
1993,0
1994,100
1995,100
1996,37.7912210526316
1997,0
1998,0
1999,100
2000,0
2001,100
2002,164.050331578947
2003,78.7909631578947
2004,100
2005,0
2006,163.157894736842
2007,0
2008,100
2009,0
2010,100
2011,0
2012,0
2013,100
2014,100
2015,0
2016,0
2017,100
2018,0
2019,1.76162105263157
