"Harvest Year","Payout"
1983,0
1984,56.5229529256271
1985,0
1986,0
1987,79.1821898924732
1988,0
1989,0
1990,19.3548387096774
1991,0
1992,104.108548387097
1993,0
1994,0
1995,100
1996,0
1997,16.1031612903226
1998,0
1999,0
2000,0
2001,100
2002,124.328887096774
2003,26.3470451612903
2004,47.9129709677419
2005,0
2006,20.6782941935484
2007,0
2008,100
2009,0
2010,0
2011,0
2012,0
2013,16.38675
2014,57.75925
2015,82.46105
2016,0
2017,0
2018,0
2019,0
