Time,EVI
Jul 2000,0.1540904
Jul 2001,0.2127729
Jul 2002,0.1817587
Jul 2003,0.191343
Jul 2004,0.203622
Jul 2005,0.2650841
Jul 2006,0.2267977
Jul 2007,0.3023885
Jul 2008,0.1580758
Jul 2009,0.1822388
Jul 2010,0.2261768
Jul 2011,0.2059511
Jul 2012,0.2214344
Jul 2013,0.1688203
Jul 2014,0.199308
Jul 2015,0.2130267
Jul 2016,0.2429599
Jul 2017,0.2099719
Jul 2018,0.2252567
Jul 2019,0.2151215
