Time,Soil Water Index with Characteristic Time Length of 15 Days
Jul 2007,59.20968
Jul 2008,33.98387
Jul 2009,44.79032
Jul 2010,41.19354
Jul 2011,43.32259
Jul 2012,43.20967
Jul 2013,45.45161
Jul 2014,36.17741
Jul 2015,37.58065
Jul 2016,47.30645
Jul 2017,37.41935
