Time,EVI
Oct 2000,0.3925234
Oct 2001,0.3616725
Oct 2002,0.2560977
Oct 2003,0.2953852
Oct 2004,0.2278213
Oct 2005,0.2528632
Oct 2006,0.3099733
Oct 2007,0.2648212
Oct 2008,0.2281493
Oct 2009,0.2862617
Oct 2010,0.331426
Oct 2011,0.3295623
Oct 2012,0.2058379
Oct 2013,0.2831608
Oct 2014,0.3316156
Oct 2015,0.2279505
Oct 2016,0.2877314
Oct 2017,0.3845693
Oct 2018,0.3375022
Oct 2019,0.3591312
