Time,Soil Water Index with Characteristic Time Length of 15 Days
Oct 2007,10.20968
Oct 2008,9.66129
Oct 2009,10.06451
Oct 2010,15.58064
Oct 2011,10.3871
Oct 2012,8.499997
Oct 2013,22.51613
Oct 2014,29.5
Oct 2015,12.45161
Oct 2016,15.03226
Oct 2017,20.43548
