"Harvest Year","Payout"
1983,0
1984,134.008076781609
1985,0
1986,0
1987,0
1988,0
1989,0
1990,49.7417
1991,81.68198
1992,100
1993,0
1994,0
1995,0
1996,0
1997,65.5172413793103
1998,0
1999,19.28802
2000,0
2001,165.51724137931
2002,106.021731034483
2003,0
2004,44.6184172413793
2005,100
2006,14.3003448275862
2007,0
2008,0
2009,0
2010,13.261224137931
2011,0
2012,0
2013,0
2014,59.31368
2015,101.294575862069
2016,0
2017,0
2018,0
2019,0
