"Harvest Year","Payout"
1983,0
1984,97.0807043803419
1985,0
1986,0
1987,0
1988,0
1989,0
1990,121.137733566434
1991,24.5620730769231
1992,0
1993,0
1994,0
1995,0
1996,0
1997,0
1998,0
1999,0
2000,23.0769230769231
2001,0
2002,44.6749
2003,0.26951923076922
2004,34.0488755244755
2005,0
2006,4.01346923076923
2007,0
2008,0
2009,0
2010,0
2011,0
2012,0
2013,16.0102681818181
2014,0
2015,72.1864615384615
2016,0
2017,0
2018,0
2019,0
