Time,EVI
Jul 2000,0.1488588
Jul 2001,0.237344
Jul 2002,0.1356396
Jul 2003,0.161739
Jul 2004,0.1336459
Jul 2005,0.1635869
Jul 2006,0.1635715
Jul 2007,0.2226128
Jul 2008,0.1337967
Jul 2009,0.127213
Jul 2010,0.1466613
Jul 2011,0.1843803
Jul 2012,0.1944367
Jul 2013,0.2234191
Jul 2014,0.1692431
Jul 2015,0.1724629
Jul 2016,0.1944627
Jul 2017,0.1648881
Jul 2018,0.1705017
Jul 2019,0.1588873
