Time,EVI
Oct 2000,0.2765699
Oct 2001,0.2644407
Oct 2002,0.2905343
Oct 2003,0.2668622
Oct 2004,0.2195156
Oct 2005,0.2669648
Oct 2006,0.2525584
Oct 2007,0.2681188
Oct 2008,0.2694386
Oct 2009,0.232327
Oct 2010,0.2668604
Oct 2011,0.3058786
Oct 2012,0.2490263
Oct 2013,0.2392445
Oct 2014,0.3185872
Oct 2015,0.2001338
Oct 2016,0.2392794
Oct 2017,0.2495514
Oct 2018,0.2868786
Oct 2019,0.2968985
