Time,Soil Water Index with Characteristic Time Length of 15 Days
Oct 2007,1.32258
Oct 2008,1.645161
Oct 2009,1.741935
Oct 2010,1.32258
Oct 2011,1.129032
Oct 2012,1.870967
Oct 2013,2.322581
Oct 2014,2.983871
Oct 2015,1.903225
Oct 2016,1.483871
Oct 2017,1.854838
