Time,Soil Water Index with Characteristic Time Length of 15 Days
Jul 2007,79.50402
Jul 2008,64.60484
Jul 2009,61.60886
Jul 2010,62.92338
Jul 2011,67.39114
Jul 2012,74.06854
Jul 2013,74.47581
Jul 2014,60.20161
Jul 2015,58.37903
Jul 2016,70.4234
Jul 2017,64.44354
