Time,EVI
Jul 2000,0.2496453
Jul 2001,0.2626214
Jul 2002,0.2715139
Jul 2003,0.2223222
Jul 2004,0.2802355
Jul 2005,0.2587889
Jul 2006,0.2233313
Jul 2007,0.2835467
Jul 2008,0.3048233
Jul 2009,0.2157356
Jul 2010,0.2745111
Jul 2011,0.3070531
Jul 2012,0.2104604
Jul 2013,0.2505875
Jul 2014,0.2890013
Jul 2015,0.2945195
Jul 2016,0.2826683
Jul 2017,0.2539596
Jul 2018,0.2627981
Jul 2019,0.3121978
