Time,Soil Water Index with Characteristic Time Length of 15 Days
Oct 2007,13.47984
Oct 2008,16.47581
Oct 2009,14.7379
Oct 2010,20.32258
Oct 2011,16.76613
Oct 2012,17.79839
Oct 2013,24.07661
Oct 2014,30.0121
Oct 2015,18.06855
Oct 2016,19.94757
Oct 2017,17.18951
