Time,EVI
Oct 2000,0.2819665
Oct 2001,0.2430126
Oct 2002,0.2746567
Oct 2003,0.320622
Oct 2004,0.266836
Oct 2005,0.2533708
Oct 2006,0.263456
Oct 2007,0.2458278
Oct 2008,0.2254755
Oct 2009,0.2563058
Oct 2010,0.2362817
Oct 2011,0.2166644
Oct 2012,0.2531592
Oct 2013,0.2574424
Oct 2014,0.2585128
Oct 2015,0.2359077
Oct 2016,0.238995
Oct 2017,0.2386034
Oct 2018,0.2504897
Oct 2019,0.2743343
