Time,EVI
Jul 2000,0.1732419
Jul 2001,0.2692089
Jul 2002,0.2640381
Jul 2003,0.1746568
Jul 2004,0.2022572
Jul 2005,0.1949807
Jul 2006,0.2047959
Jul 2007,0.2203788
Jul 2008,0.2465201
Jul 2009,0.1441867
Jul 2010,0.1489867
Jul 2011,0.2469295
Jul 2012,0.1707585
Jul 2013,0.1680072
Jul 2014,0.2236247
Jul 2015,0.2959954
Jul 2016,0.2423985
Jul 2017,0.2318736
Jul 2018,0.2814019
Jul 2019,0.2875551
