Time,Soil Water Index with Characteristic Time Length of 15 Days
Jul 2007,79.69354
Jul 2008,67.39518
Jul 2009,65.71774
Jul 2010,67.03226
Jul 2011,69.84678
Jul 2012,73.92741
Jul 2013,75.35483
Jul 2014,62.32257
Jul 2015,58.58065
Jul 2016,74.48386
Jul 2017,67.03226
