Time,Soil Water Index with Characteristic Time Length of 15 Days
Oct 2007,22.71774
Oct 2008,19.53226
Oct 2009,23.51613
Oct 2010,24.83064
Oct 2011,23.24194
Oct 2012,19.37903
Oct 2013,32.09678
Oct 2014,29.93549
Oct 2015,22.04032
Oct 2016,30.53226
Oct 2017,32.32258
