Time,EVI
Oct 2000,0.3586873
Oct 2001,0.3027714
Oct 2002,0.3263426
Oct 2003,0.3493298
Oct 2004,0.3526644
Oct 2005,0.2999256
Oct 2006,0.2986847
Oct 2007,0.3005104
Oct 2008,0.2867067
Oct 2009,0.3871788
Oct 2010,0.2882162
Oct 2011,0.2912636
Oct 2012,0.3137143
Oct 2013,0.3185211
Oct 2014,0.3120765
Oct 2015,0.3040431
Oct 2016,0.321888
Oct 2017,0.3220224
Oct 2018,0.3061745
Oct 2019,0.3260669
