"Harvest Year","Payout"
1983,0
1984,136.89735
1985,11.9328372685185
1986,0
1987,0
1988,0
1989,0
1990,159.578689285714
1991,0
1992,128.635467857143
1993,0
1994,0
1995,0
1996,30.7643428571429
1997,0
1998,0
1999,0
2000,0
2001,89.2071083333333
2002,27.948525
2003,0
2004,10.04755
2005,0
2006,0
2007,37.8238166666667
2008,100
2009,0
2010,18.6777464285714
2011,0
2012,0
2013,80.4821785714285
2014,33.7279166666667
2015,0.141803571428554
2016,0
2017,0
2018,0.203432142857139
2019,0
