"Harvest Year","Payout"
1983,0
1984,142.627978787879
1985,44.4389387426901
1986,0
1987,0
1988,0
1989,0
1990,135.589074960128
1991,45.2872551515152
1992,117.774478787879
1993,0
1994,0
1995,0
1996,0
1997,0
1998,0
1999,0
2000,11.450396969697
2001,41.6482473684211
2002,45.1403333333333
2003,0
2004,58.5448878787879
2005,0
2006,0
2007,56.6072631578947
2008,0
2009,0
2010,37.6980393939394
2011,0
2012,0
2013,95.075595215311
2014,67.8378368421053
2015,0
2016,0
2017,0
2018,0
2019,0
