Time,EVI
Jul 2000,0.1749105
Jul 2001,0.1916083
Jul 2002,0.1389892
Jul 2003,0.1549122
Jul 2004,0.1393527
Jul 2005,0.1632744
Jul 2006,0.1651787
Jul 2007,0.189195
Jul 2008,0.1576779
Jul 2009,0.1158169
Jul 2010,0.1402272
Jul 2011,0.1834897
Jul 2012,0.1757705
Jul 2013,0.1641182
Jul 2014,0.1783963
Jul 2015,0.154438
Jul 2016,0.1747922
Jul 2017,0.1980647
Jul 2018,0.1677596
Jul 2019,0.1860607
