Time,Soil Water Index with Characteristic Time Length of 15 Days
Jul 2007,36.79032
Jul 2008,28.02419
Jul 2009,31.87096
Jul 2010,28.39516
Jul 2011,27.49193
Jul 2012,34.17742
Jul 2013,26.98387
Jul 2014,32.45967
Jul 2015,26.67742
Jul 2016,32.53226
Jul 2017,27.47581
