Time,EVI
Oct 2000,0.2525498
Oct 2001,0.2362546
Oct 2002,0.2109011
Oct 2003,0.2215482
Oct 2004,0.2172644
Oct 2005,0.2245764
Oct 2006,0.2385324
Oct 2007,0.2333697
Oct 2008,0.2188774
Oct 2009,0.2293194
Oct 2010,0.2576082
Oct 2011,0.2472532
Oct 2012,0.2495481
Oct 2013,0.2332286
Oct 2014,0.3095114
Oct 2015,0.2389321
Oct 2016,0.2591407
Oct 2017,0.2423584
Oct 2018,0.2678463
Oct 2019,0.249266
