"Harvest Year","Payout"
1983,106.059853870507
1984,197.01033125
1985,100
1986,0
1987,179.750712410714
1988,100
1989,100
1990,100
1991,29.0230875
1992,122.599065625
1993,0
1994,100
1995,130.942925395804
1996,0
1997,0
1998,100
1999,100
2000,100
2001,0
2002,100
2003,0
2004,100
2005,100
2006,100
2007,0
2008,100
2009,100
2010,100
2011,100
2012,100
2013,100
2014,137.5
2015,114.6567375
2016,100
2017,100
2018,0
2019,101.86973125
