Time,EVI
Jul 2000,0.2970854
Jul 2001,0.3371068
Jul 2002,0.3486227
Jul 2003,0.2560968
Jul 2004,0.360945
Jul 2005,0.2214893
Jul 2006,0.3530753
Jul 2007,0.3125116
Jul 2008,0.3476447
Jul 2009,0.2134877
Jul 2010,0.2785947
Jul 2011,0.3701617
Jul 2012,0.2221144
Jul 2013,0.2940226
Jul 2014,0.3373351
Jul 2015,0.333535
Jul 2016,0.2869175
Jul 2017,0.2847736
Jul 2018,0.3151984
Jul 2019,0.3550307
