Time,Soil Water Index with Characteristic Time Length of 15 Days
Oct 2007,12.6129
Oct 2008,15.70968
Oct 2009,13.25806
Oct 2010,19.14516
Oct 2011,16.91935
Oct 2012,18.06452
Oct 2013,24.30645
Oct 2014,31.25805
Oct 2015,17.79032
Oct 2016,19.79032
Oct 2017,17.91936
