Time,EVI
Oct 2000,0.3587943
Oct 2001,0.3161072
Oct 2002,0.3169557
Oct 2003,0.3600777
Oct 2004,0.30864
Oct 2005,0.3274291
Oct 2006,0.3076285
Oct 2007,0.3018792
Oct 2008,0.264825
Oct 2009,0.3191098
Oct 2010,0.3001376
Oct 2011,0.2760967
Oct 2012,0.3304661
Oct 2013,0.326111
Oct 2014,0.3109198
Oct 2015,0.2847382
Oct 2016,0.2829898
Oct 2017,0.2738755
Oct 2018,0.282509
Oct 2019,0.3223886
