"Harvest Year","Payout"
1983,0
1984,149.842045039352
1985,28.6955594814815
1986,0
1987,19.2834942708334
1988,0
1989,10.51425625
1990,160.507096666667
1991,0
1992,114.712931875
1993,0
1994,0
1995,0
1996,0
1997,0
1998,0
1999,0
2000,0
2001,59.6788395833333
2002,16.884609375
2003,0
2004,0
2005,14.96916
2006,0
2007,0
2008,0.132413333333332
2009,0
2010,0
2011,0
2012,0
2013,125.532378125
2014,84.8422266666667
2015,13.8176375
2016,0
2017,0
2018,0
2019,0
