Time,Soil Water Index with Characteristic Time Length of 15 Days
Jul 2007,25.59677
Jul 2008,22.29032
Jul 2009,29.24194
Jul 2010,24.22581
Jul 2011,24.41935
Jul 2012,27.25806
Jul 2013,25.27419
Jul 2014,28.24193
Jul 2015,21.29032
Jul 2016,26.93548
Jul 2017,22.87097
