Time,EVI
Jul 2000,0.1909402
Jul 2001,0.2741515
Jul 2002,0.1805138
Jul 2003,0.190069
Jul 2004,0.2206447
Jul 2005,0.2294537
Jul 2006,0.2143063
Jul 2007,0.2549593
Jul 2008,0.2208875
Jul 2009,0.1520999
Jul 2010,0.2022803
Jul 2011,0.2432358
Jul 2012,0.1946821
Jul 2013,0.2306887
Jul 2014,0.2480969
Jul 2015,0.2385918
Jul 2016,0.2379451
Jul 2017,0.2390979
Jul 2018,0.1854483
Jul 2019,0.2474834
