Time,EVI
Oct 2000,0.2427765
Oct 2001,0.2565269
Oct 2002,0.1963623
Oct 2003,0.2558304
Oct 2004,0.242834
Oct 2005,0.2232072
Oct 2006,0.2381025
Oct 2007,0.2472121
Oct 2008,0.2345266
Oct 2009,0.2442534
Oct 2010,0.2453127
Oct 2011,0.245996
Oct 2012,0.248321
Oct 2013,0.2652606
Oct 2014,0.2791926
Oct 2015,0.2251692
Oct 2016,0.253647
Oct 2017,0.2497667
Oct 2018,0.2737315
Oct 2019,0.2650119
