Time,Soil Water Index with Characteristic Time Length of 15 Days
Oct 2007,3.806451
Oct 2008,3.258064
Oct 2009,3.161289
Oct 2010,5.467741
Oct 2011,5.032259
Oct 2012,4.354839
Oct 2013,4.758065
Oct 2014,5.98387
Oct 2015,4.0
Oct 2016,4.370968
Oct 2017,4.403226
