Time,EVI
Jul 2000,0.1550833
Jul 2001,0.1779624
Jul 2002,0.1811913
Jul 2003,0.1472955
Jul 2004,0.1428395
Jul 2005,0.1489418
Jul 2006,0.1600068
Jul 2007,0.1824598
Jul 2008,0.1630905
Jul 2009,0.1099116
Jul 2010,0.1747477
Jul 2011,0.1567539
Jul 2012,0.1647526
Jul 2013,0.1497143
Jul 2014,0.1307325
Jul 2015,0.1432077
Jul 2016,0.1705225
Jul 2017,0.1585357
Jul 2018,0.1499152
Jul 2019,0.2054096
