Time,Soil Water Index with Characteristic Time Length of 15 Days
Jul 2007,40.25
Jul 2008,30.33871
Jul 2009,33.55645
Jul 2010,31.14516
Jul 2011,32.7742
Jul 2012,37.94355
Jul 2013,32.81451
Jul 2014,34.44354
Jul 2015,24.55645
Jul 2016,35.6371
Jul 2017,30.12097
