Time,EVI
Oct 2000,0.2136043
Oct 2001,0.2072857
Oct 2002,0.1476733
Oct 2003,0.1745487
Oct 2004,0.164067
Oct 2005,0.1622764
Oct 2006,0.1889091
Oct 2007,0.1718932
Oct 2008,0.1606582
Oct 2009,0.1726372
Oct 2010,0.1662981
Oct 2011,0.1929813
Oct 2012,0.1804318
Oct 2013,0.1713294
Oct 2014,0.2095937
Oct 2015,0.1547664
Oct 2016,0.1730275
Oct 2017,0.1695725
Oct 2018,0.1825289
Oct 2019,0.1977178
