Time,Soil Water Index with Characteristic Time Length of 15 Days
Oct 2007,7.516129
Oct 2008,4.733871
Oct 2009,4.758064
Oct 2010,7.879032
Oct 2011,6.782257
Oct 2012,6.129032
Oct 2013,7.177417
Oct 2014,8.08871
Oct 2015,5.66129
Oct 2016,6.137096
Oct 2017,7.459677
