Time,Soil Water Index with Characteristic Time Length of 15 Days
Jul 2007,75.92741
Jul 2008,64.67741
Jul 2009,66.81451
Jul 2010,61.44355
Jul 2011,65.68548
Jul 2012,74.88711
Jul 2013,72.45162
Jul 2014,58.88709
Jul 2015,57.20161
Jul 2016,71.1371
Jul 2017,63.58871
