Time,EVI
Jul 2000,0.2255164
Jul 2001,0.2582344
Jul 2002,0.2418226
Jul 2003,0.2059126
Jul 2004,0.2449191
Jul 2005,0.2007896
Jul 2006,0.1872421
Jul 2007,0.2407831
Jul 2008,0.223119
Jul 2009,0.1683277
Jul 2010,0.2149732
Jul 2011,0.2310729
Jul 2012,0.1835914
Jul 2013,0.219414
Jul 2014,0.1989
Jul 2015,0.2831248
Jul 2016,0.23445
Jul 2017,0.2625993
Jul 2018,0.2874337
Jul 2019,0.2658166
