Time,Soil Water Index with Characteristic Time Length of 15 Days
Oct 2007,17.81452
Oct 2008,16.58871
Oct 2009,17.37903
Oct 2010,17.8629
Oct 2011,14.68548
Oct 2012,19.60484
Oct 2013,23.27419
Oct 2014,22.52419
Oct 2015,14.82258
Oct 2016,19.64516
Oct 2017,22.24193
