Time,EVI
Oct 2000,0.3957611
Oct 2001,0.3224297
Oct 2002,0.3212687
Oct 2003,0.4015854
Oct 2004,0.3820656
Oct 2005,0.3536927
Oct 2006,0.3475172
Oct 2007,0.3300693
Oct 2008,0.3464181
Oct 2009,0.3579341
Oct 2010,0.3309467
Oct 2011,0.3225991
Oct 2012,0.3267615
Oct 2013,0.3403715
Oct 2014,0.3852452
Oct 2015,0.3317593
Oct 2016,0.329773
Oct 2017,0.3769631
Oct 2018,0.3198161
Oct 2019,0.3424442
