"Harvest Year","Payout"
1983,49.4199633218349
1984,78.4350666666667
1985,100
1986,0
1987,0
1988,100
1989,28.7034148148148
1990,41.1858
1991,0
1992,98.7841
1993,0
1994,0
1995,100
1996,0
1997,0
1998,0
1999,0
2000,0
2001,0
2002,25.3793596296296
2003,0
2004,9.35711222222221
2005,0
2006,0
2007,0
2008,0
2009,100
2010,0
2011,0
2012,0
2013,0
2014,126.02887962963
2015,7.40228148148148
2016,0
2017,100
2018,78.5535
2019,0
