Time,EVI
Jul 2000,0.1403028
Jul 2001,0.1632476
Jul 2002,0.1228252
Jul 2003,0.1428422
Jul 2004,0.1315837
Jul 2005,0.1528647
Jul 2006,0.1277396
Jul 2007,0.1298402
Jul 2008,0.1310343
Jul 2009,0.1055688
Jul 2010,0.119131
Jul 2011,0.1415524
Jul 2012,0.1518321
Jul 2013,0.1146124
Jul 2014,0.1124764
Jul 2015,0.1195483
Jul 2016,0.1522446
Jul 2017,0.1390271
Jul 2018,0.1282106
Jul 2019,0.1489715
