Time,Soil Water Index with Characteristic Time Length of 15 Days
Jul 2007,49.43548
Jul 2008,37.7258
Jul 2009,41.19355
Jul 2010,42.16129
Jul 2011,43.8629
Jul 2012,47.70967
Jul 2013,42.25807
Jul 2014,38.79033
Jul 2015,34.7258
Jul 2016,45.47581
Jul 2017,38.44355
