Time,Soil Water Index with Characteristic Time Length of 15 Days
Oct 2007,6.57258
Oct 2008,5.282258
Oct 2009,3.233871
Oct 2010,6.967742
Oct 2011,6.08871
Oct 2012,5.532258
Oct 2013,6.91129
Oct 2014,8.524192
Oct 2015,4.169353
Oct 2016,8.104837
Oct 2017,8.588711
