Time,EVI
Oct 2000,0.2501085
Oct 2001,0.2182714
Oct 2002,0.1842903
Oct 2003,0.2030641
Oct 2004,0.1766215
Oct 2005,0.1948254
Oct 2006,0.2436097
Oct 2007,0.2304111
Oct 2008,0.1943458
Oct 2009,0.1857313
Oct 2010,0.2392446
Oct 2011,0.2533848
Oct 2012,0.2138055
Oct 2013,0.2172551
Oct 2014,0.2574818
Oct 2015,0.169167
Oct 2016,0.2050863
Oct 2017,0.2273517
Oct 2018,0.2463948
Oct 2019,0.228819
