Time,EVI
Jul 2000,0.1167929
Jul 2001,0.1919877
Jul 2002,0.1451502
Jul 2003,0.1333881
Jul 2004,0.1519908
Jul 2005,0.2095803
Jul 2006,0.1689723
Jul 2007,0.2487245
Jul 2008,0.1147256
Jul 2009,0.1177382
Jul 2010,0.1602844
Jul 2011,0.1434102
Jul 2012,0.1725686
Jul 2013,0.1317429
Jul 2014,0.148445
Jul 2015,0.2219084
Jul 2016,0.1503749
Jul 2017,0.1861056
Jul 2018,0.1321821
Jul 2019,0.1582993
