Time,EVI
Oct 2000,0.4128031
Oct 2001,0.3443586
Oct 2002,0.1728461
Oct 2003,0.2440718
Oct 2004,0.2120279
Oct 2005,0.2318714
Oct 2006,0.3271316
Oct 2007,0.2727245
Oct 2008,0.2112492
Oct 2009,0.2366674
Oct 2010,0.3177126
Oct 2011,0.2974498
Oct 2012,0.1724152
Oct 2013,0.2253058
Oct 2014,0.3434311
Oct 2015,0.1903307
Oct 2016,0.2046145
Oct 2017,0.3554932
Oct 2018,0.2846
Oct 2019,0.3377673
