Time,Soil Water Index with Characteristic Time Length of 15 Days
Oct 2007,11.14516
Oct 2008,10.37903
Oct 2009,10.09677
Oct 2010,17.07257
Oct 2011,11.08871
Oct 2012,9.177418
Oct 2013,23.31451
Oct 2014,32.01612
Oct 2015,12.75807
Oct 2016,16.24194
Oct 2017,22.21774
