"Harvest Year","Payout"
1983,29.1692486425339
1984,200
1985,100
1986,0
1987,179.509619790395
1988,100
1989,100.96221025641
1990,100
1991,0
1992,136.943479487179
1993,100
1994,100
1995,100
1996,0
1997,0
1998,100
1999,0
2000,100
2001,0
2002,100
2003,9.30255128205127
2004,23.0168230769231
2005,0
2006,100
2007,0
2008,100
2009,106.589633333333
2010,100
2011,100
2012,0
2013,100
2014,100
2015,197.189643589744
2016,0
2017,100
2018,0
2019,100
