Time,EVI
Jul 2000,0.1540893
Jul 2001,0.1846866
Jul 2002,0.1331762
Jul 2003,0.1656437
Jul 2004,0.1439738
Jul 2005,0.1676555
Jul 2006,0.14342
Jul 2007,0.1917261
Jul 2008,0.1490641
Jul 2009,0.1127425
Jul 2010,0.1454788
Jul 2011,0.1610564
Jul 2012,0.1749918
Jul 2013,0.1544991
Jul 2014,0.1443096
Jul 2015,0.1995428
Jul 2016,0.1786501
Jul 2017,0.1822089
Jul 2018,0.1747107
Jul 2019,0.2078809
