Time,Soil Water Index with Characteristic Time Length of 15 Days
Jul 2007,63.91935
Jul 2008,39.35483
Jul 2009,48.99194
Jul 2010,45.82258
Jul 2011,48.35485
Jul 2012,50.91129
Jul 2013,51.64516
Jul 2014,40.20968
Jul 2015,40.59678
Jul 2016,52.89515
Jul 2017,43.67741
