Time,EVI
Oct 2000,0.384157
Oct 2001,0.2861426
Oct 2002,0.3133951
Oct 2003,0.2723631
Oct 2004,0.2779248
Oct 2005,0.2587825
Oct 2006,0.2761118
Oct 2007,0.2825951
Oct 2008,0.3187123
Oct 2009,0.2857923
Oct 2010,0.298151
Oct 2011,0.3171915
Oct 2012,0.2492414
Oct 2013,0.3025317
Oct 2014,0.3369872
Oct 2015,0.2797498
Oct 2016,0.2638732
Oct 2017,0.2919326
Oct 2018,0.2823645
Oct 2019,0.2829134
