Time,Soil Water Index with Characteristic Time Length of 15 Days
Oct 2007,12.20968
Oct 2008,11.70161
Oct 2009,9.653223
Oct 2010,16.83064
Oct 2011,12.50807
Oct 2012,10.32258
Oct 2013,23.23387
Oct 2014,31.54839
Oct 2015,13.33871
Oct 2016,17.44355
Oct 2017,22.73387
