Time,Soil Water Index with Characteristic Time Length of 15 Days
Jul 2007,75.2016
Jul 2008,63.84677
Jul 2009,63.39516
Jul 2010,61.16935
Jul 2011,64.27419
Jul 2012,69.06451
Jul 2013,70.15321
Jul 2014,53.80645
Jul 2015,52.16935
Jul 2016,70.79838
Jul 2017,64.33871
