Time,EVI
Jul 2000,0.133907
Jul 2001,0.1810041
Jul 2002,0.1284936
Jul 2003,0.159652
Jul 2004,0.1202517
Jul 2005,0.1379458
Jul 2006,0.113431
Jul 2007,0.2113239
Jul 2008,0.1451514
Jul 2009,0.1317601
Jul 2010,0.1164896
Jul 2011,0.1934268
Jul 2012,0.1505201
Jul 2013,0.1236751
Jul 2014,0.1543931
Jul 2015,0.1459103
Jul 2016,0.1682148
Jul 2017,0.1536742
Jul 2018,0.1812122
Jul 2019,0.1847683
