Time,EVI
Oct 2000,0.2988982
Oct 2001,0.2311318
Oct 2002,0.22052
Oct 2003,0.2804756
Oct 2004,0.2642115
Oct 2005,0.2392774
Oct 2006,0.252824
Oct 2007,0.2355359
Oct 2008,0.2535084
Oct 2009,0.2672747
Oct 2010,0.2515686
Oct 2011,0.26623
Oct 2012,0.2241258
Oct 2013,0.2750596
Oct 2014,0.2904972
Oct 2015,0.2219518
Oct 2016,0.2417122
Oct 2017,0.2532946
Oct 2018,0.2441822
Oct 2019,0.2604345
