Time,Soil Water Index with Characteristic Time Length of 15 Days
Oct 2007,21.04032
Oct 2008,18.10484
Oct 2009,22.72581
Oct 2010,22.30645
Oct 2011,21.75
Oct 2012,17.83871
Oct 2013,30.37903
Oct 2014,26.98386
Oct 2015,18.30645
Oct 2016,27.14516
Oct 2017,30.04838
