Time,Soil Water Index with Characteristic Time Length of 15 Days
Jul 2007,74.0887
Jul 2008,61.15323
Jul 2009,62.2258
Jul 2010,59.59677
Jul 2011,62.6371
Jul 2012,68.24193
Jul 2013,67.54837
Jul 2014,52.74999
Jul 2015,51.12903
Jul 2016,69.38709
Jul 2017,65.0
