Time,EVI
Jul 2000,0.2160226
Jul 2001,0.2005044
Jul 2002,0.1592195
Jul 2003,0.2182627
Jul 2004,0.1897924
Jul 2005,0.215516
Jul 2006,0.1441653
Jul 2007,0.2642493
Jul 2008,0.2084154
Jul 2009,0.1369673
Jul 2010,0.1580524
Jul 2011,0.239219
Jul 2012,0.1867255
Jul 2013,0.1886846
Jul 2014,0.1788352
Jul 2015,0.1891156
Jul 2016,0.2730199
Jul 2017,0.1839168
Jul 2018,0.2601412
Jul 2019,0.2211835
