Time,Soil Water Index with Characteristic Time Length of 15 Days
Oct 2007,21.95161
Oct 2008,20.03226
Oct 2009,23.87097
Oct 2010,23.16129
Oct 2011,21.21774
Oct 2012,19.82257
Oct 2013,29.60484
Oct 2014,25.87096
Oct 2015,19.5
Oct 2016,27.91936
Oct 2017,30.90322
