Time,EVI
Oct 2000,0.290935
Oct 2001,0.2585821
Oct 2002,0.1834177
Oct 2003,0.2626047
Oct 2004,0.2239238
Oct 2005,0.2524853
Oct 2006,0.2499275
Oct 2007,0.2579257
Oct 2008,0.2361893
Oct 2009,0.2600223
Oct 2010,0.2338076
Oct 2011,0.2496109
Oct 2012,0.2239698
Oct 2013,0.2580363
Oct 2014,0.2794423
Oct 2015,0.2136929
Oct 2016,0.2389442
Oct 2017,0.2450625
Oct 2018,0.2429578
Oct 2019,0.2675657
