"Harvest Year","Payout"
1983,13.5750668274299
1984,50.1063458064516
1985,0
1986,0
1987,93.1246030071684
1988,100
1989,111.339329032258
1990,100
1991,0
1992,100
1993,0
1994,0
1995,100
1996,0
1997,0
1998,0
1999,100
2000,0
2001,100
2002,155.0524
2003,42.4059283870968
2004,100.264573548387
2005,100
2006,0
2007,0
2008,100
2009,100
2010,100
2011,0
2012,0
2013,100
2014,0
2015,0
2016,0
2017,112.37708483871
2018,0
2019,164.030477419355
