Time,Soil Water Index with Characteristic Time Length of 15 Days
Jul 2007,71.09274
Jul 2008,62.20967
Jul 2009,61.53226
Jul 2010,56.39919
Jul 2011,60.17339
Jul 2012,66.78629
Jul 2013,67.83871
Jul 2014,48.06855
Jul 2015,47.09274
Jul 2016,68.97581
Jul 2017,59.64113
