Time,EVI
Jul 2000,0.1333412
Jul 2001,0.1747286
Jul 2002,0.1157862
Jul 2003,0.1576187
Jul 2004,0.1051134
Jul 2005,0.1365528
Jul 2006,0.1162461
Jul 2007,0.2639259
Jul 2008,0.1398961
Jul 2009,0.1477467
Jul 2010,0.1048183
Jul 2011,0.1760033
Jul 2012,0.17959
Jul 2013,0.1940258
Jul 2014,0.1251816
Jul 2015,0.1054803
Jul 2016,0.1771638
Jul 2017,0.1606424
Jul 2018,0.1955468
Jul 2019,0.1829792
