Time,Soil Water Index with Characteristic Time Length of 15 Days
Oct 2007,20.20564
Oct 2008,17.61291
Oct 2009,21.78226
Oct 2010,22.17339
Oct 2011,23.43548
Oct 2012,17.41532
Oct 2013,31.99596
Oct 2014,28.18548
Oct 2015,19.19355
Oct 2016,27.00806
Oct 2017,28.43548
