Time,EVI
Oct 2000,0.230211
Oct 2001,0.1883298
Oct 2002,0.1684377
Oct 2003,0.1949144
Oct 2004,0.1691309
Oct 2005,0.1803584
Oct 2006,0.1938138
Oct 2007,0.1870536
Oct 2008,0.1982375
Oct 2009,0.1935942
Oct 2010,0.1988152
Oct 2011,0.2149688
Oct 2012,0.1815767
Oct 2013,0.2332468
Oct 2014,0.2202954
Oct 2015,0.1397446
Oct 2016,0.1743973
Oct 2017,0.2005205
Oct 2018,0.1928939
Oct 2019,0.2121099
