"Harvest Year","Payout"
1983,0
1984,117.178668518519
1985,70.5526722222222
1986,0
1987,10.1348208333333
1988,0
1989,0
1990,58.3333333333333
1991,65.9307333333333
1992,100
1993,0
1994,0
1995,53.7822666666667
1996,0
1997,58.3333333333333
1998,0
1999,0
2000,0
2001,158.333333333333
2002,121.32085
2003,0
2004,40.5449125
2005,0
2006,0
2007,0
2008,0
2009,75.8413
2010,0
2011,0
2012,0
2013,3.40544999999999
2014,0
2015,0.599066666666673
2016,0
2017,0
2018,0
2019,8.74247499999998
