Time,EVI
Jul 2000,0.1856804
Jul 2001,0.2119597
Jul 2002,0.1770846
Jul 2003,0.2184522
Jul 2004,0.1871453
Jul 2005,0.2308231
Jul 2006,0.2106777
Jul 2007,0.2130878
Jul 2008,0.1718293
Jul 2009,0.1581746
Jul 2010,0.189794
Jul 2011,0.2585707
Jul 2012,0.2263036
Jul 2013,0.2392298
Jul 2014,0.2089552
Jul 2015,0.1987007
Jul 2016,0.1986996
Jul 2017,0.2249413
Jul 2018,0.1744746
Jul 2019,0.2172954
