Time,Soil Water Index with Characteristic Time Length of 15 Days
Jul 2007,74.45161
Jul 2008,53.20967
Jul 2009,58.67742
Jul 2010,56.52419
Jul 2011,58.90322
Jul 2012,65.33065
Jul 2013,61.85484
Jul 2014,48.83871
Jul 2015,47.20968
Jul 2016,64.41129
Jul 2017,56.56451
