Time,EVI
Oct 2000,0.3094913
Oct 2001,0.2745045
Oct 2002,0.2605128
Oct 2003,0.2770646
Oct 2004,0.2515439
Oct 2005,0.2490011
Oct 2006,0.2803347
Oct 2007,0.2807612
Oct 2008,0.2797998
Oct 2009,0.2724701
Oct 2010,0.2912585
Oct 2011,0.2950953
Oct 2012,0.2591945
Oct 2013,0.2736518
Oct 2014,0.3001102
Oct 2015,0.2654938
Oct 2016,0.2585402
Oct 2017,0.2505078
Oct 2018,0.2728049
Oct 2019,0.2729286
