Time,Soil Water Index with Characteristic Time Length of 15 Days
Oct 2007,10.62903
Oct 2008,9.346771
Oct 2009,6.741935
Oct 2010,11.81452
Oct 2011,12.70161
Oct 2012,10.1371
Oct 2013,15.48387
Oct 2014,18.70967
Oct 2015,9.330644
Oct 2016,15.59677
Oct 2017,16.19355
