Time,EVI
Jul 2000,0.15291
Jul 2001,0.2095766
Jul 2002,0.1278325
Jul 2003,0.1856486
Jul 2004,0.1546552
Jul 2005,0.1661537
Jul 2006,0.1288959
Jul 2007,0.2893151
Jul 2008,0.1681395
Jul 2009,0.1874831
Jul 2010,0.1213122
Jul 2011,0.1717298
Jul 2012,0.1827492
Jul 2013,0.1879343
Jul 2014,0.1354835
Jul 2015,0.1340242
Jul 2016,0.1788958
Jul 2017,0.1537417
Jul 2018,0.2040855
Jul 2019,0.2008114
