Time,Soil Water Index with Characteristic Time Length of 15 Days
Jul 2007,72.88708
Jul 2008,62.67741
Jul 2009,61.93549
Jul 2010,57.90322
Jul 2011,61.19355
Jul 2012,67.46774
Jul 2013,68.2742
Jul 2014,49.74193
Jul 2015,48.79032
Jul 2016,69.58062
Jul 2017,61.82257
