Time,Soil Water Index with Characteristic Time Length of 15 Days
Oct 2007,20.41935
Oct 2008,17.96774
Oct 2009,22.80645
Oct 2010,21.77419
Oct 2011,21.82258
Oct 2012,17.37097
Oct 2013,31.01612
Oct 2014,26.95161
Oct 2015,18.32258
Oct 2016,26.77419
Oct 2017,29.35484
