Time,EVI
Oct 2000,0.2456927
Oct 2001,0.203333
Oct 2002,0.1820391
Oct 2003,0.2073791
Oct 2004,0.1767372
Oct 2005,0.1926723
Oct 2006,0.2169626
Oct 2007,0.1995524
Oct 2008,0.2082897
Oct 2009,0.2181704
Oct 2010,0.2069368
Oct 2011,0.2146778
Oct 2012,0.1921901
Oct 2013,0.2431768
Oct 2014,0.2513253
Oct 2015,0.1413364
Oct 2016,0.179526
Oct 2017,0.1898126
Oct 2018,0.1856975
Oct 2019,0.2277697
