Time,EVI
Jul 2000,0.1369881
Jul 2001,0.174887
Jul 2002,0.1387798
Jul 2003,0.1433238
Jul 2004,0.1636017
Jul 2005,0.1601011
Jul 2006,0.1434698
Jul 2007,0.2055603
Jul 2008,0.1238353
Jul 2009,0.1242059
Jul 2010,0.1375288
Jul 2011,0.1260176
Jul 2012,0.1256588
Jul 2013,0.140551
Jul 2014,0.1306569
Jul 2015,0.1460195
Jul 2016,0.1488214
Jul 2017,0.1400729
Jul 2018,0.1517577
Jul 2019,0.1495253
