Time,Soil Water Index with Characteristic Time Length of 15 Days
Jul 2007,34.45161
Jul 2008,18.35887
Jul 2009,25.39919
Jul 2010,25.49194
Jul 2011,24.125
Jul 2012,22.97984
Jul 2013,23.54032
Jul 2014,21.16129
Jul 2015,20.68145
Jul 2016,26.58871
Jul 2017,22.86694
