Time,EVI
Oct 2000,0.3477558
Oct 2001,0.2701433
Oct 2002,0.1806785
Oct 2003,0.2453317
Oct 2004,0.1941357
Oct 2005,0.2165999
Oct 2006,0.2563943
Oct 2007,0.2163477
Oct 2008,0.1980957
Oct 2009,0.1717935
Oct 2010,0.2807062
Oct 2011,0.2355323
Oct 2012,0.1915384
Oct 2013,0.2389529
Oct 2014,0.3266923
Oct 2015,0.1719181
Oct 2016,0.2151255
Oct 2017,0.2640159
Oct 2018,0.2991598
Oct 2019,0.2489696
