Time,Soil Water Index with Characteristic Time Length of 15 Days
Oct 2007,8.41129
Oct 2008,7.657258
Oct 2009,6.883064
Oct 2010,15.00403
Oct 2011,6.17742
Oct 2012,8.338709
Oct 2013,16.59677
Oct 2014,28.76613
Oct 2015,8.911289
Oct 2016,12.66532
Oct 2017,18.66532
