Time,EVI
Jul 2000,0.2400453
Jul 2001,0.2903475
Jul 2002,0.3279482
Jul 2003,0.2372442
Jul 2004,0.2502398
Jul 2005,0.2092014
Jul 2006,0.2679415
Jul 2007,0.2650887
Jul 2008,0.3592993
Jul 2009,0.2177282
Jul 2010,0.3049131
Jul 2011,0.342523
Jul 2012,0.2677342
Jul 2013,0.2964284
Jul 2014,0.3280419
Jul 2015,0.3360813
Jul 2016,0.2688479
Jul 2017,0.29757
Jul 2018,0.2618757
Jul 2019,0.327037
