Time,EVI
Oct 2000,0.324235
Oct 2001,0.267687
Oct 2002,0.2613534
Oct 2003,0.3283614
Oct 2004,0.2724549
Oct 2005,0.2643624
Oct 2006,0.2636033
Oct 2007,0.2695689
Oct 2008,0.2358554
Oct 2009,0.2790046
Oct 2010,0.2276325
Oct 2011,0.2439677
Oct 2012,0.2535362
Oct 2013,0.2642922
Oct 2014,0.2891811
Oct 2015,0.2372002
Oct 2016,0.2329898
Oct 2017,0.2398974
Oct 2018,0.2488395
Oct 2019,0.2817886
