Time,EVI
Jul 2000,0.1943448
Jul 2001,0.2436072
Jul 2002,0.1661395
Jul 2003,0.1882555
Jul 2004,0.1404559
Jul 2005,0.171162
Jul 2006,0.1805047
Jul 2007,0.2172787
Jul 2008,0.1841177
Jul 2009,0.1357346
Jul 2010,0.1682605
Jul 2011,0.1718939
Jul 2012,0.2119736
Jul 2013,0.1940621
Jul 2014,0.1942216
Jul 2015,0.17842
Jul 2016,0.2011072
Jul 2017,0.1856345
Jul 2018,0.1818356
Jul 2019,0.2217005
