Time,EVI
Oct 2000,0.2138702
Oct 2001,0.2280676
Oct 2002,0.1706223
Oct 2003,0.2137927
Oct 2004,0.1786081
Oct 2005,0.1936323
Oct 2006,0.2005254
Oct 2007,0.2126208
Oct 2008,0.1936546
Oct 2009,0.2057045
Oct 2010,0.2180709
Oct 2011,0.2286918
Oct 2012,0.2205871
Oct 2013,0.1948786
Oct 2014,0.2481433
Oct 2015,0.1944493
Oct 2016,0.1988464
Oct 2017,0.2058006
Oct 2018,0.2278488
Oct 2019,0.2063186
