Time,Soil Water Index with Characteristic Time Length of 15 Days
Oct 2007,3.919354
Oct 2008,2.354838
Oct 2009,1.790323
Oct 2010,4.451613
Oct 2011,4.516129
Oct 2012,3.854838
Oct 2013,4.129032
Oct 2014,5.596775
Oct 2015,3.241935
Oct 2016,4.629033
Oct 2017,4.419355
