Time,EVI
Jul 2000,0.1916638
Jul 2001,0.2813374
Jul 2002,0.1812125
Jul 2003,0.212018
Jul 2004,0.1825588
Jul 2005,0.2219514
Jul 2006,0.2228826
Jul 2007,0.2665144
Jul 2008,0.221835
Jul 2009,0.1755851
Jul 2010,0.1739351
Jul 2011,0.2126433
Jul 2012,0.245331
Jul 2013,0.2679145
Jul 2014,0.1837776
Jul 2015,0.1988284
Jul 2016,0.2352307
Jul 2017,0.2022024
Jul 2018,0.2417823
Jul 2019,0.1905422
