Time,Soil Water Index with Characteristic Time Length of 15 Days
Jul 2007,24.04839
Jul 2008,12.41936
Jul 2009,16.91129
Jul 2010,14.2742
Jul 2011,14.48387
Jul 2012,18.20161
Jul 2013,15.92742
Jul 2014,16.20161
Jul 2015,13.54839
Jul 2016,18.65322
Jul 2017,14.02419
