Time,EVI
Oct 2000,0.1857988
Oct 2001,0.1887512
Oct 2002,0.1712102
Oct 2003,0.173494
Oct 2004,0.1645868
Oct 2005,0.1898902
Oct 2006,0.1866343
Oct 2007,0.1849991
Oct 2008,0.1632793
Oct 2009,0.1920218
Oct 2010,0.1948966
Oct 2011,0.1879137
Oct 2012,0.1836601
Oct 2013,0.1630267
Oct 2014,0.2338588
Oct 2015,0.1898411
Oct 2016,0.1944688
Oct 2017,0.1936295
Oct 2018,0.1903058
Oct 2019,0.2026497
