Time,Soil Water Index with Characteristic Time Length of 15 Days
Oct 2007,1.556451
Oct 2008,1.056452
Oct 2009,2.064516
Oct 2010,1.370967
Oct 2011,1.862903
Oct 2012,1.637096
Oct 2013,1.604838
Oct 2014,3.056452
Oct 2015,1.387097
Oct 2016,2.322581
Oct 2017,2.153226
