"Harvest Year","Payout"
1983,0
1984,131.523528191343
1985,12.7750322649572
1986,0
1987,0
1988,0
1989,0
1990,48.9965012406948
1991,0
1992,145.99515483871
1993,0
1994,0
1995,22.5335461538461
1996,0
1997,0
1998,0
1999,0
2000,0
2001,102.896464764268
2002,116.081577419355
2003,63.0665
2004,24.7608419354839
2005,0
2006,67.9165870967742
2007,0
2008,0
2009,0
2010,10.357835483871
2011,0
2012,0
2013,0
2014,0
2015,69.2307692307692
2016,0
2017,1.19597096774194
2018,0
2019,0
