"Harvest Year","Payout"
1983,0
1984,160.540657142857
1985,0
1986,0
1987,0
1988,0
1989,9.26762499999997
1990,150.083855555556
1991,0
1992,47.6054853174603
1993,0
1994,0
1995,0
1996,0
1997,0
1998,0
1999,7.18927222222223
2000,1.46653888888889
2001,0
2002,0.346107142857164
2003,11.2187714285714
2004,17.9806642857143
2005,0
2006,12.2728214285714
2007,0
2008,97.2072111111111
2009,0
2010,0
2011,0
2012,0
2013,100
2014,25.5411777777778
2015,75.9415805555556
2016,0
2017,0
2018,0
2019,0
