"Harvest Year","Payout"
1983,116.304149449759
1984,53.8429368421053
1985,100
1986,0
1987,54.7725868421053
1988,0
1989,15.6689648809524
1990,0
1991,0
1992,53.9289622807018
1993,0
1994,0
1995,1.80203374490142
1996,0
1997,0
1998,0
1999,0
2000,0
2001,0
2002,0
2003,0
2004,53.0837073934837
2005,27.6163476190476
2006,36.5308684210526
2007,0
2008,0
2009,0
2010,25.8453684210526
2011,0
2012,0
2013,0
2014,100
2015,77.486
2016,0
2017,100
2018,0
2019,0
