Time,Soil Water Index with Characteristic Time Length of 15 Days
Jul 2007,33.26613
Jul 2008,26.73387
Jul 2009,29.93548
Jul 2010,25.83468
Jul 2011,26.24193
Jul 2012,32.06048
Jul 2013,27.28226
Jul 2014,29.70564
Jul 2015,24.44758
Jul 2016,30.66532
Jul 2017,27.18548
