Time,EVI
Jul 2000,0.2007946
Jul 2001,0.2291649
Jul 2002,0.1877034
Jul 2003,0.1782571
Jul 2004,0.1739985
Jul 2005,0.1875938
Jul 2006,0.1788723
Jul 2007,0.2008572
Jul 2008,0.1538109
Jul 2009,0.1493467
Jul 2010,0.1833089
Jul 2011,0.1585196
Jul 2012,0.1827247
Jul 2013,0.1999298
Jul 2014,0.1612629
Jul 2015,0.1877357
Jul 2016,0.2027477
Jul 2017,0.2021735
Jul 2018,0.1600202
Jul 2019,0.1869988
