Time,Soil Water Index with Characteristic Time Length of 15 Days
Oct 2007,4.504032
Oct 2008,3.25
Oct 2009,2.294355
Oct 2010,5.407259
Oct 2011,5.604839
Oct 2012,5.471775
Oct 2013,4.766128
Oct 2014,7.721774
Oct 2015,4.395162
Oct 2016,6.556451
Oct 2017,5.217741
