Time,EVI
Oct 2000,0.2604349
Oct 2001,0.2354089
Oct 2002,0.213836
Oct 2003,0.2267042
Oct 2004,0.211915
Oct 2005,0.2190396
Oct 2006,0.2256444
Oct 2007,0.2278874
Oct 2008,0.2214838
Oct 2009,0.2248475
Oct 2010,0.2340507
Oct 2011,0.2438096
Oct 2012,0.2336825
Oct 2013,0.2175543
Oct 2014,0.2646589
Oct 2015,0.2249475
Oct 2016,0.2405561
Oct 2017,0.2336118
Oct 2018,0.2465376
Oct 2019,0.245663
