Time,EVI
Jul 2000,0.167853
Jul 2001,0.1833014
Jul 2002,0.1826265
Jul 2003,0.1707338
Jul 2004,0.1585584
Jul 2005,0.1908749
Jul 2006,0.1750664
Jul 2007,0.1874588
Jul 2008,0.1618295
Jul 2009,0.1124638
Jul 2010,0.1783099
Jul 2011,0.1448093
Jul 2012,0.1705763
Jul 2013,0.1495795
Jul 2014,0.1438892
Jul 2015,0.1247058
Jul 2016,0.1579949
Jul 2017,0.1541312
Jul 2018,0.1391304
Jul 2019,0.1935093
