Time,Soil Water Index with Characteristic Time Length of 15 Days
Jul 2007,39.02419
Jul 2008,29.30242
Jul 2009,32.93952
Jul 2010,29.94355
Jul 2011,31.49194
Jul 2012,36.4758
Jul 2013,31.82258
Jul 2014,33.21774
Jul 2015,23.8871
Jul 2016,34.27822
Jul 2017,29.02823
