Time,EVI
Oct 2000,0.1739779
Oct 2001,0.1855748
Oct 2002,0.143466
Oct 2003,0.1725999
Oct 2004,0.1632767
Oct 2005,0.1680866
Oct 2006,0.1882685
Oct 2007,0.1690176
Oct 2008,0.1606811
Oct 2009,0.1562477
Oct 2010,0.1584325
Oct 2011,0.173582
Oct 2012,0.1736568
Oct 2013,0.1605036
Oct 2014,0.1761692
Oct 2015,0.1336304
Oct 2016,0.1432867
Oct 2017,0.1544936
Oct 2018,0.166598
Oct 2019,0.1695766
