Time,Soil Water Index with Characteristic Time Length of 15 Days
Oct 2007,7.625
Oct 2008,5.185483
Oct 2009,5.153225
Oct 2010,7.93145
Oct 2011,6.758064
Oct 2012,6.217742
Oct 2013,6.80242
Oct 2014,7.834675
Oct 2015,5.907258
Oct 2016,5.943547
Oct 2017,7.427418
