Time,EVI
Jul 2000,0.1859792
Jul 2001,0.2445069
Jul 2002,0.241203
Jul 2003,0.2101022
Jul 2004,0.2327625
Jul 2005,0.1812443
Jul 2006,0.2364794
Jul 2007,0.2034799
Jul 2008,0.2045295
Jul 2009,0.1596993
Jul 2010,0.1680021
Jul 2011,0.2192055
Jul 2012,0.1899724
Jul 2013,0.1516527
Jul 2014,0.2055563
Jul 2015,0.1758457
Jul 2016,0.150247
Jul 2017,0.1802879
Jul 2018,0.1666097
Jul 2019,0.2148543
