Time,Soil Water Index with Characteristic Time Length of 15 Days
Oct 2007,28.59678
Oct 2008,32.59676
Oct 2009,23.2742
Oct 2010,33.03226
Oct 2011,38.7258
Oct 2012,35.77419
Oct 2013,36.06451
Oct 2014,51.24193
Oct 2015,37.58065
Oct 2016,40.1129
Oct 2017,39.35484
