Time,EVI
Oct 2000,0.2856919
Oct 2001,0.3069515
Oct 2002,0.2976795
Oct 2003,0.3440865
Oct 2004,0.3465578
Oct 2005,0.2968035
Oct 2006,0.2666175
Oct 2007,0.2743459
Oct 2008,0.2603378
Oct 2009,0.2853628
Oct 2010,0.2561097
Oct 2011,0.263338
Oct 2012,0.26732
Oct 2013,0.2612993
Oct 2014,0.3027818
Oct 2015,0.3033196
Oct 2016,0.3143402
Oct 2017,0.3400556
Oct 2018,0.3263537
Oct 2019,0.3376594
