Time,EVI
Jul 2000,0.1786052
Jul 2001,0.259018
Jul 2002,0.1689882
Jul 2003,0.1730995
Jul 2004,0.1925977
Jul 2005,0.1999705
Jul 2006,0.1707961
Jul 2007,0.2064527
Jul 2008,0.1854286
Jul 2009,0.1347306
Jul 2010,0.1972048
Jul 2011,0.1458326
Jul 2012,0.1642842
Jul 2013,0.2008163
Jul 2014,0.2287496
Jul 2015,0.2015546
Jul 2016,0.2345655
Jul 2017,0.2150772
Jul 2018,0.1711642
Jul 2019,0.2002324
