Time,Soil Water Index with Characteristic Time Length of 15 Days
Jul 2007,35.69355
Jul 2008,30.06451
Jul 2009,32.76613
Jul 2010,30.58871
Jul 2011,28.75
Jul 2012,34.33064
Jul 2013,28.84678
Jul 2014,34.69354
Jul 2015,28.75806
Jul 2016,34.42742
Jul 2017,30.74193
