Time,Soil Water Index with Characteristic Time Length of 15 Days
Oct 2007,4.370967
Oct 2008,4.362903
Oct 2009,2.225806
Oct 2010,6.887097
Oct 2011,5.040323
Oct 2012,5.209678
Oct 2013,5.959677
Oct 2014,10.12097
Oct 2015,4.451612
Oct 2016,6.798387
Oct 2017,5.354838
