Time,EVI
Oct 2000,0.2479579
Oct 2001,0.232068
Oct 2002,0.197248
Oct 2003,0.2428183
Oct 2004,0.2124038
Oct 2005,0.1999615
Oct 2006,0.2171097
Oct 2007,0.2276384
Oct 2008,0.2179922
Oct 2009,0.2214979
Oct 2010,0.2283314
Oct 2011,0.2271946
Oct 2012,0.2258083
Oct 2013,0.229596
Oct 2014,0.2493117
Oct 2015,0.2297965
Oct 2016,0.2319878
Oct 2017,0.2295078
Oct 2018,0.2514122
Oct 2019,0.2474945
