"year","SWI"
2007,30.64431
2008,25.56687
2009,29.60606
2010,25.01869
2011,25.54218
2012,30.29421
2013,26.68706
2014,28.73899
2015,24.04742
2016,29.47004
2017,26.04358
