Time,EVI
Aug 2000,0.304401
Aug 2001,0.316739
Aug 2002,0.2940485
Aug 2003,0.3130652
Aug 2004,0.2908424
Aug 2005,0.2963752
Aug 2006,0.276998
Aug 2007,0.3149427
Aug 2008,0.2824154
Aug 2009,0.2931552
Aug 2010,0.2661362
Aug 2011,0.2695545
Aug 2012,0.2921572
Aug 2013,0.2962519
Aug 2014,0.2950982
Aug 2015,0.2681942
Aug 2016,0.2903293
Aug 2017,0.2625256
Aug 2018,0.2884505
Aug 2019,0.2980811
