Time,EVI
Oct 2000,0.2386529
Oct 2001,0.2333768
Oct 2002,0.1876278
Oct 2003,0.2262385
Oct 2004,0.1966304
Oct 2005,0.2089899
Oct 2006,0.2117705
Oct 2007,0.2230754
Oct 2008,0.2096991
Oct 2009,0.209531
Oct 2010,0.2248403
Oct 2011,0.2291876
Oct 2012,0.2166465
Oct 2013,0.212751
Oct 2014,0.2520228
Oct 2015,0.2094555
Oct 2016,0.2199786
Oct 2017,0.2170864
Oct 2018,0.2344166
Oct 2019,0.2241282
