"year","SWI"
2007,4.394985
2008,3.319065
2009,2.278811
2010,5.738238
2011,5.603692
2012,4.870132
2013,5.089461
2014,7.398986
2015,4.67674
2016,6.011644
2017,5.332522
