Time,EVI
Jul 2000,0.1451458
Jul 2001,0.2103249
Jul 2002,0.1563362
Jul 2003,0.1576601
Jul 2004,0.1359467
Jul 2005,0.1670243
Jul 2006,0.1706765
Jul 2007,0.1704916
Jul 2008,0.1550645
Jul 2009,0.1257223
Jul 2010,0.1489223
Jul 2011,0.1944307
Jul 2012,0.1900548
Jul 2013,0.1846099
Jul 2014,0.1437929
Jul 2015,0.1666203
Jul 2016,0.1915481
Jul 2017,0.1629032
Jul 2018,0.1771756
Jul 2019,0.1822596
