Time,Soil Water Index with Characteristic Time Length of 15 Days
Jul 2007,63.98387
Jul 2008,49.3629
Jul 2009,50.77419
Jul 2010,53.35484
Jul 2011,55.83064
Jul 2012,60.85483
Jul 2013,54.02419
Jul 2014,49.20967
Jul 2015,43.01613
Jul 2016,58.25807
Jul 2017,50.07259
