Time,Soil Water Index with Characteristic Time Length of 15 Days
Oct 2007,11.44355
Oct 2008,7.903225
Oct 2009,5.693548
Oct 2010,13.77419
Oct 2011,11.83871
Oct 2012,10.26613
Oct 2013,12.05645
Oct 2014,14.28226
Oct 2015,7.080645
Oct 2016,13.69355
Oct 2017,13.39516
