Time,EVI
Oct 2000,0.2297731
Oct 2001,0.2145372
Oct 2002,0.2054363
Oct 2003,0.219699
Oct 2004,0.1814606
Oct 2005,0.2034379
Oct 2006,0.2262919
Oct 2007,0.2165918
Oct 2008,0.1899457
Oct 2009,0.18039
Oct 2010,0.2212516
Oct 2011,0.2212624
Oct 2012,0.204163
Oct 2013,0.2163676
Oct 2014,0.2439959
Oct 2015,0.1776069
Oct 2016,0.1965666
Oct 2017,0.2085391
Oct 2018,0.2184079
Oct 2019,0.2250923
