Time,Soil Water Index with Characteristic Time Length of 15 Days
Jul 2007,75.54032
Jul 2008,66.83871
Jul 2009,69.45966
Jul 2010,61.46773
Jul 2011,65.3871
Jul 2012,76.26612
Jul 2013,71.93549
Jul 2014,60.25805
Jul 2015,58.1371
Jul 2016,70.51613
Jul 2017,63.0
