Time,EVI
Jul 2000,0.271136
Jul 2001,0.3493761
Jul 2002,0.2842871
Jul 2003,0.2558353
Jul 2004,0.3046677
Jul 2005,0.2874958
Jul 2006,0.2594213
Jul 2007,0.3542789
Jul 2008,0.2775764
Jul 2009,0.2244379
Jul 2010,0.2922819
Jul 2011,0.3093429
Jul 2012,0.2447748
Jul 2013,0.2926463
Jul 2014,0.253461
Jul 2015,0.3226987
Jul 2016,0.334945
Jul 2017,0.3644321
Jul 2018,0.3597994
Jul 2019,0.3336037
