Time,EVI
Oct 2000,0.4708936
Oct 2001,0.3923621
Oct 2002,0.3344829
Oct 2003,0.4242066
Oct 2004,0.37879
Oct 2005,0.3707597
Oct 2006,0.4116578
Oct 2007,0.3773443
Oct 2008,0.4240313
Oct 2009,0.4310457
Oct 2010,0.3934389
Oct 2011,0.3489263
Oct 2012,0.3916007
Oct 2013,0.3906597
Oct 2014,0.420826
Oct 2015,0.3693524
Oct 2016,0.3520453
Oct 2017,0.4180575
Oct 2018,0.3827479
Oct 2019,0.3930899
