Time,Soil Water Index with Characteristic Time Length of 15 Days
Oct 2007,17.29032
Oct 2008,16.18548
Oct 2009,15.37903
Oct 2010,18.0
Oct 2011,14.57258
Oct 2012,18.19355
Oct 2013,22.5
Oct 2014,22.6129
Oct 2015,15.03226
Oct 2016,20.59678
Oct 2017,20.91129
