Time,EVI
Aug 2000,0.2834655
Aug 2001,0.3103473
Aug 2002,0.2743187
Aug 2003,0.3016744
Aug 2004,0.2614791
Aug 2005,0.2662774
Aug 2006,0.2639341
Aug 2007,0.3105498
Aug 2008,0.2283605
Aug 2009,0.2493741
Aug 2010,0.2368216
Aug 2011,0.2368463
Aug 2012,0.2733191
Aug 2013,0.2673355
Aug 2014,0.262918
Aug 2015,0.2144595
Aug 2016,0.2591294
Aug 2017,0.2490784
Aug 2018,0.257043
Aug 2019,0.2661813
