"year","SWI"
2007,38.23514
2008,28.4865
2009,31.97097
2010,27.90744
2011,29.13819
2012,33.40355
2013,29.74119
2014,30.64863
2015,22.12528
2016,31.98893
2017,26.69026
