Time,EVI
Oct 2000,0.2039344
Oct 2001,0.2165919
Oct 2002,0.1570699
Oct 2003,0.2039739
Oct 2004,0.178056
Oct 2005,0.1848
Oct 2006,0.1995804
Oct 2007,0.2053984
Oct 2008,0.1748758
Oct 2009,0.1834333
Oct 2010,0.1918012
Oct 2011,0.1933648
Oct 2012,0.1901579
Oct 2013,0.1930623
Oct 2014,0.2121035
Oct 2015,0.1601704
Oct 2016,0.1849465
Oct 2017,0.1849628
Oct 2018,0.1987904
Oct 2019,0.2014313
