"year","SWI"
2007,8.01953
2008,5.728094
2009,5.248162
2010,7.8686
2011,6.293275
2012,6.325831
2013,6.139898
2014,7.364078
2015,5.968801
2016,5.757616
2017,6.940684
