Time,Soil Water Index with Characteristic Time Length of 15 Days
Jul 2007,79.99998
Jul 2008,63.41935
Jul 2009,61.29032
Jul 2010,62.80645
Jul 2011,67.19353
Jul 2012,73.87096
Jul 2013,74.51613
Jul 2014,58.27419
Jul 2015,56.19355
Jul 2016,70.16129
Jul 2017,63.96774
