Time,EVI
Jul 2000,0.2161214
Jul 2001,0.2481462
Jul 2002,0.2390309
Jul 2003,0.2049887
Jul 2004,0.2523722
Jul 2005,0.1963674
Jul 2006,0.2452926
Jul 2007,0.2436503
Jul 2008,0.2930758
Jul 2009,0.1886286
Jul 2010,0.2431088
Jul 2011,0.3166167
Jul 2012,0.2287541
Jul 2013,0.2093557
Jul 2014,0.2866423
Jul 2015,0.3076378
Jul 2016,0.2289873
Jul 2017,0.2701725
Jul 2018,0.292765
Jul 2019,0.3222297
