Time,EVI
Oct 2000,0.298982
Oct 2001,0.2289969
Oct 2002,0.2346846
Oct 2003,0.272804
Oct 2004,0.2413485
Oct 2005,0.2431392
Oct 2006,0.2262034
Oct 2007,0.2313088
Oct 2008,0.2129022
Oct 2009,0.2473275
Oct 2010,0.2350353
Oct 2011,0.2133649
Oct 2012,0.2598703
Oct 2013,0.24762
Oct 2014,0.2513394
Oct 2015,0.234236
Oct 2016,0.217951
Oct 2017,0.214202
Oct 2018,0.2270901
Oct 2019,0.2517614
