Time,Soil Water Index with Characteristic Time Length of 15 Days
Oct 2007,11.40323
Oct 2008,12.54838
Oct 2009,11.79032
Oct 2010,16.72581
Oct 2011,13.46774
Oct 2012,14.87097
Oct 2013,20.41935
Oct 2014,26.53226
Oct 2015,15.32258
Oct 2016,16.3871
Oct 2017,13.32258
