Time,Soil Water Index with Characteristic Time Length of 15 Days
Jul 2007,45.64516
Jul 2008,32.46774
Jul 2009,35.23388
Jul 2010,34.43548
Jul 2011,35.57258
Jul 2012,42.24194
Jul 2013,36.91935
Jul 2014,31.83871
Jul 2015,26.08064
Jul 2016,40.23387
Jul 2017,36.03226
