Time,EVI
Jul 2000,0.1957272
Jul 2001,0.1998603
Jul 2002,0.1682308
Jul 2003,0.1819565
Jul 2004,0.1733508
Jul 2005,0.1809766
Jul 2006,0.1446546
Jul 2007,0.2056591
Jul 2008,0.09531134
Jul 2009,0.1047355
Jul 2010,0.1435663
Jul 2011,0.1171351
Jul 2012,0.1402685
Jul 2013,0.1131814
Jul 2014,0.1348079
Jul 2015,0.1249012
Jul 2016,0.1580648
Jul 2017,0.1845482
Jul 2018,0.153025
Jul 2019,0.2169002
