Time,EVI
Oct 2000,0.3744797
Oct 2001,0.3717709
Oct 2002,0.2892636
Oct 2003,0.3239719
Oct 2004,0.2130029
Oct 2005,0.2499511
Oct 2006,0.3092315
Oct 2007,0.3531308
Oct 2008,0.3014537
Oct 2009,0.1346957
Oct 2010,0.3439581
Oct 2011,0.3349897
Oct 2012,0.3269579
Oct 2013,0.2576679
Oct 2014,0.427258
Oct 2015,0.1397499
Oct 2016,0.2669325
Oct 2017,0.3897903
Oct 2018,0.3848488
Oct 2019,0.3415585
