Time,EVI
Jul 2000,0.1566556
Jul 2001,0.221243
Jul 2002,0.1392649
Jul 2003,0.1834653
Jul 2004,0.1281856
Jul 2005,0.1671059
Jul 2006,0.155554
Jul 2007,0.2429285
Jul 2008,0.149605
Jul 2009,0.1563439
Jul 2010,0.1488683
Jul 2011,0.2085166
Jul 2012,0.1853014
Jul 2013,0.1927456
Jul 2014,0.1870489
Jul 2015,0.1982744
Jul 2016,0.1875026
Jul 2017,0.178006
Jul 2018,0.1907496
Jul 2019,0.1731091
