Time,Soil Water Index with Characteristic Time Length of 15 Days
Jul 2007,19.83468
Jul 2008,12.35484
Jul 2009,15.60887
Jul 2010,15.19758
Jul 2011,15.04032
Jul 2012,16.91129
Jul 2013,16.35484
Jul 2014,14.75403
Jul 2015,12.44355
Jul 2016,17.14516
Jul 2017,14.68145
