Time,EVI
Oct 2000,0.3031918
Oct 2001,0.2808762
Oct 2002,0.2580394
Oct 2003,0.2623082
Oct 2004,0.2291686
Oct 2005,0.2611296
Oct 2006,0.2626976
Oct 2007,0.2583507
Oct 2008,0.2696612
Oct 2009,0.2187168
Oct 2010,0.2737768
Oct 2011,0.2938474
Oct 2012,0.269638
Oct 2013,0.2519063
Oct 2014,0.3039998
Oct 2015,0.2134531
Oct 2016,0.2298421
Oct 2017,0.2747991
Oct 2018,0.2981948
Oct 2019,0.3024981
