Time,Soil Water Index with Characteristic Time Length of 15 Days
Oct 2007,1.725806
Oct 2008,1.370968
Oct 2009,1.41129
Oct 2010,1.725806
Oct 2011,1.508065
Oct 2012,1.709677
Oct 2013,2.16129
Oct 2014,3.391129
Oct 2015,1.637097
Oct 2016,2.153226
Oct 2017,2.754032
