"Harvest Year","Payout"
1983,26.9546765074847
1984,191.165419354839
1985,100
1986,0
1987,10.6863911059908
1988,100
1989,104.172151612903
1990,100
1991,0
1992,100
1993,0
1994,100
1995,100
1996,0
1997,0
1998,100
1999,100
2000,100
2001,0
2002,41.4979193548387
2003,0
2004,31.4111451612903
2005,0
2006,100
2007,0
2008,100
2009,100
2010,100
2011,0
2012,0
2013,100
2014,100
2015,152.090280645161
2016,0
2017,100
2018,3.55549032258065
2019,121.85345483871
