Time,EVI
Aug 2000,0.2739403
Aug 2001,0.2885736
Aug 2002,0.2688048
Aug 2003,0.2739132
Aug 2004,0.2497233
Aug 2005,0.2768142
Aug 2006,0.2677738
Aug 2007,0.3044671
Aug 2008,0.2456862
Aug 2009,0.2491911
Aug 2010,0.2649245
Aug 2011,0.2627905
Aug 2012,0.2895578
Aug 2013,0.2775518
Aug 2014,0.2550692
Aug 2015,0.2420246
Aug 2016,0.2880844
Aug 2017,0.2696073
Aug 2018,0.2771181
Aug 2019,0.2836147
