"year","SWI"
2007,49.66618
2008,35.38622
2009,40.34555
2010,40.47331
2011,40.21892
2012,42.72144
2013,41.2046
2014,36.23178
2015,33.73257
2016,42.94701
2017,36.51498
