"year","SWI"
2007,7.07939
2008,6.829263
2009,5.54051
2010,8.832119
2011,7.2407
2012,6.975109
2013,10.98492
2014,13.21987
2015,7.064205
2016,9.565975
2017,10.56007
