Time,EVI
Oct 2000,0.266058
Oct 2001,0.2493332
Oct 2002,0.2142034
Oct 2003,0.2315735
Oct 2004,0.1933874
Oct 2005,0.2117863
Oct 2006,0.2473213
Oct 2007,0.2466921
Oct 2008,0.2063158
Oct 2009,0.1999398
Oct 2010,0.2388783
Oct 2011,0.2466355
Oct 2012,0.2110849
Oct 2013,0.232067
Oct 2014,0.270519
Oct 2015,0.1870801
Oct 2016,0.2204973
Oct 2017,0.2402921
Oct 2018,0.2545463
Oct 2019,0.2593797
