Time,Soil Water Index with Characteristic Time Length of 15 Days
Jul 2007,78.19757
Jul 2008,67.76614
Jul 2009,62.7621
Jul 2010,61.21775
Jul 2011,67.14113
Jul 2012,73.40321
Jul 2013,75.50404
Jul 2014,61.42742
Jul 2015,57.90322
Jul 2016,70.58064
Jul 2017,66.13709
