Time,EVI
Jul 2000,0.2207952
Jul 2001,0.2811784
Jul 2002,0.2744953
Jul 2003,0.2161725
Jul 2004,0.2031127
Jul 2005,0.1802199
Jul 2006,0.2574379
Jul 2007,0.2553623
Jul 2008,0.3023876
Jul 2009,0.1738902
Jul 2010,0.2004927
Jul 2011,0.2581188
Jul 2012,0.2226614
Jul 2013,0.2381181
Jul 2014,0.2648046
Jul 2015,0.23177
Jul 2016,0.1739086
Jul 2017,0.240479
Jul 2018,0.2083229
Jul 2019,0.3019468
