Time,Soil Water Index with Characteristic Time Length of 15 Days
Oct 2007,12.92742
Oct 2008,12.80242
Oct 2009,9.205645
Oct 2010,14.39919
Oct 2011,13.79838
Oct 2012,13.68951
Oct 2013,20.55645
Oct 2014,30.69355
Oct 2015,14.92339
Oct 2016,16.06048
Oct 2017,15.65726
