Time,EVI
Oct 2000,0.2640088
Oct 2001,0.2195117
Oct 2002,0.1880592
Oct 2003,0.2613993
Oct 2004,0.2128347
Oct 2005,0.2287447
Oct 2006,0.2163914
Oct 2007,0.2289663
Oct 2008,0.2141221
Oct 2009,0.2175207
Oct 2010,0.2062285
Oct 2011,0.2332372
Oct 2012,0.2076311
Oct 2013,0.2255352
Oct 2014,0.2600414
Oct 2015,0.1985169
Oct 2016,0.205051
Oct 2017,0.2324875
Oct 2018,0.2224838
Oct 2019,0.2343095
