Time,Soil Water Index with Characteristic Time Length of 15 Days
Jul 2007,36.61289
Jul 2008,27.24194
Jul 2009,31.06451
Jul 2010,27.74193
Jul 2011,27.22581
Jul 2012,33.46774
Jul 2013,26.70968
Jul 2014,31.46774
Jul 2015,25.83871
Jul 2016,32.04839
Jul 2017,26.95162
