Time,EVI
Jul 2000,0.2106742
Jul 2001,0.2396018
Jul 2002,0.1556415
Jul 2003,0.1776231
Jul 2004,0.1730312
Jul 2005,0.2136634
Jul 2006,0.187831
Jul 2007,0.2396301
Jul 2008,0.2062186
Jul 2009,0.132537
Jul 2010,0.1496241
Jul 2011,0.237374
Jul 2012,0.2136657
Jul 2013,0.1893074
Jul 2014,0.2184302
Jul 2015,0.1852584
Jul 2016,0.1900167
Jul 2017,0.2410225
Jul 2018,0.1827725
Jul 2019,0.2211607
