Time,EVI
Oct 2000,0.2913036
Oct 2001,0.2367554
Oct 2002,0.2222956
Oct 2003,0.2476472
Oct 2004,0.2290201
Oct 2005,0.2472894
Oct 2006,0.2548915
Oct 2007,0.2504321
Oct 2008,0.2557407
Oct 2009,0.2464102
Oct 2010,0.2889397
Oct 2011,0.2686655
Oct 2012,0.2703472
Oct 2013,0.2473415
Oct 2014,0.3009315
Oct 2015,0.247497
Oct 2016,0.2751026
Oct 2017,0.2477234
Oct 2018,0.2962525
Oct 2019,0.2731254
