Time,Soil Water Index with Characteristic Time Length of 15 Days
Oct 2007,4.693549
Oct 2008,3.758064
Oct 2009,2.629032
Oct 2010,5.935483
Oct 2011,5.467742
Oct 2012,5.66129
Oct 2013,4.612903
Oct 2014,8.016129
Oct 2015,3.709677
Oct 2016,7.999999
Oct 2017,5.419355
