Time,Soil Water Index with Characteristic Time Length of 15 Days
Jul 2007,81.27016
Jul 2008,75.50404
Jul 2009,70.02822
Jul 2010,67.69757
Jul 2011,72.71372
Jul 2012,78.73387
Jul 2013,79.27419
Jul 2014,69.45564
Jul 2015,65.70161
Jul 2016,77.5766
Jul 2017,72.70967
