Time,EVI
Jul 2000,0.2359762
Jul 2001,0.2148958
Jul 2002,0.3066795
Jul 2003,0.2022278
Jul 2004,0.2894108
Jul 2005,0.1974746
Jul 2006,0.3399193
Jul 2007,0.2755045
Jul 2008,0.3379362
Jul 2009,0.2336759
Jul 2010,0.2800261
Jul 2011,0.365143
Jul 2012,0.2400227
Jul 2013,0.2491161
Jul 2014,0.2966855
Jul 2015,0.336244
Jul 2016,0.2452049
Jul 2017,0.2930457
Jul 2018,0.2736733
Jul 2019,0.3233567
