Time,Soil Water Index with Characteristic Time Length of 15 Days
Oct 2007,21.29435
Oct 2008,22.81855
Oct 2009,17.98791
Oct 2010,22.47177
Oct 2011,23.70967
Oct 2012,23.02419
Oct 2013,29.06451
Oct 2014,38.3629
Oct 2015,24.43145
Oct 2016,27.81854
Oct 2017,28.0
