Time,EVI
Oct 2000,0.393176
Oct 2001,0.3343121
Oct 2002,0.3448854
Oct 2003,0.3757028
Oct 2004,0.3485991
Oct 2005,0.3323242
Oct 2006,0.3432729
Oct 2007,0.3272939
Oct 2008,0.3062458
Oct 2009,0.3238484
Oct 2010,0.2744061
Oct 2011,0.2775549
Oct 2012,0.3419584
Oct 2013,0.3285332
Oct 2014,0.31769
Oct 2015,0.2763931
Oct 2016,0.3086085
Oct 2017,0.3207799
Oct 2018,0.311133
Oct 2019,0.3601498
