Time,EVI
Jul 2000,0.1571627
Jul 2001,0.1893507
Jul 2002,0.1549933
Jul 2003,0.1856945
Jul 2004,0.169576
Jul 2005,0.1749284
Jul 2006,0.1723375
Jul 2007,0.2078386
Jul 2008,0.1593756
Jul 2009,0.1281885
Jul 2010,0.1632014
Jul 2011,0.1549903
Jul 2012,0.157415
Jul 2013,0.1760569
Jul 2014,0.1639881
Jul 2015,0.2287958
Jul 2016,0.1928497
Jul 2017,0.1764564
Jul 2018,0.1867302
Jul 2019,0.1983053
