Time,Soil Water Index with Characteristic Time Length of 15 Days
Jul 2007,64.33064
Jul 2008,39.34678
Jul 2009,49.3387
Jul 2010,45.95161
Jul 2011,48.8387
Jul 2012,50.79032
Jul 2013,51.4516
Jul 2014,40.60484
Jul 2015,41.31452
Jul 2016,53.23388
Jul 2017,43.62097
