Time,EVI
Oct 2000,0.3897498
Oct 2001,0.3156033
Oct 2002,0.2745856
Oct 2003,0.2548788
Oct 2004,0.2435438
Oct 2005,0.2470058
Oct 2006,0.2696071
Oct 2007,0.2715404
Oct 2008,0.2374819
Oct 2009,0.2741621
Oct 2010,0.2829412
Oct 2011,0.3012633
Oct 2012,0.2207638
Oct 2013,0.2796827
Oct 2014,0.3291066
Oct 2015,0.2488831
Oct 2016,0.252261
Oct 2017,0.3033527
Oct 2018,0.2896106
Oct 2019,0.2881619
