Time,Soil Water Index with Characteristic Time Length of 15 Days
Oct 2007,11.3629
Oct 2008,10.80645
Oct 2009,9.354837
Oct 2010,15.70968
Oct 2011,11.8629
Oct 2012,9.572579
Oct 2013,22.19355
Oct 2014,29.91935
Oct 2015,12.54839
Oct 2016,16.55645
Oct 2017,21.5
