"Harvest Year","Payout"
1983,49.9933990538076
1984,200
1985,100
1986,0
1987,182.641940906238
1988,0
1989,100
1990,100
1991,100
1992,115.048279069767
1993,103.204465116279
1994,100
1995,100
1996,0
1997,0
1998,100
1999,0
2000,100
2001,0
2002,135.925893023256
2003,100
2004,7.35986279069766
2005,100
2006,100
2007,100
2008,0
2009,100
2010,100
2011,0
2012,0
2013,100
2014,107.542558139535
2015,200
2016,100
2017,100
2018,0
2019,100
