Time,EVI
Jul 2000,0.1116079
Jul 2001,0.1521188
Jul 2002,0.1006209
Jul 2003,0.1398072
Jul 2004,0.1043743
Jul 2005,0.1148449
Jul 2006,0.1003417
Jul 2007,0.1446784
Jul 2008,0.1124385
Jul 2009,0.10185
Jul 2010,0.09067157
Jul 2011,0.1511517
Jul 2012,0.1166006
Jul 2013,0.1245821
Jul 2014,0.1496015
Jul 2015,0.1260971
Jul 2016,0.1549521
Jul 2017,0.1316941
Jul 2018,0.1374656
Jul 2019,0.1548021
