Time,Soil Water Index with Characteristic Time Length of 15 Days
Jul 2007,77.51614
Jul 2008,65.01612
Jul 2009,64.85484
Jul 2010,64.43549
Jul 2011,67.35484
Jul 2012,70.66129
Jul 2013,72.03226
Jul 2014,57.87096
Jul 2015,55.54838
Jul 2016,72.01613
Jul 2017,66.85485
