Time,EVI
Oct 2000,0.2789091
Oct 2001,0.2221028
Oct 2002,0.251855
Oct 2003,0.2945873
Oct 2004,0.2943072
Oct 2005,0.2764175
Oct 2006,0.2822506
Oct 2007,0.2485195
Oct 2008,0.2855074
Oct 2009,0.3166445
Oct 2010,0.2671168
Oct 2011,0.2683987
Oct 2012,0.2562892
Oct 2013,0.2969955
Oct 2014,0.335134
Oct 2015,0.3057089
Oct 2016,0.3056879
Oct 2017,0.3273149
Oct 2018,0.3073274
Oct 2019,0.2936837
