Time,Soil Water Index with Characteristic Time Length of 15 Days
Oct 2007,21.66129
Oct 2008,18.24194
Oct 2009,22.64516
Oct 2010,22.83871
Oct 2011,21.67742
Oct 2012,18.30645
Oct 2013,29.74194
Oct 2014,27.01613
Oct 2015,18.29032
Oct 2016,27.51613
Oct 2017,30.74194
