Time,EVI
Jul 2000,0.2036973
Jul 2001,0.2885277
Jul 2002,0.2596505
Jul 2003,0.2080653
Jul 2004,0.2461008
Jul 2005,0.1842992
Jul 2006,0.2434816
Jul 2007,0.2558261
Jul 2008,0.2922841
Jul 2009,0.129909
Jul 2010,0.2596413
Jul 2011,0.2726491
Jul 2012,0.1721368
Jul 2013,0.1711878
Jul 2014,0.3729733
Jul 2015,0.3412058
Jul 2016,0.3022839
Jul 2017,0.2827562
Jul 2018,0.2724428
Jul 2019,0.3064541
