Time,Soil Water Index with Characteristic Time Length of 15 Days
Jul 2007,81.20968
Jul 2008,69.72982
Jul 2009,67.13306
Jul 2010,69.99194
Jul 2011,72.58467
Jul 2012,77.95967
Jul 2013,78.07256
Jul 2014,66.2258
Jul 2015,62.22984
Jul 2016,77.39114
Jul 2017,69.08064
