Time,Soil Water Index with Characteristic Time Length of 15 Days
Oct 2007,24.34677
Oct 2008,22.20967
Oct 2009,25.91533
Oct 2010,28.08064
Oct 2011,25.28225
Oct 2012,22.125
Oct 2013,34.16935
Oct 2014,32.43951
Oct 2015,27.41935
Oct 2016,33.79435
Oct 2017,35.20968
