Time,EVI
Oct 2000,0.3969261
Oct 2001,0.3363589
Oct 2002,0.3302316
Oct 2003,0.3530646
Oct 2004,0.3580633
Oct 2005,0.3623824
Oct 2006,0.331939
Oct 2007,0.3208591
Oct 2008,0.2884796
Oct 2009,0.3555822
Oct 2010,0.3009737
Oct 2011,0.3228211
Oct 2012,0.306984
Oct 2013,0.3461623
Oct 2014,0.3364476
Oct 2015,0.3150398
Oct 2016,0.3355811
Oct 2017,0.3120415
Oct 2018,0.3521492
Oct 2019,0.354051
