Time,EVI
Jul 2000,0.1030566
Jul 2001,0.146537
Jul 2002,0.1085735
Jul 2003,0.1131087
Jul 2004,0.164148
Jul 2005,0.1461358
Jul 2006,0.1154699
Jul 2007,0.1792258
Jul 2008,0.09338348
Jul 2009,0.1081753
Jul 2010,0.1266052
Jul 2011,0.1322179
Jul 2012,0.1204765
Jul 2013,0.1206474
Jul 2014,0.1233519
Jul 2015,0.148447
Jul 2016,0.1257019
Jul 2017,0.1112102
Jul 2018,0.1237182
Jul 2019,0.1261227
