Time,Soil Water Index with Characteristic Time Length of 15 Days
Jul 2007,33.1129
Jul 2008,16.21774
Jul 2009,24.22581
Jul 2010,24.08065
Jul 2011,22.2258
Jul 2012,20.70968
Jul 2013,21.33064
Jul 2014,19.73387
Jul 2015,20.28226
Jul 2016,25.09677
Jul 2017,21.17742
