Time,EVI
Oct 2000,0.3364271
Oct 2001,0.2493051
Oct 2002,0.1488534
Oct 2003,0.2210634
Oct 2004,0.1667712
Oct 2005,0.1896648
Oct 2006,0.2408449
Oct 2007,0.1875532
Oct 2008,0.1794987
Oct 2009,0.2032669
Oct 2010,0.2609232
Oct 2011,0.193781
Oct 2012,0.1676727
Oct 2013,0.2483103
Oct 2014,0.2988523
Oct 2015,0.1893897
Oct 2016,0.2105634
Oct 2017,0.2497054
Oct 2018,0.2181004
Oct 2019,0.2321046
