Time,Soil Water Index with Characteristic Time Length of 15 Days
Oct 2007,6.854838
Oct 2008,5.766129
Oct 2009,6.274193
Oct 2010,12.66935
Oct 2011,5.056451
Oct 2012,6.709676
Oct 2013,14.6371
Oct 2014,25.70967
Oct 2015,7.717741
Oct 2016,9.975806
Oct 2017,15.8871
