Time,Soil Water Index with Characteristic Time Length of 15 Days
Jul 2007,36.6371
Jul 2008,32.20161
Jul 2009,31.10484
Jul 2010,35.20161
Jul 2011,26.66129
Jul 2012,36.41935
Jul 2013,26.78226
Jul 2014,37.25806
Jul 2015,27.90322
Jul 2016,34.0
Jul 2017,32.37903
