Time,EVI
Jul 2000,0.2278372
Jul 2001,0.2677921
Jul 2002,0.2166244
Jul 2003,0.2061551
Jul 2004,0.208024
Jul 2005,0.2169824
Jul 2006,0.214643
Jul 2007,0.2280746
Jul 2008,0.1874959
Jul 2009,0.1469306
Jul 2010,0.2031937
Jul 2011,0.2376269
Jul 2012,0.2087227
Jul 2013,0.1923584
Jul 2014,0.2632127
Jul 2015,0.2145789
Jul 2016,0.2249726
Jul 2017,0.234452
Jul 2018,0.1846026
Jul 2019,0.2565494
