Time,EVI
Oct 2000,0.3099313
Oct 2001,0.2780454
Oct 2002,0.2548412
Oct 2003,0.3198357
Oct 2004,0.2877064
Oct 2005,0.2686347
Oct 2006,0.2625467
Oct 2007,0.2671485
Oct 2008,0.28951
Oct 2009,0.2763831
Oct 2010,0.2943306
Oct 2011,0.2854435
Oct 2012,0.2804975
Oct 2013,0.303447
Oct 2014,0.3092839
Oct 2015,0.2858061
Oct 2016,0.3024571
Oct 2017,0.2656243
Oct 2018,0.3164497
Oct 2019,0.2926726
