Time,Soil Water Index with Characteristic Time Length of 15 Days
Oct 2007,5.935483
Oct 2008,5.532259
Oct 2009,2.491935
Oct 2010,9.467742
Oct 2011,6.903227
Oct 2012,6.104839
Oct 2013,8.733871
Oct 2014,14.09677
Oct 2015,6.306452
Oct 2016,10.55645
Oct 2017,8.459677
