Time,EVI
Jul 2000,0.1610785
Jul 2001,0.2130947
Jul 2002,0.1365514
Jul 2003,0.1602756
Jul 2004,0.1258607
Jul 2005,0.1798622
Jul 2006,0.1352942
Jul 2007,0.1913587
Jul 2008,0.1343996
Jul 2009,0.1148454
Jul 2010,0.1521317
Jul 2011,0.1804784
Jul 2012,0.136822
Jul 2013,0.135071
Jul 2014,0.1638673
Jul 2015,0.1510963
Jul 2016,0.211193
Jul 2017,0.1637063
Jul 2018,0.1943135
Jul 2019,0.2100754
