Time,EVI
Oct 2000,0.292473
Oct 2001,0.24462
Oct 2002,0.2671651
Oct 2003,0.2944171
Oct 2004,0.2895072
Oct 2005,0.2590127
Oct 2006,0.2742524
Oct 2007,0.2747637
Oct 2008,0.2859186
Oct 2009,0.3014715
Oct 2010,0.2924117
Oct 2011,0.3236461
Oct 2012,0.3151165
Oct 2013,0.3492047
Oct 2014,0.3775409
Oct 2015,0.3252229
Oct 2016,0.3665335
Oct 2017,0.374015
Oct 2018,0.364915
Oct 2019,0.3846427
