Time,Soil Water Index with Characteristic Time Length of 15 Days
Oct 2007,18.0
Oct 2008,16.97581
Oct 2009,19.24194
Oct 2010,18.16935
Oct 2011,15.15323
Oct 2012,19.14516
Oct 2013,23.41936
Oct 2014,21.54032
Oct 2015,15.93548
Oct 2016,20.62903
Oct 2017,23.75806
