"Harvest Year","Payout"
1983,29.6291300653595
1984,100
1985,100
1986,0
1987,47.5928029569893
1988,100
1989,100
1990,103.225806451613
1991,0
1992,100
1993,0
1994,0
1995,100
1996,39.7003290322581
1997,3.22580645161291
1998,0
1999,100
2000,0
2001,100
2002,183.870967741935
2003,3.47790322580646
2004,3.22580645161291
2005,0
2006,5.35124838709677
2007,100
2008,0
2009,0
2010,100
2011,0
2012,0
2013,100
2014,100
2015,0
2016,0
2017,0
2018,0
2019,0
