Time,EVI
Jul 2000,0.2172349
Jul 2001,0.2205954
Jul 2002,0.1828475
Jul 2003,0.1831015
Jul 2004,0.1794923
Jul 2005,0.191769
Jul 2006,0.1784036
Jul 2007,0.2363545
Jul 2008,0.1892674
Jul 2009,0.1668678
Jul 2010,0.1750193
Jul 2011,0.2047435
Jul 2012,0.2021534
Jul 2013,0.2295061
Jul 2014,0.2035158
Jul 2015,0.1738194
Jul 2016,0.2182782
Jul 2017,0.204874
Jul 2018,0.2125535
Jul 2019,0.2391123
