Time,Soil Water Index with Characteristic Time Length of 15 Days
Jul 2007,29.45968
Jul 2008,19.8871
Jul 2009,24.44354
Jul 2010,20.69355
Jul 2011,23.16129
Jul 2012,28.3871
Jul 2013,26.03226
Jul 2014,23.23387
Jul 2015,19.65323
Jul 2016,26.90322
Jul 2017,22.38709
