Time,Soil Water Index with Characteristic Time Length of 15 Days
Oct 2007,3.435484
Oct 2008,1.725806
Oct 2009,1.669355
Oct 2010,3.290322
Oct 2011,3.701613
Oct 2012,3.008065
Oct 2013,2.41129
Oct 2014,4.346775
Oct 2015,1.983871
Oct 2016,4.056452
Oct 2017,4.241935
