Time,EVI
Oct 2000,0.2502601
Oct 2001,0.2351828
Oct 2002,0.2016145
Oct 2003,0.2377629
Oct 2004,0.2209874
Oct 2005,0.2274296
Oct 2006,0.2347998
Oct 2007,0.2406849
Oct 2008,0.2377456
Oct 2009,0.2174354
Oct 2010,0.2547517
Oct 2011,0.2665817
Oct 2012,0.252151
Oct 2013,0.2346833
Oct 2014,0.2708262
Oct 2015,0.2253831
Oct 2016,0.2496961
Oct 2017,0.2532662
Oct 2018,0.2504454
Oct 2019,0.2455509
