"Harvest Year","Payout"
1983,39.857157872549
1984,49.726841
1985,84.525414537037
1986,0
1987,15.0482190661377
1988,0
1989,0
1990,43.2625766666666
1991,0
1992,85.45543
1993,0
1994,0
1995,31.5433833333333
1996,0
1997,0
1998,0
1999,0
2000,0
2001,0
2002,170.388993333333
2003,0
2004,26.5691833333333
2005,0
2006,0
2007,63.3610166666667
2008,0
2009,13.9235903333333
2010,0
2011,0
2012,0
2013,36.0825566666667
2014,100
2015,73.3913033333333
2016,0
2017,0
2018,0
2019,0
