Time,Soil Water Index with Characteristic Time Length of 15 Days
Jul 2007,22.60484
Jul 2008,11.9879
Jul 2009,16.35081
Jul 2010,13.84677
Jul 2011,13.55242
Jul 2012,16.77822
Jul 2013,15.03226
Jul 2014,15.08871
Jul 2015,12.79435
Jul 2016,17.27419
Jul 2017,13.24597
