Time,EVI
Jul 2000,0.1936572
Jul 2001,0.2617707
Jul 2002,0.1730043
Jul 2003,0.2048757
Jul 2004,0.1643423
Jul 2005,0.2196524
Jul 2006,0.2211086
Jul 2007,0.2387372
Jul 2008,0.2181724
Jul 2009,0.1892684
Jul 2010,0.17523
Jul 2011,0.2359653
Jul 2012,0.2343863
Jul 2013,0.2511323
Jul 2014,0.2160513
Jul 2015,0.2057692
Jul 2016,0.2311342
Jul 2017,0.2051881
Jul 2018,0.2476466
Jul 2019,0.1658428
