Time,EVI
Oct 2000,0.1760543
Oct 2001,0.1890441
Oct 2002,0.1661323
Oct 2003,0.1685885
Oct 2004,0.1664422
Oct 2005,0.1834179
Oct 2006,0.1816357
Oct 2007,0.1834851
Oct 2008,0.1689948
Oct 2009,0.1893381
Oct 2010,0.1949255
Oct 2011,0.1868342
Oct 2012,0.1761558
Oct 2013,0.1634181
Oct 2014,0.2183459
Oct 2015,0.1984016
Oct 2016,0.194504
Oct 2017,0.2066459
Oct 2018,0.2106386
Oct 2019,0.2128319
