Time,Soil Water Index with Characteristic Time Length of 15 Days
Oct 2007,1.544355
Oct 2008,1.346774
Oct 2009,2.157258
Oct 2010,1.282258
Oct 2011,1.794355
Oct 2012,1.862903
Oct 2013,1.862903
Oct 2014,2.818549
Oct 2015,1.608871
Oct 2016,2.096774
Oct 2017,2.104839
