Time,EVI
Jul 2000,0.1667347
Jul 2001,0.2417871
Jul 2002,0.1438025
Jul 2003,0.1658226
Jul 2004,0.140306
Jul 2005,0.1644549
Jul 2006,0.1572239
Jul 2007,0.2356849
Jul 2008,0.1489906
Jul 2009,0.1477832
Jul 2010,0.1649017
Jul 2011,0.1794281
Jul 2012,0.1997449
Jul 2013,0.2202305
Jul 2014,0.1840653
Jul 2015,0.1844028
Jul 2016,0.2083105
Jul 2017,0.1774416
Jul 2018,0.1929607
Jul 2019,0.186904
