Time,EVI
Oct 2000,0.3021016
Oct 2001,0.266149
Oct 2002,0.2743491
Oct 2003,0.2690844
Oct 2004,0.2301696
Oct 2005,0.2497964
Oct 2006,0.2590725
Oct 2007,0.262636
Oct 2008,0.2749429
Oct 2009,0.2278828
Oct 2010,0.2704512
Oct 2011,0.3207721
Oct 2012,0.2772933
Oct 2013,0.2552333
Oct 2014,0.3109971
Oct 2015,0.2204044
Oct 2016,0.2507466
Oct 2017,0.2926145
Oct 2018,0.3053753
Oct 2019,0.3020805
