Time,EVI
Jul 2000,0.2154408
Jul 2001,0.1988611
Jul 2002,0.1815315
Jul 2003,0.1694864
Jul 2004,0.1896845
Jul 2005,0.2347323
Jul 2006,0.1996369
Jul 2007,0.211511
Jul 2008,0.2173401
Jul 2009,0.1285296
Jul 2010,0.1878824
Jul 2011,0.1622506
Jul 2012,0.1804949
Jul 2013,0.1864596
Jul 2014,0.1810286
Jul 2015,0.1959353
Jul 2016,0.1933118
Jul 2017,0.1960545
Jul 2018,0.1588727
Jul 2019,0.2168618
