Time,Soil Water Index with Characteristic Time Length of 15 Days
Jul 2007,34.06451
Jul 2008,26.12097
Jul 2009,30.92338
Jul 2010,27.06451
Jul 2011,28.39516
Jul 2012,33.08871
Jul 2013,28.90726
Jul 2014,30.54435
Jul 2015,22.70161
Jul 2016,31.42339
Jul 2017,26.48387
