Time,EVI
Oct 2000,0.2217548
Oct 2001,0.2161758
Oct 2002,0.1553731
Oct 2003,0.2221778
Oct 2004,0.1959601
Oct 2005,0.2148345
Oct 2006,0.205473
Oct 2007,0.2181807
Oct 2008,0.1985949
Oct 2009,0.2049497
Oct 2010,0.2001045
Oct 2011,0.2170231
Oct 2012,0.1997121
Oct 2013,0.2275013
Oct 2014,0.2355653
Oct 2015,0.1717188
Oct 2016,0.1993404
Oct 2017,0.2099539
Oct 2018,0.2100593
Oct 2019,0.2132751
