Time,Soil Water Index with Characteristic Time Length of 15 Days
Oct 2007,6.048386
Oct 2008,4.790322
Oct 2009,4.516129
Oct 2010,6.689516
Oct 2011,6.495967
Oct 2012,5.391129
Oct 2013,6.068548
Oct 2014,6.649192
Oct 2015,5.508064
Oct 2016,5.528226
Oct 2017,6.245967
