"Harvest Year","Payout"
1983,81.2192211697723
1984,0
1985,0
1986,0
1987,47.7763476836735
1988,0
1989,0
1990,0
1991,2.51011739130433
1992,50.5906139130435
1993,0
1994,0
1995,0
1996,0
1997,8.35946428571427
1998,0
1999,1.49869565217394
2000,0
2001,0
2002,0
2003,0
2004,131.180026552795
2005,25.8039608695652
2006,0
2007,2.94390714285711
2008,0
2009,0
2010,0
2011,0
2012,0
2013,29.5017617391304
2014,53.9609186956522
2015,0
2016,0
2017,0.746269565217389
2018,0
2019,0
