"Harvest Year","Payout"
1983,28.3143873514557
1984,174.515436363636
1985,100
1986,0
1987,191.727064321789
1988,100
1989,175.266813636364
1990,100
1991,150.435954545455
1992,100
1993,0
1994,100
1995,100
1996,0
1997,0
1998,0
1999,100
2000,0
2001,0
2002,125.083213636364
2003,12.4409227272727
2004,106.695545454545
2005,0
2006,100
2007,0
2008,100
2009,100
2010,100
2011,0
2012,0
2013,0
2014,100
2015,133.002754545455
2016,0
2017,100
2018,100
2019,100
