"Harvest Year","Payout"
1983,62.1664979872082
1984,0
1985,100
1986,0
1987,0
1988,0
1989,0
1990,35.763155
1991,0
1992,75.44301
1993,0
1994,0
1995,0
1996,0
1997,41.4748057142857
1998,0
1999,0
2000,0
2001,0
2002,0
2003,0
2004,15.8920078571429
2005,58.064735
2006,0
2007,0
2008,0
2009,0
2010,2.56532285714286
2011,0
2012,0
2013,0
2014,0
2015,70.7541028571429
2016,0
2017,100
2018,0
2019,0
