"Harvest Year","Payout"
1983,59.1649230291005
1984,0
1985,0
1986,53.0688607142857
1987,53.0503903061225
1988,0
1989,0
1990,0
1991,14.5048133333333
1992,118.102003571429
1993,0
1994,0
1995,0
1996,0
1997,43.7594285714286
1998,0
1999,0
2000,0
2001,0
2002,0
2003,8.00754333333332
2004,109.918446666667
2005,11.25591
2006,0
2007,2.40628571428572
2008,0
2009,0
2010,17.0433928571428
2011,0
2012,0
2013,0
2014,21.4252666666667
2015,0
2016,0
2017,2.52005333333334
2018,0
2019,0
