Time,EVI
Jul 2000,0.1866584
Jul 2001,0.2240576
Jul 2002,0.217968
Jul 2003,0.1611692
Jul 2004,0.1987832
Jul 2005,0.1986256
Jul 2006,0.1397517
Jul 2007,0.2020142
Jul 2008,0.1753279
Jul 2009,0.1358539
Jul 2010,0.1751274
Jul 2011,0.2169125
Jul 2012,0.1417818
Jul 2013,0.1624378
Jul 2014,0.1712626
Jul 2015,0.2205368
Jul 2016,0.1954501
Jul 2017,0.1995531
Jul 2018,0.2326157
Jul 2019,0.2167627
