Time,Soil Water Index with Characteristic Time Length of 15 Days
Oct 2007,16.93548
Oct 2008,15.83871
Oct 2009,17.5
Oct 2010,16.88709
Oct 2011,13.83871
Oct 2012,18.58064
Oct 2013,22.45161
Oct 2014,21.03226
Oct 2015,14.33871
Oct 2016,18.64516
Oct 2017,21.87097
