Time,EVI
Oct 2000,0.3508914
Oct 2001,0.2794681
Oct 2002,0.2629734
Oct 2003,0.3311138
Oct 2004,0.3212573
Oct 2005,0.3025445
Oct 2006,0.2973791
Oct 2007,0.2916758
Oct 2008,0.2948518
Oct 2009,0.316906
Oct 2010,0.2974614
Oct 2011,0.3029703
Oct 2012,0.2889438
Oct 2013,0.3062603
Oct 2014,0.3368061
Oct 2015,0.3128105
Oct 2016,0.3072242
Oct 2017,0.345227
Oct 2018,0.3041916
Oct 2019,0.3175294
