Time,EVI
Jul 2000,0.2045327
Jul 2001,0.27565
Jul 2002,0.2200091
Jul 2003,0.2427616
Jul 2004,0.2136
Jul 2005,0.2005652
Jul 2006,0.2109236
Jul 2007,0.3598704
Jul 2008,0.2665687
Jul 2009,0.157678
Jul 2010,0.1471781
Jul 2011,0.2406212
Jul 2012,0.2057081
Jul 2013,0.2105004
Jul 2014,0.2297821
Jul 2015,0.2291848
Jul 2016,0.2378816
Jul 2017,0.2356883
Jul 2018,0.2413252
Jul 2019,0.2998077
