Time,Soil Water Index with Characteristic Time Length of 15 Days
Jul 2007,80.12097
Jul 2008,71.3145
Jul 2009,68.45161
Jul 2010,70.78225
Jul 2011,73.16937
Jul 2012,81.05646
Jul 2013,79.05645
Jul 2014,65.70161
Jul 2015,62.82258
Jul 2016,79.89516
Jul 2017,69.42741
