Time,Soil Water Index with Characteristic Time Length of 15 Days
Oct 2007,24.01612
Oct 2008,23.69355
Oct 2009,27.0
Oct 2010,30.52419
Oct 2011,27.23387
Oct 2012,23.70161
Oct 2013,34.5484
Oct 2014,33.25806
Oct 2015,32.37903
Oct 2016,35.27419
Oct 2017,36.04033
