Time,EVI
Oct 2000,0.3226466
Oct 2001,0.2344374
Oct 2002,0.2197641
Oct 2003,0.3021192
Oct 2004,0.2742709
Oct 2005,0.3083898
Oct 2006,0.2365701
Oct 2007,0.2299487
Oct 2008,0.2389071
Oct 2009,0.2847506
Oct 2010,0.2602
Oct 2011,0.2336938
Oct 2012,0.2188019
Oct 2013,0.2638879
Oct 2014,0.2564731
Oct 2015,0.2476926
Oct 2016,0.25213
Oct 2017,0.264779
Oct 2018,0.265185
Oct 2019,0.2578185
