Time,EVI
Jul 2000,0.2518415
Jul 2001,0.3096024
Jul 2002,0.203552
Jul 2003,0.2798393
Jul 2004,0.2647916
Jul 2005,0.3090145
Jul 2006,0.2268389
Jul 2007,0.3099037
Jul 2008,0.2620617
Jul 2009,0.2004934
Jul 2010,0.2082755
Jul 2011,0.2812222
Jul 2012,0.2671677
Jul 2013,0.2828835
Jul 2014,0.2160858
Jul 2015,0.2465026
Jul 2016,0.3020004
Jul 2017,0.302838
Jul 2018,0.3548619
Jul 2019,0.302476
