Time,EVI
Oct 2000,0.4245674
Oct 2001,0.343528
Oct 2002,0.282946
Oct 2003,0.3698909
Oct 2004,0.3088587
Oct 2005,0.3352652
Oct 2006,0.3753485
Oct 2007,0.3582951
Oct 2008,0.392918
Oct 2009,0.3700409
Oct 2010,0.3951198
Oct 2011,0.3273112
Oct 2012,0.3439983
Oct 2013,0.3526612
Oct 2014,0.4084899
Oct 2015,0.3129642
Oct 2016,0.3339007
Oct 2017,0.4180369
Oct 2018,0.3364925
Oct 2019,0.3883732
