Time,Soil Water Index with Characteristic Time Length of 15 Days
Jul 2007,25.89113
Jul 2008,22.54032
Jul 2009,29.12904
Jul 2010,24.43548
Jul 2011,24.39516
Jul 2012,27.54839
Jul 2013,25.80645
Jul 2014,28.17743
Jul 2015,20.8508
Jul 2016,27.12096
Jul 2017,23.18145
