Time,EVI
Jul 2000,0.1862447
Jul 2001,0.2834637
Jul 2002,0.2212611
Jul 2003,0.19994
Jul 2004,0.2006085
Jul 2005,0.2410039
Jul 2006,0.2309228
Jul 2007,0.2683872
Jul 2008,0.2259167
Jul 2009,0.1492606
Jul 2010,0.2100114
Jul 2011,0.2423833
Jul 2012,0.2104295
Jul 2013,0.2269861
Jul 2014,0.2244003
Jul 2015,0.2455311
Jul 2016,0.2388895
Jul 2017,0.2385371
Jul 2018,0.1968952
Jul 2019,0.2969242
