Time,EVI
Oct 2000,0.2516925
Oct 2001,0.2477276
Oct 2002,0.1922193
Oct 2003,0.248357
Oct 2004,0.2357647
Oct 2005,0.2128318
Oct 2006,0.2343461
Oct 2007,0.2361081
Oct 2008,0.2292303
Oct 2009,0.2268337
Oct 2010,0.2421973
Oct 2011,0.2315716
Oct 2012,0.2345198
Oct 2013,0.25025
Oct 2014,0.2836111
Oct 2015,0.2234668
Oct 2016,0.2453234
Oct 2017,0.2331943
Oct 2018,0.2668616
Oct 2019,0.2487424
