Time,Soil Water Index with Characteristic Time Length of 15 Days
Oct 2007,4.298386
Oct 2008,4.495968
Oct 2009,4.205646
Oct 2010,6.112903
Oct 2011,5.564516
Oct 2012,4.866935
Oct 2013,4.879032
Oct 2014,6.254032
Oct 2015,4.83871
Oct 2016,4.443548
Oct 2017,5.116936
