"Harvest Year","Payout"
1983,53.5631573901961
1984,0
1985,100
1986,0
1987,34.6004625206348
1988,100
1989,0
1990,19.713594
1991,0
1992,61.6264
1993,0
1994,0
1995,0
1996,0
1997,0
1998,0
1999,0
2000,0
2001,28
2002,142.941808
2003,0
2004,26.645156
2005,0
2006,0
2007,3.78645
2008,64.6811625
2009,0
2010,0
2011,0
2012,0
2013,0
2014,170.3288448
2015,54.6850324
2016,0
2017,100
2018,0
2019,0
