Time,Soil Water Index with Characteristic Time Length of 15 Days
Jul 2007,43.56452
Jul 2008,30.32258
Jul 2009,33.59678
Jul 2010,33.2258
Jul 2011,34.7742
Jul 2012,41.64516
Jul 2013,36.77419
Jul 2014,31.32258
Jul 2015,25.74194
Jul 2016,40.08065
Jul 2017,36.24193
