Time,EVI
Jul 2000,0.1536535
Jul 2001,0.1878681
Jul 2002,0.1351414
Jul 2003,0.1551338
Jul 2004,0.1367944
Jul 2005,0.2045914
Jul 2006,0.1977594
Jul 2007,0.2001721
Jul 2008,0.1022061
Jul 2009,0.1063683
Jul 2010,0.1655881
Jul 2011,0.1365618
Jul 2012,0.1816416
Jul 2013,0.1316122
Jul 2014,0.2068902
Jul 2015,0.1673049
Jul 2016,0.2057877
Jul 2017,0.1827117
Jul 2018,0.2100437
Jul 2019,0.2001569
