Time,Soil Water Index with Characteristic Time Length of 15 Days
Oct 2007,15.04838
Oct 2008,14.82258
Oct 2009,8.419355
Oct 2010,22.53226
Oct 2011,11.51613
Oct 2012,19.01613
Oct 2013,24.82258
Oct 2014,40.16128
Oct 2015,11.45161
Oct 2016,23.45161
Oct 2017,30.1129
