Time,EVI
Oct 2000,0.416443
Oct 2001,0.3912361
Oct 2002,0.3220583
Oct 2003,0.3517172
Oct 2004,0.2076444
Oct 2005,0.3329999
Oct 2006,0.3267587
Oct 2007,0.3456191
Oct 2008,0.3164385
Oct 2009,0.1556741
Oct 2010,0.3372701
Oct 2011,0.3780242
Oct 2012,0.3236974
Oct 2013,0.2846999
Oct 2014,0.3715134
Oct 2015,0.2040697
Oct 2016,0.2664551
Oct 2017,0.3789049
Oct 2018,0.3397684
Oct 2019,0.368246
