Time,Soil Water Index with Characteristic Time Length of 15 Days
Jul 2007,28.26613
Jul 2008,22.95967
Jul 2009,28.71774
Jul 2010,23.35484
Jul 2011,25.20968
Jul 2012,28.16129
Jul 2013,25.16935
Jul 2014,27.40322
Jul 2015,22.0
Jul 2016,28.02419
Jul 2017,24.30645
