Time,EVI
Jul 2000,0.2127114
Jul 2001,0.2765603
Jul 2002,0.1784249
Jul 2003,0.1916803
Jul 2004,0.1807848
Jul 2005,0.2094152
Jul 2006,0.2368754
Jul 2007,0.2472847
Jul 2008,0.2019333
Jul 2009,0.1414071
Jul 2010,0.2116843
Jul 2011,0.2242979
Jul 2012,0.2094766
Jul 2013,0.1832613
Jul 2014,0.1758162
Jul 2015,0.1745682
Jul 2016,0.1981963
Jul 2017,0.2258147
Jul 2018,0.1776255
Jul 2019,0.2636153
