Time,EVI
Oct 2000,0.213275
Oct 2001,0.2219891
Oct 2002,0.1725173
Oct 2003,0.2249362
Oct 2004,0.1748659
Oct 2005,0.1984415
Oct 2006,0.1883239
Oct 2007,0.2322099
Oct 2008,0.2099002
Oct 2009,0.2095149
Oct 2010,0.2227279
Oct 2011,0.2024677
Oct 2012,0.2003714
Oct 2013,0.2206814
Oct 2014,0.2518483
Oct 2015,0.2081268
Oct 2016,0.2158749
Oct 2017,0.2001603
Oct 2018,0.2165687
Oct 2019,0.220146
