Time,EVI
Jul 2000,0.3298941
Jul 2001,0.3432554
Jul 2002,0.3491869
Jul 2003,0.2412976
Jul 2004,0.2772046
Jul 2005,0.2258843
Jul 2006,0.380554
Jul 2007,0.3530595
Jul 2008,0.3735279
Jul 2009,0.208986
Jul 2010,0.3589258
Jul 2011,0.3546038
Jul 2012,0.2298526
Jul 2013,0.2547319
Jul 2014,0.3312162
Jul 2015,0.3799098
Jul 2016,0.3027681
Jul 2017,0.3363284
Jul 2018,0.2991527
Jul 2019,0.3577653
