Time,Soil Water Index with Characteristic Time Length of 15 Days
Jul 2007,80.95161
Jul 2008,74.01614
Jul 2009,66.51613
Jul 2010,68.90321
Jul 2011,72.7258
Jul 2012,77.04837
Jul 2013,77.80644
Jul 2014,70.85485
Jul 2015,68.59676
Jul 2016,77.35483
Jul 2017,72.88709
