Time,EVI
Oct 2000,0.3777297
Oct 2001,0.4151991
Oct 2002,0.393069
Oct 2003,0.4327549
Oct 2004,0.4095694
Oct 2005,0.3907229
Oct 2006,0.378352
Oct 2007,0.3551809
Oct 2008,0.3487512
Oct 2009,0.4126497
Oct 2010,0.3685456
Oct 2011,0.3790451
Oct 2012,0.4067905
Oct 2013,0.3724749
Oct 2014,0.3815719
Oct 2015,0.3576419
Oct 2016,0.3604534
Oct 2017,0.3331322
Oct 2018,0.3808854
Oct 2019,0.4380156
