Time,Soil Water Index with Characteristic Time Length of 15 Days
Oct 2007,25.82258
Oct 2008,29.14516
Oct 2009,23.41936
Oct 2010,31.41935
Oct 2011,34.67742
Oct 2012,33.06452
Oct 2013,36.83871
Oct 2014,48.58063
Oct 2015,34.43548
Oct 2016,36.5
Oct 2017,36.98387
