"Harvest Year","Payout"
1983,29.7013883517157
1984,36.135021875
1985,100
1986,0
1987,85.9259979017857
1988,0
1989,0
1990,6.25
1991,0
1992,100
1993,0
1994,0
1995,100
1996,0
1997,1.563970625
1998,0
1999,0
2000,0
2001,100
2002,170.645309375
2003,48.599759375
2004,6.65013437500002
2005,0
2006,78.145575
2007,0
2008,100
2009,43.4856
2010,0
2011,0
2012,0
2013,0
2014,100
2015,0
2016,0
2017,0
2018,0
2019,0
