Time,EVI
Jul 2000,0.2196065
Jul 2001,0.248772
Jul 2002,0.201042
Jul 2003,0.1976703
Jul 2004,0.197318
Jul 2005,0.187191
Jul 2006,0.2109297
Jul 2007,0.2108798
Jul 2008,0.2024333
Jul 2009,0.1268908
Jul 2010,0.182435
Jul 2011,0.1727116
Jul 2012,0.1870815
Jul 2013,0.177412
Jul 2014,0.2165774
Jul 2015,0.1692112
Jul 2016,0.1958581
Jul 2017,0.2255145
Jul 2018,0.1917452
Jul 2019,0.2200279
