Time,Soil Water Index with Characteristic Time Length of 15 Days
Jul 2007,33.31452
Jul 2008,27.97581
Jul 2009,29.09677
Jul 2010,31.77419
Jul 2011,22.90322
Jul 2012,32.14515
Jul 2013,22.81452
Jul 2014,32.66129
Jul 2015,24.03225
Jul 2016,28.66129
Jul 2017,27.34678
