Time,Soil Water Index with Characteristic Time Length of 15 Days
Oct 2007,5.225807
Oct 2008,4.516129
Oct 2009,2.362903
Oct 2010,7.846773
Oct 2011,5.669354
Oct 2012,5.064516
Oct 2013,6.274194
Oct 2014,11.49194
Oct 2015,4.870968
Oct 2016,8.362904
Oct 2017,5.814516
