Time,EVI
Oct 2000,0.2620275
Oct 2001,0.2607376
Oct 2002,0.2427696
Oct 2003,0.2678774
Oct 2004,0.2492571
Oct 2005,0.2555523
Oct 2006,0.2511904
Oct 2007,0.2452545
Oct 2008,0.2424464
Oct 2009,0.2446577
Oct 2010,0.2470852
Oct 2011,0.2505997
Oct 2012,0.2360315
Oct 2013,0.2298246
Oct 2014,0.2680192
Oct 2015,0.2390158
Oct 2016,0.2581325
Oct 2017,0.2238524
Oct 2018,0.2354495
Oct 2019,0.24404
