Time,EVI
Jul 2000,0.1410936
Jul 2001,0.1716254
Jul 2002,0.1462403
Jul 2003,0.1665173
Jul 2004,0.1181086
Jul 2005,0.1536353
Jul 2006,0.1304483
Jul 2007,0.289156
Jul 2008,0.1547122
Jul 2009,0.1578722
Jul 2010,0.1232344
Jul 2011,0.1930494
Jul 2012,0.1754245
Jul 2013,0.2077023
Jul 2014,0.1550516
Jul 2015,0.1158204
Jul 2016,0.2139704
Jul 2017,0.1732829
Jul 2018,0.2436731
Jul 2019,0.2207717
