Time,Soil Water Index with Characteristic Time Length of 15 Days
Jul 2007,72.64518
Jul 2008,62.71774
Jul 2009,62.70968
Jul 2010,58.29838
Jul 2011,61.9758
Jul 2012,67.38708
Jul 2013,68.42741
Jul 2014,49.73387
Jul 2015,48.62096
Jul 2016,70.04836
Jul 2017,61.23387
