Time,Soil Water Index with Characteristic Time Length of 15 Days
Oct 2007,20.45161
Oct 2008,17.62903
Oct 2009,22.20967
Oct 2010,21.62097
Oct 2011,22.72581
Oct 2012,16.58871
Oct 2013,31.41936
Oct 2014,27.62096
Oct 2015,19.02419
Oct 2016,27.08871
Oct 2017,28.90322
