Time,EVI
Oct 2000,0.2676609
Oct 2001,0.218778
Oct 2002,0.1854735
Oct 2003,0.2426848
Oct 2004,0.1957478
Oct 2005,0.1553488
Oct 2006,0.2100095
Oct 2007,0.1893227
Oct 2008,0.2078194
Oct 2009,0.2214992
Oct 2010,0.2353563
Oct 2011,0.2483861
Oct 2012,0.1908732
Oct 2013,0.2468106
Oct 2014,0.2532298
Oct 2015,0.1556646
Oct 2016,0.1856424
Oct 2017,0.2187741
Oct 2018,0.2120747
Oct 2019,0.2295989
