"Harvest Year","Payout"
1983,7.54274016227178
1984,8.51292758620691
1985,0
1986,0
1987,54.5112522988506
1988,100
1989,100
1990,100
1991,100
1992,0
1993,0
1994,0
1995,0
1996,0
1997,0
1998,0
1999,0
2000,0
2001,1.07096551724139
2002,26.1063793103448
2003,0
2004,33.8274413793104
2005,0
2006,0
2007,0
2008,100
2009,0
2010,100
2011,46.3320965517241
2012,0
2013,100
2014,100
2015,100
2016,0
2017,100
2018,100
2019,76.7031068965517
