Time,Soil Water Index with Characteristic Time Length of 15 Days
Jul 2007,32.52419
Jul 2008,24.24193
Jul 2009,27.81452
Jul 2010,25.77419
Jul 2011,27.14516
Jul 2012,31.57258
Jul 2013,28.82258
Jul 2014,28.09677
Jul 2015,23.95161
Jul 2016,31.02419
Jul 2017,27.62903
