Time,EVI
Jul 2000,0.1446877
Jul 2001,0.2014399
Jul 2002,0.1422601
Jul 2003,0.1234052
Jul 2004,0.1433921
Jul 2005,0.1397866
Jul 2006,0.1497639
Jul 2007,0.2030133
Jul 2008,0.1345649
Jul 2009,0.1238637
Jul 2010,0.1545187
Jul 2011,0.1663163
Jul 2012,0.1805558
Jul 2013,0.1783028
Jul 2014,0.1425549
Jul 2015,0.1379293
Jul 2016,0.1824485
Jul 2017,0.1647611
Jul 2018,0.1565119
Jul 2019,0.1642362
