Time,EVI
Oct 2000,0.2362671
Oct 2001,0.2399639
Oct 2002,0.1987968
Oct 2003,0.1991591
Oct 2004,0.1653908
Oct 2005,0.1909195
Oct 2006,0.2133355
Oct 2007,0.2271408
Oct 2008,0.2070773
Oct 2009,0.191583
Oct 2010,0.2549606
Oct 2011,0.2337886
Oct 2012,0.2179676
Oct 2013,0.1722362
Oct 2014,0.2487367
Oct 2015,0.167698
Oct 2016,0.2051066
Oct 2017,0.2352324
Oct 2018,0.2350734
Oct 2019,0.1901579
