Time,Soil Water Index with Characteristic Time Length of 15 Days
Oct 2007,4.120967
Oct 2008,2.75
Oct 2009,1.92742
Oct 2010,4.403226
Oct 2011,4.258064
Oct 2012,4.129032
Oct 2013,4.024194
Oct 2014,6.491935
Oct 2015,4.411289
Oct 2016,7.475807
Oct 2017,8.637096
