Time,Soil Water Index with Characteristic Time Length of 15 Days
Jul 2007,74.67742
Jul 2008,64.09274
Jul 2009,64.30241
Jul 2010,60.8629
Jul 2011,65.06853
Jul 2012,69.75002
Jul 2013,70.59274
Jul 2014,53.93951
Jul 2015,50.94355
Jul 2016,72.27419
Jul 2017,62.18145
