Time,EVI
Jul 2000,0.1844262
Jul 2001,0.247702
Jul 2002,0.1739967
Jul 2003,0.169576
Jul 2004,0.1669891
Jul 2005,0.1756595
Jul 2006,0.1668379
Jul 2007,0.2344546
Jul 2008,0.1822095
Jul 2009,0.15687
Jul 2010,0.1267729
Jul 2011,0.2165222
Jul 2012,0.164201
Jul 2013,0.1867325
Jul 2014,0.1707008
Jul 2015,0.1894669
Jul 2016,0.2186809
Jul 2017,0.2085489
Jul 2018,0.2287357
Jul 2019,0.2683651
