Time,Soil Water Index with Characteristic Time Length of 15 Days
Oct 2007,20.72984
Oct 2008,17.51613
Oct 2009,21.45565
Oct 2010,22.19758
Oct 2011,23.70967
Oct 2012,16.4879
Oct 2013,31.17339
Oct 2014,27.64113
Oct 2015,20.82661
Oct 2016,28.7621
Oct 2017,28.72177
