Time,EVI
Oct 2000,0.2706368
Oct 2001,0.2193106
Oct 2002,0.1929205
Oct 2003,0.2469668
Oct 2004,0.2110446
Oct 2005,0.2048919
Oct 2006,0.2124746
Oct 2007,0.2087687
Oct 2008,0.220398
Oct 2009,0.2376965
Oct 2010,0.2268347
Oct 2011,0.2344031
Oct 2012,0.1989969
Oct 2013,0.239682
Oct 2014,0.2633413
Oct 2015,0.183089
Oct 2016,0.2019385
Oct 2017,0.2257028
Oct 2018,0.2036178
Oct 2019,0.227115
