"Harvest Year","Payout"
1983,60.4482662783493
1984,0
1985,100
1986,13.404724137931
1987,112.383649840723
1988,0
1989,20.552217361111
1990,94.8076051724138
1991,0
1992,144.108556896552
1993,56.8250724137931
1994,0
1995,0
1996,0
1997,0
1998,0
1999,0
2000,0
2001,0
2002,0
2003,0
2004,0
2005,0
2006,75.6973655172414
2007,0
2008,0
2009,0
2010,0
2011,0
2012,0
2013,100
2014,100
2015,27.256924137931
2016,0
2017,100
2018,0
2019,0
