Time,EVI
Jul 2000,0.161887
Jul 2001,0.2161309
Jul 2002,0.1461703
Jul 2003,0.2177548
Jul 2004,0.1499691
Jul 2005,0.1568083
Jul 2006,0.1665808
Jul 2007,0.2388715
Jul 2008,0.1647773
Jul 2009,0.135654
Jul 2010,0.143404
Jul 2011,0.2227455
Jul 2012,0.1528322
Jul 2013,0.154332
Jul 2014,0.1930217
Jul 2015,0.1747624
Jul 2016,0.2307632
Jul 2017,0.1977288
Jul 2018,0.1911715
Jul 2019,0.2254615
