Time,Soil Water Index with Characteristic Time Length of 15 Days
Jul 2007,75.14516
Jul 2008,64.09677
Jul 2009,63.83467
Jul 2010,61.29838
Jul 2011,64.70161
Jul 2012,69.22176
Jul 2013,70.52822
Jul 2014,53.88307
Jul 2015,51.93951
Jul 2016,71.22176
Jul 2017,63.54033
