Time,EVI
Oct 2000,0.3002651
Oct 2001,0.2363597
Oct 2002,0.2078287
Oct 2003,0.2893223
Oct 2004,0.2331702
Oct 2005,0.2453281
Oct 2006,0.2419929
Oct 2007,0.2340404
Oct 2008,0.2407229
Oct 2009,0.2516648
Oct 2010,0.2551361
Oct 2011,0.2666943
Oct 2012,0.2228838
Oct 2013,0.2682338
Oct 2014,0.2937378
Oct 2015,0.1999734
Oct 2016,0.2264258
Oct 2017,0.2709448
Oct 2018,0.2348676
Oct 2019,0.2718689
