Time,Soil Water Index with Characteristic Time Length of 15 Days
Oct 2007,21.06451
Oct 2008,17.92742
Oct 2009,22.42742
Oct 2010,22.31048
Oct 2011,22.4758
Oct 2012,17.26613
Oct 2013,30.8992
Oct 2014,27.65726
Oct 2015,19.12903
Oct 2016,27.69758
Oct 2017,29.79435
