Time,Soil Water Index with Characteristic Time Length of 15 Days
Jul 2007,30.0
Jul 2008,21.61291
Jul 2009,26.06452
Jul 2010,21.70968
Jul 2011,24.85484
Jul 2012,30.04839
Jul 2013,27.45161
Jul 2014,24.93549
Jul 2015,20.90323
Jul 2016,28.25806
Jul 2017,23.3871
