Time,EVI
Jul 2000,0.1946711
Jul 2001,0.2917712
Jul 2002,0.1881642
Jul 2003,0.219035
Jul 2004,0.1785021
Jul 2005,0.1904612
Jul 2006,0.2022526
Jul 2007,0.2614331
Jul 2008,0.1972833
Jul 2009,0.1825955
Jul 2010,0.196562
Jul 2011,0.2295525
Jul 2012,0.2330034
Jul 2013,0.2253794
Jul 2014,0.1746095
Jul 2015,0.1969622
Jul 2016,0.2207738
Jul 2017,0.2141015
Jul 2018,0.2019717
Jul 2019,0.229875
