Time,Soil Water Index with Characteristic Time Length of 15 Days
Oct 2007,3.919353
Oct 2008,1.983871
Oct 2009,1.467742
Oct 2010,3.806452
Oct 2011,4.354839
Oct 2012,3.403225
Oct 2013,2.645161
Oct 2014,4.709678
Oct 2015,2.241935
Oct 2016,4.532258
Oct 2017,4.5
