Time,EVI
Oct 2000,0.2561928
Oct 2001,0.2319834
Oct 2002,0.2001235
Oct 2003,0.2147296
Oct 2004,0.1914299
Oct 2005,0.2068797
Oct 2006,0.2223211
Oct 2007,0.2250098
Oct 2008,0.2202502
Oct 2009,0.2119875
Oct 2010,0.2571351
Oct 2011,0.2346047
Oct 2012,0.2331665
Oct 2013,0.2150756
Oct 2014,0.2576706
Oct 2015,0.2131475
Oct 2016,0.2362503
Oct 2017,0.2315699
Oct 2018,0.2443688
Oct 2019,0.23498
