"Harvest Year","Payout"
1983,21.790945306893
1984,71.1353243243243
1985,0
1986,0
1987,82.2423942084942
1988,0
1989,0
1990,0
1991,0
1992,116.337413513514
1993,29.7297297297297
1994,0
1995,46.9038814324829
1996,0
1997,0
1998,100
1999,23.541975
2000,41.1696666666667
2001,0
2002,0
2003,0
2004,18.5198675675676
2005,0
2006,100
2007,0
2008,0
2009,0
2010,55.2013234234234
2011,0
2012,0
2013,0
2014,0
2015,0
2016,0
2017,80.4848166666667
2018,0
2019,10.7278324324324
