"Harvest Year","Payout"
1983,0
1984,132.545777444444
1985,90.6422793333334
1986,0
1987,15.8077699897118
1988,0
1989,18.9838111111111
1990,100.160565925926
1991,0
1992,31.0312444444444
1993,0
1994,0
1995,0
1996,0
1997,42.1473851851852
1998,0
1999,0
2000,0
2001,70.76932
2002,121.833656444444
2003,0
2004,0
2005,22.9607
2006,0.507636296296283
2007,0
2008,0
2009,13.76614
2010,0
2011,0
2012,0
2013,116.136974074074
2014,100
2015,0
2016,0
2017,0
2018,0
2019,0
