Time,EVI
Jul 2000,0.1600582
Jul 2001,0.2112668
Jul 2002,0.1555784
Jul 2003,0.1683979
Jul 2004,0.1690565
Jul 2005,0.2324181
Jul 2006,0.226911
Jul 2007,0.2465856
Jul 2008,0.1224436
Jul 2009,0.1248606
Jul 2010,0.1761673
Jul 2011,0.1510014
Jul 2012,0.2042258
Jul 2013,0.1590582
Jul 2014,0.2202478
Jul 2015,0.1862301
Jul 2016,0.2276829
Jul 2017,0.2094272
Jul 2018,0.2326632
Jul 2019,0.2201834
