Time,EVI
Oct 2000,0.4275716
Oct 2001,0.4066724
Oct 2002,0.3425776
Oct 2003,0.3495879
Oct 2004,0.220115
Oct 2005,0.3369968
Oct 2006,0.3232593
Oct 2007,0.3410829
Oct 2008,0.3427855
Oct 2009,0.194341
Oct 2010,0.3388736
Oct 2011,0.3865237
Oct 2012,0.3316648
Oct 2013,0.3089667
Oct 2014,0.3887879
Oct 2015,0.2394711
Oct 2016,0.2766798
Oct 2017,0.3832412
Oct 2018,0.3484823
Oct 2019,0.3900825
