"Harvest Year","Payout"
1983,100
1984,200
1985,100
1986,3.01205910364146
1987,192.391861451247
1988,100
1989,100
1990,100
1991,0
1992,104.761904761905
1993,0
1994,100
1995,100
1996,0
1997,0
1998,100
1999,100
2000,100
2001,0
2002,4.76190476190476
2003,0
2004,200
2005,100
2006,100
2007,100
2008,100
2009,100
2010,100
2011,100
2012,100
2013,100
2014,104.761904761905
2015,192.465838095238
2016,100
2017,100
2018,17.6706952380952
2019,100
