"Harvest Year","Payout"
1983,26.4882084868114
1984,8.03060285714285
1985,0
1986,15.2453514285714
1987,82.8802121632653
1988,0
1989,0
1990,61.1239
1991,0
1992,113.637528571429
1993,76.7366632936508
1994,0
1995,82.541225
1996,0
1997,0
1998,100
1999,0
2000,0
2001,0
2002,0
2003,0
2004,16.4305714285714
2005,0
2006,100
2007,0
2008,0
2009,0
2010,0.422371428571424
2011,0
2012,0
2013,13.469275
2014,0
2015,0
2016,0
2017,82.0062875
2018,0
2019,0
