Time,EVI
Aug 2000,0.3280064
Aug 2001,0.3615853
Aug 2002,0.4421488
Aug 2003,0.392178
Aug 2004,0.4065979
Aug 2005,0.3872893
Aug 2006,0.368165
Aug 2007,0.38614
Aug 2008,0.3620033
Aug 2009,0.3885774
Aug 2010,0.3425861
Aug 2011,0.3501198
Aug 2012,0.3754336
Aug 2013,0.3774435
Aug 2014,0.3642137
Aug 2015,0.3670176
Aug 2016,0.3433661
Aug 2017,0.36496
Aug 2018,0.3908451
Aug 2019,0.3680452
