"year","SWI"
2007,79.09324
2008,70.80029
2009,64.9938
2010,64.41366
2011,69.48041
2012,75.36105
2013,76.32584
2014,65.73109
2015,62.59136
2016,73.74346
2017,69.16387
