Time,EVI
Oct 2000,0.3479039
Oct 2001,0.3193073
Oct 2002,0.3018382
Oct 2003,0.3448125
Oct 2004,0.3260531
Oct 2005,0.3158872
Oct 2006,0.3020772
Oct 2007,0.294123
Oct 2008,0.2768568
Oct 2009,0.3234226
Oct 2010,0.2898539
Oct 2011,0.2877045
Oct 2012,0.3122348
Oct 2013,0.3124756
Oct 2014,0.315951
Oct 2015,0.2837418
Oct 2016,0.287295
Oct 2017,0.2964884
Oct 2018,0.3018816
Oct 2019,0.3338521
