"year","SWI"
2007,18.71028
2008,20.33286
2009,15.65482
2010,21.81264
2011,22.76844
2012,22.06839
2013,27.99638
2014,38.17118
2015,23.39371
2016,25.40195
2017,25.26476
