"Harvest Year","Payout"
1983,16.7844771578239
1984,192.355558823529
1985,100
1986,11.9583256055363
1987,175.611071626984
1988,100
1989,100
1990,100.415461764706
1991,100
1992,100
1993,100
1994,100
1995,100
1996,0
1997,0
1998,100
1999,100
2000,110.886573529412
2001,0
2002,0
2003,100
2004,143.530970588235
2005,100
2006,100
2007,100
2008,0
2009,100
2010,100
2011,0
2012,100
2013,100
2014,141.176470588235
2015,200
2016,100
2017,0
2018,100
2019,0
