Time,Soil Water Index with Characteristic Time Length of 15 Days
Jul 2007,82.82257
Jul 2008,74.30646
Jul 2009,70.3871
Jul 2010,68.90324
Jul 2011,72.90324
Jul 2012,79.04839
Jul 2013,79.75806
Jul 2014,69.69353
Jul 2015,66.58064
Jul 2016,77.3387
Jul 2017,72.43549
