Time,EVI
Jul 2000,0.2911067
Jul 2001,0.2840981
Jul 2002,0.2842673
Jul 2003,0.1636104
Jul 2004,0.239594
Jul 2005,0.2071147
Jul 2006,0.3529016
Jul 2007,0.2929176
Jul 2008,0.3317015
Jul 2009,0.2131804
Jul 2010,0.3401254
Jul 2011,0.3226044
Jul 2012,0.2234608
Jul 2013,0.2081559
Jul 2014,0.3062452
Jul 2015,0.3404062
Jul 2016,0.240218
Jul 2017,0.3095043
Jul 2018,0.2831932
Jul 2019,0.3276476
