Time,Soil Water Index with Characteristic Time Length of 15 Days
Oct 2007,20.87096
Oct 2008,23.3871
Oct 2009,17.95161
Oct 2010,23.32257
Oct 2011,24.82258
Oct 2012,24.40322
Oct 2013,30.69355
Oct 2014,40.37097
Oct 2015,25.7258
Oct 2016,28.16128
Oct 2017,28.12903
