Time,EVI
Oct 2000,0.3731173
Oct 2001,0.3531312
Oct 2002,0.3768231
Oct 2003,0.3777498
Oct 2004,0.3516738
Oct 2005,0.3433827
Oct 2006,0.328265
Oct 2007,0.3181095
Oct 2008,0.3279241
Oct 2009,0.3601853
Oct 2010,0.2925255
Oct 2011,0.2895695
Oct 2012,0.3411627
Oct 2013,0.3404793
Oct 2014,0.3489663
Oct 2015,0.2888358
Oct 2016,0.3208913
Oct 2017,0.2890851
Oct 2018,0.3148799
Oct 2019,0.3900386
