Time,EVI
Jul 2000,0.1903384
Jul 2001,0.2415198
Jul 2002,0.2843694
Jul 2003,0.2276255
Jul 2004,0.2079857
Jul 2005,0.1739001
Jul 2006,0.2008573
Jul 2007,0.2401848
Jul 2008,0.2642368
Jul 2009,0.1850379
Jul 2010,0.1550523
Jul 2011,0.2879921
Jul 2012,0.2159684
Jul 2013,0.2675641
Jul 2014,0.2363848
Jul 2015,0.2483308
Jul 2016,0.1854647
Jul 2017,0.2565678
Jul 2018,0.2075566
Jul 2019,0.2664126
