Time,Soil Water Index with Characteristic Time Length of 15 Days
Oct 2007,10.96774
Oct 2008,9.241934
Oct 2009,8.0
Oct 2010,14.1129
Oct 2011,11.17742
Oct 2012,11.56452
Oct 2013,17.48387
Oct 2014,25.03226
Oct 2015,13.33871
Oct 2016,13.29032
Oct 2017,11.85484
