Time,EVI
Oct 2000,0.2472347
Oct 2001,0.2266861
Oct 2002,0.1967446
Oct 2003,0.2385976
Oct 2004,0.2180841
Oct 2005,0.2229698
Oct 2006,0.2223876
Oct 2007,0.2377301
Oct 2008,0.2064297
Oct 2009,0.2338707
Oct 2010,0.2263883
Oct 2011,0.2280414
Oct 2012,0.2150014
Oct 2013,0.2404705
Oct 2014,0.272594
Oct 2015,0.2268816
Oct 2016,0.2166748
Oct 2017,0.2370005
Oct 2018,0.2381203
Oct 2019,0.2539205
