"Harvest Year","Payout"
1983,87.3169200904706
1984,29.1727295454545
1985,4.5656477272727
1986,0
1987,42.7915580282989
1988,0
1989,59.2190972222222
1990,0
1991,0
1992,83.93425
1993,52.2727272727273
1994,0
1995,0
1996,0
1997,0
1998,0
1999,0
2000,3.38290555555557
2001,63.2738277777778
2002,1.02958863636363
2003,14.1447222222222
2004,52.2727272727273
2005,0
2006,100
2007,0
2008,0
2009,0
2010,0
2011,11.5204045454545
2012,40.5925611111111
2013,0
2014,0
2015,0
2016,0
2017,100
2018,0
2019,0
