"Harvest Year","Payout"
1983,0
1984,116.777656018518
1985,0
1986,0
1987,0
1988,0
1989,0
1990,129.412351851852
1991,0
1992,23.3758
1993,0
1994,0
1995,0
1996,0
1997,0
1998,0
1999,0
2000,4.048575
2001,0
2002,89.1445944444444
2003,0
2004,26.4815555555556
2005,0
2006,5.55555555555556
2007,0
2008,0
2009,0
2010,0
2011,0
2012,0
2013,5.77145000000002
2014,5.55555555555556
2015,5.55555555555556
2016,0
2017,0
2018,0
2019,0
