Time,EVI
Jul 2000,0.1842528
Jul 2001,0.2396182
Jul 2002,0.2636823
Jul 2003,0.1942117
Jul 2004,0.1767669
Jul 2005,0.174178
Jul 2006,0.1878916
Jul 2007,0.3403772
Jul 2008,0.2268721
Jul 2009,0.1531549
Jul 2010,0.1162263
Jul 2011,0.2009
Jul 2012,0.1948933
Jul 2013,0.2437509
Jul 2014,0.1734375
Jul 2015,0.1780778
Jul 2016,0.1707491
Jul 2017,0.2332119
Jul 2018,0.2248066
Jul 2019,0.1832365
