Time,Soil Water Index with Characteristic Time Length of 15 Days
Jul 2007,82.53227
Jul 2008,68.74193
Jul 2009,67.56452
Jul 2010,65.99999
Jul 2011,73.64516
Jul 2012,76.14516
Jul 2013,77.62904
Jul 2014,63.17742
Jul 2015,57.16129
Jul 2016,76.40321
Jul 2017,69.56453
