Time,Soil Water Index with Characteristic Time Length of 15 Days
Oct 2007,13.53225
Oct 2008,8.725805
Oct 2009,8.129033
Oct 2010,16.7742
Oct 2011,11.25806
Oct 2012,10.87097
Oct 2013,19.6129
Oct 2014,23.27419
Oct 2015,14.29032
Oct 2016,14.93548
Oct 2017,11.91935
