Time,EVI
Oct 2000,0.2192242
Oct 2001,0.2132546
Oct 2002,0.1515719
Oct 2003,0.22531
Oct 2004,0.1958998
Oct 2005,0.1924138
Oct 2006,0.2061637
Oct 2007,0.2300153
Oct 2008,0.1928464
Oct 2009,0.2024211
Oct 2010,0.2126383
Oct 2011,0.191525
Oct 2012,0.1931113
Oct 2013,0.2126072
Oct 2014,0.2463176
Oct 2015,0.1871559
Oct 2016,0.2045978
Oct 2017,0.2208025
Oct 2018,0.2359964
Oct 2019,0.2334523
