"Harvest Year","Payout"
1983,34.6246798202615
1984,159.52380952381
1985,100
1986,12.8871641456583
1987,196.4908650548
1988,100
1989,119.304233333333
1990,100
1991,0
1992,159.52380952381
1993,0
1994,100
1995,100
1996,0
1997,0
1998,100
1999,0
2000,100
2001,0
2002,100
2003,11.13785
2004,0
2005,0
2006,100
2007,0
2008,0
2009,100
2010,100
2011,0
2012,0
2013,100
2014,100
2015,171.853352380952
2016,0
2017,100
2018,100
2019,100
