"Harvest Year","Payout"
1983,0
1984,162.566490322581
1985,0
1986,0
1987,0
1988,0
1989,0
1990,158.200453709677
1991,0
1992,25.53895
1993,0
1994,0
1995,0
1996,0
1997,0
1998,0
1999,28.316265
2000,1.83499999999999
2001,0
2002,39.6804451612903
2003,11.4037516129032
2004,69.2470094677419
2005,0
2006,10.5225806451613
2007,0
2008,14.24775
2009,0
2010,0
2011,0
2012,0
2013,110.283258064516
2014,51.092645
2015,56.5621583870968
2016,0
2017,0
2018,0
2019,0
