Time,Soil Water Index with Characteristic Time Length of 15 Days
Jul 2007,32.43549
Jul 2008,24.58064
Jul 2009,28.59678
Jul 2010,25.7258
Jul 2011,25.30645
Jul 2012,29.29032
Jul 2013,22.30645
Jul 2014,28.27419
Jul 2015,22.91936
Jul 2016,28.67742
Jul 2017,22.93548
