Time,EVI
Jul 2000,0.1936449
Jul 2001,0.2092119
Jul 2002,0.1527424
Jul 2003,0.1448702
Jul 2004,0.1748308
Jul 2005,0.1890353
Jul 2006,0.1614155
Jul 2007,0.1857585
Jul 2008,0.1496504
Jul 2009,0.1235888
Jul 2010,0.1377876
Jul 2011,0.1798012
Jul 2012,0.1589351
Jul 2013,0.1752799
Jul 2014,0.1805297
Jul 2015,0.1459427
Jul 2016,0.1734828
Jul 2017,0.1963352
Jul 2018,0.1567414
Jul 2019,0.1572383
