Time,Soil Water Index with Characteristic Time Length of 15 Days
Oct 2007,4.306452
Oct 2008,3.82258
Oct 2009,2.419355
Oct 2010,5.822581
Oct 2011,4.5
Oct 2012,4.66129
Oct 2013,3.548387
Oct 2014,6.016128
Oct 2015,2.870967
Oct 2016,6.532257
Oct 2017,4.387097
