Time,EVI
Oct 2000,0.2597568
Oct 2001,0.2310615
Oct 2002,0.1887353
Oct 2003,0.2304907
Oct 2004,0.1975403
Oct 2005,0.2145434
Oct 2006,0.2413234
Oct 2007,0.2425114
Oct 2008,0.2339221
Oct 2009,0.2335027
Oct 2010,0.2531785
Oct 2011,0.2332767
Oct 2012,0.2552963
Oct 2013,0.1990923
Oct 2014,0.2843385
Oct 2015,0.1998945
Oct 2016,0.2515168
Oct 2017,0.2114773
Oct 2018,0.24556
Oct 2019,0.2425998
