"Harvest Year","Payout"
1983,51.6704265904139
1984,104.136415648148
1985,70.6888310185185
1986,0
1987,13.50161563786
1988,17.6380166666667
1989,40.0308814814815
1990,70.3143296296296
1991,0
1992,97.3883296296296
1993,0
1994,0
1995,0
1996,0
1997,0
1998,0
1999,0
2000,0
2001,0
2002,137.81465
2003,0
2004,0
2005,0
2006,0
2007,0
2008,0
2009,0
2010,0
2011,0
2012,0
2013,100.421268148148
2014,100
2015,64.0202
2016,0
2017,0
2018,0
2019,0
