"Harvest Year","Payout"
1983,16.7726997542079
1984,3.2446810810811
1985,100
1986,0
1987,109.055802507508
1988,0
1989,0
1990,124.324324324324
1991,0
1992,181.248657657658
1993,51.1021216216216
1994,0
1995,100
1996,0
1997,0
1998,0
1999,0
2000,0
2001,0
2002,0
2003,0
2004,8.91258918918919
2005,0
2006,34.3812297297297
2007,0
2008,0
2009,0
2010,0
2011,0
2012,0
2013,100
2014,100
2015,40.6837594594595
2016,0
2017,100
2018,0
2019,0
