"Harvest Year","Payout"
1983,75.1922373505055
1984,21.2972065217391
1985,100
1986,0
1987,32.6809207453416
1988,0
1989,100
1990,0
1991,0
1992,75.3495565217391
1993,39.1304347826087
1994,0
1995,0
1996,0
1997,0
1998,0
1999,0
2000,39.4606
2001,0
2002,0
2003,0
2004,21.1954449275362
2005,0
2006,165.675934782609
2007,0
2008,0
2009,0
2010,0
2011,0
2012,0
2013,100
2014,100
2015,87.3422869565217
2016,0
2017,100
2018,0
2019,0
