"Harvest Year","Payout"
1983,102.395512629738
1984,26.6164790697675
1985,100
1986,0
1987,87.2745782059801
1988,0
1989,0
1990,10.3967511627907
1991,1.93362558139533
1992,113.240718168605
1993,0
1994,0
1995,0
1996,0
1997,0
1998,0
1999,0
2000,0
2001,0
2002,0
2003,0
2004,24.7027209302325
2005,12.97520625
2006,30.7892385174419
2007,0
2008,0
2009,0
2010,0
2011,0
2012,0
2013,0
2014,100
2015,55.997211627907
2016,0
2017,100
2018,0
2019,0
