Time,Soil Water Index with Characteristic Time Length of 15 Days
Jul 2007,28.85484
Jul 2008,22.56452
Jul 2009,27.29033
Jul 2010,22.12903
Jul 2011,25.24194
Jul 2012,29.90322
Jul 2013,26.79032
Jul 2014,26.14516
Jul 2015,20.96774
Jul 2016,28.1129
Jul 2017,23.45161
