Time,EVI
Jul 2000,0.1451119
Jul 2001,0.1997961
Jul 2002,0.142634
Jul 2003,0.1326058
Jul 2004,0.09724218
Jul 2005,0.1405755
Jul 2006,0.133925
Jul 2007,0.1837267
Jul 2008,0.1531722
Jul 2009,0.09807485
Jul 2010,0.1386939
Jul 2011,0.1548334
Jul 2012,0.150861
Jul 2013,0.1478807
Jul 2014,0.1405399
Jul 2015,0.1247309
Jul 2016,0.1652283
Jul 2017,0.1477965
Jul 2018,0.1330937
Jul 2019,0.1835996
