Time,EVI
Oct 2000,0.1907461
Oct 2001,0.1967566
Oct 2002,0.1463929
Oct 2003,0.1632484
Oct 2004,0.1370152
Oct 2005,0.1637433
Oct 2006,0.1724293
Oct 2007,0.1677767
Oct 2008,0.1440624
Oct 2009,0.1457668
Oct 2010,0.1871797
Oct 2011,0.1841302
Oct 2012,0.1707324
Oct 2013,0.1535707
Oct 2014,0.1946018
Oct 2015,0.163367
Oct 2016,0.1622714
Oct 2017,0.1773405
Oct 2018,0.1974386
Oct 2019,0.1741271
