Time,Soil Water Index with Characteristic Time Length of 15 Days
Oct 2007,4.016129
Oct 2008,2.258065
Oct 2009,1.645161
Oct 2010,4.370968
Oct 2011,4.645162
Oct 2012,3.887097
Oct 2013,3.306451
Oct 2014,5.112903
Oct 2015,2.741935
Oct 2016,4.677419
Oct 2017,4.516129
