"Harvest Year","Payout"
1983,28.191309372648
1984,0
1985,0
1986,0
1987,45.6068175925926
1988,100
1989,146.890181818182
1990,101.482333333333
1991,0
1992,100
1993,0
1994,0
1995,100
1996,0
1997,0
1998,0
1999,100
2000,0
2001,100
2002,190.270012121212
2003,68.3392636363636
2004,100
2005,102.119106060606
2006,57.5547957575758
2007,100
2008,100
2009,100
2010,100
2011,0
2012,0
2013,100
2014,100
2015,0
2016,0
2017,100
2018,0
2019,163.077839393939
