Time,EVI
Jul 2000,0.2707516
Jul 2001,0.3265816
Jul 2002,0.3082635
Jul 2003,0.235616
Jul 2004,0.3129974
Jul 2005,0.2419737
Jul 2006,0.2993399
Jul 2007,0.3064264
Jul 2008,0.3425296
Jul 2009,0.1904809
Jul 2010,0.2592186
Jul 2011,0.335795
Jul 2012,0.2330974
Jul 2013,0.2622491
Jul 2014,0.287421
Jul 2015,0.2844968
Jul 2016,0.2294163
Jul 2017,0.275776
Jul 2018,0.2985384
Jul 2019,0.3452488
