Time,Soil Water Index with Characteristic Time Length of 15 Days
Jul 2007,79.53225
Jul 2008,66.06451
Jul 2009,62.17742
Jul 2010,62.40323
Jul 2011,68.04838
Jul 2012,74.43549
Jul 2013,74.8387
Jul 2014,61.91935
Jul 2015,59.80645
Jul 2016,70.85484
Jul 2017,65.58064
