Time,EVI
Oct 2000,0.3651239
Oct 2001,0.3357361
Oct 2002,0.2959944
Oct 2003,0.3532407
Oct 2004,0.3240847
Oct 2005,0.3318083
Oct 2006,0.3138948
Oct 2007,0.3044275
Oct 2008,0.2873988
Oct 2009,0.3442591
Oct 2010,0.3251315
Oct 2011,0.2851
Oct 2012,0.3168489
Oct 2013,0.3244134
Oct 2014,0.3185577
Oct 2015,0.2767586
Oct 2016,0.2725858
Oct 2017,0.2898806
Oct 2018,0.2954624
Oct 2019,0.3163291
