"Harvest Year","Payout"
1983,29.6532216845878
1984,5.6733741935484
1985,0
1986,0
1987,79.5585926267281
1988,0
1989,100
1990,0
1991,0
1992,106.946429032258
1993,19.3548387096774
1994,0
1995,100
1996,0
1997,0
1998,100
1999,0
2000,0
2001,0
2002,7.35596774193549
2003,100
2004,5.41731612903226
2005,0
2006,123.391903225806
2007,0
2008,0
2009,0
2010,101.920841935484
2011,0
2012,0
2013,0
2014,100
2015,100
2016,0
2017,0
2018,0
2019,0
