Time,Soil Water Index with Characteristic Time Length of 15 Days
Jul 2007,80.83062
Jul 2008,74.87903
Jul 2009,69.26613
Jul 2010,68.47581
Jul 2011,72.13708
Jul 2012,78.14516
Jul 2013,78.6129
Jul 2014,69.52417
Jul 2015,66.59676
Jul 2016,77.07259
Jul 2017,72.04838
