Time,EVI
Jul 2000,0.2515835
Jul 2001,0.2201866
Jul 2002,0.2570752
Jul 2003,0.1834662
Jul 2004,0.2490467
Jul 2005,0.1770838
Jul 2006,0.3177023
Jul 2007,0.2707673
Jul 2008,0.3205523
Jul 2009,0.2019167
Jul 2010,0.2832824
Jul 2011,0.3238176
Jul 2012,0.225161
Jul 2013,0.228425
Jul 2014,0.3006288
Jul 2015,0.3029465
Jul 2016,0.2362978
Jul 2017,0.2832133
Jul 2018,0.2684963
Jul 2019,0.3124233
