Time,Soil Water Index with Characteristic Time Length of 15 Days
Oct 2007,22.34677
Oct 2008,24.76613
Oct 2009,19.12096
Oct 2010,24.44355
Oct 2011,26.29032
Oct 2012,25.75806
Oct 2013,30.67742
Oct 2014,41.30644
Oct 2015,27.04032
Oct 2016,30.12096
Oct 2017,29.75806
