Time,EVI
Oct 2000,0.36848
Oct 2001,0.3174181
Oct 2002,0.3174806
Oct 2003,0.3516509
Oct 2004,0.3294202
Oct 2005,0.3178082
Oct 2006,0.3215356
Oct 2007,0.3045955
Oct 2008,0.3014468
Oct 2009,0.3309888
Oct 2010,0.2576103
Oct 2011,0.2595553
Oct 2012,0.3311028
Oct 2013,0.3119683
Oct 2014,0.3135037
Oct 2015,0.2655213
Oct 2016,0.3021945
Oct 2017,0.2935012
Oct 2018,0.3014316
Oct 2019,0.3531199
