Time,EVI
Jul 2000,0.1775219
Jul 2001,0.1953202
Jul 2002,0.1856864
Jul 2003,0.1734394
Jul 2004,0.1655708
Jul 2005,0.2021493
Jul 2006,0.1778819
Jul 2007,0.2328268
Jul 2008,0.1931323
Jul 2009,0.1268193
Jul 2010,0.1778833
Jul 2011,0.1888078
Jul 2012,0.1629573
Jul 2013,0.1867933
Jul 2014,0.1799428
Jul 2015,0.2117305
Jul 2016,0.2087284
Jul 2017,0.2265777
Jul 2018,0.1715216
Jul 2019,0.2211601
