Time,Soil Water Index with Characteristic Time Length of 15 Days
Jul 2007,29.95161
Jul 2008,23.29032
Jul 2009,29.16129
Jul 2010,24.56451
Jul 2011,25.79033
Jul 2012,29.75806
Jul 2013,26.74194
Jul 2014,28.56451
Jul 2015,20.96774
Jul 2016,28.95161
Jul 2017,24.08065
