Time,Soil Water Index with Characteristic Time Length of 15 Days
Oct 2007,4.887096
Oct 2008,4.096774
Oct 2009,3.935484
Oct 2010,5.870967
Oct 2011,5.758064
Oct 2012,4.887097
Oct 2013,5.290322
Oct 2014,5.725806
Oct 2015,4.709677
Oct 2016,4.83871
Oct 2017,5.016129
