Time,EVI
Oct 2000,0.2201806
Oct 2001,0.2194211
Oct 2002,0.1797642
Oct 2003,0.232106
Oct 2004,0.2168734
Oct 2005,0.2139646
Oct 2006,0.2189238
Oct 2007,0.2182105
Oct 2008,0.228159
Oct 2009,0.2175422
Oct 2010,0.2119316
Oct 2011,0.2307287
Oct 2012,0.2085985
Oct 2013,0.2362852
Oct 2014,0.2524454
Oct 2015,0.2042883
Oct 2016,0.2125438
Oct 2017,0.2191027
Oct 2018,0.2283038
Oct 2019,0.2407266
