"Harvest Year","Payout"
1983,106.166049103615
1984,34.7046310344828
1985,0
1986,0
1987,77.307624205437
1988,0
1989,100
1990,0
1991,0
1992,67.7701931034483
1993,62.0689655172414
1994,0
1995,0
1996,0
1997,0
1998,0
1999,0
2000,5.09939999999999
2001,0
2002,0
2003,0
2004,41.4329689655172
2005,0
2006,162.068965517241
2007,8.32759999999999
2008,0
2009,0
2010,0
2011,0
2012,56.6706166666667
2013,68.8049666666667
2014,0
2015,18.877024137931
2016,0
2017,100
2018,0
2019,0
