Time,EVI
Jul 2000,0.1903489
Jul 2001,0.1809418
Jul 2002,0.0969475
Jul 2003,0.164359
Jul 2004,0.1535167
Jul 2005,0.1867815
Jul 2006,0.1330458
Jul 2007,0.2230202
Jul 2008,0.1532584
Jul 2009,0.1491912
Jul 2010,0.1330941
Jul 2011,0.1175038
Jul 2012,0.1711805
Jul 2013,0.1419479
Jul 2014,0.1022756
Jul 2015,0.1377399
Jul 2016,0.1774007
Jul 2017,0.167468
Jul 2018,0.1990945
Jul 2019,0.2000593
