Time,Soil Water Index with Characteristic Time Length of 15 Days
Oct 2007,20.96774
Oct 2008,19.5
Oct 2009,23.69355
Oct 2010,22.5
Oct 2011,20.14516
Oct 2012,19.27419
Oct 2013,29.53226
Oct 2014,25.19355
Oct 2015,18.66129
Oct 2016,27.27419
Oct 2017,29.74194
