Time,EVI
Oct 2000,0.2766207
Oct 2001,0.2109291
Oct 2002,0.2000731
Oct 2003,0.2392596
Oct 2004,0.1960737
Oct 2005,0.2518818
Oct 2006,0.225346
Oct 2007,0.2218429
Oct 2008,0.2557234
Oct 2009,0.2306234
Oct 2010,0.2428022
Oct 2011,0.2420224
Oct 2012,0.1973894
Oct 2013,0.249161
Oct 2014,0.2740571
Oct 2015,0.1625061
Oct 2016,0.2070455
Oct 2017,0.2600972
Oct 2018,0.2053331
Oct 2019,0.2533793
