Time,Soil Water Index with Characteristic Time Length of 15 Days
Jul 2007,49.14516
Jul 2008,26.9758
Jul 2009,36.62096
Jul 2010,34.59678
Jul 2011,35.08065
Jul 2012,34.68548
Jul 2013,35.7258
Jul 2014,29.67742
Jul 2015,30.16129
Jul 2016,38.6129
Jul 2017,31.0
