Time,EVI
Jul 2000,0.1437925
Jul 2001,0.214333
Jul 2002,0.1627836
Jul 2003,0.1407784
Jul 2004,0.169087
Jul 2005,0.1866217
Jul 2006,0.1825079
Jul 2007,0.1838587
Jul 2008,0.1263215
Jul 2009,0.1268889
Jul 2010,0.1731991
Jul 2011,0.1640297
Jul 2012,0.1617193
Jul 2013,0.1589667
Jul 2014,0.1443771
Jul 2015,0.2186072
Jul 2016,0.1701597
Jul 2017,0.1883851
Jul 2018,0.1495963
Jul 2019,0.1656521
