Time,Soil Water Index with Characteristic Time Length of 15 Days
Oct 2007,9.903225
Oct 2008,8.677418
Oct 2009,8.266127
Oct 2010,16.87097
Oct 2011,8.870964
Oct 2012,8.25
Oct 2013,20.6129
Oct 2014,32.08064
Oct 2015,10.66129
Oct 2016,14.20968
Oct 2017,21.10484
