Time,EVI
Oct 2000,0.3898228
Oct 2001,0.3075714
Oct 2002,0.1811027
Oct 2003,0.2578664
Oct 2004,0.1945318
Oct 2005,0.2611295
Oct 2006,0.3376609
Oct 2007,0.2448742
Oct 2008,0.1439719
Oct 2009,0.2127305
Oct 2010,0.3336406
Oct 2011,0.2515748
Oct 2012,0.1799037
Oct 2013,0.2365493
Oct 2014,0.3214945
Oct 2015,0.1826692
Oct 2016,0.192977
Oct 2017,0.2576353
Oct 2018,0.3203273
Oct 2019,0.3286292
