"year","SWI"
2007,42.38525
2008,25.88833
2009,32.03032
2010,31.27785
2011,31.35387
2012,32.41092
2013,32.15836
2014,27.72967
2015,25.96245
2016,34.69727
2017,29.61585
