Time,EVI
Oct 2000,0.3092447
Oct 2001,0.2526934
Oct 2002,0.2060684
Oct 2003,0.222702
Oct 2004,0.1871129
Oct 2005,0.2021798
Oct 2006,0.2184176
Oct 2007,0.2015419
Oct 2008,0.1698933
Oct 2009,0.1793589
Oct 2010,0.2362107
Oct 2011,0.2159877
Oct 2012,0.178967
Oct 2013,0.2059079
Oct 2014,0.2687335
Oct 2015,0.1679808
Oct 2016,0.1946539
Oct 2017,0.2561125
Oct 2018,0.236222
Oct 2019,0.2461497
