"year","SWI"
2007,11.35806
2008,10.94249
2009,8.477609
2010,17.87144
2011,9.307493
2012,12.03814
2013,20.4805
2014,32.40504
2015,11.24284
2016,16.6922
2017,22.88633
