Time,Soil Water Index with Characteristic Time Length of 15 Days
Jul 2007,32.43547
Jul 2008,21.55645
Jul 2009,25.46774
Jul 2010,22.67742
Jul 2011,23.43548
Jul 2012,27.95161
Jul 2013,22.10484
Jul 2014,25.78226
Jul 2015,20.85484
Jul 2016,26.99194
Jul 2017,21.98387
