Time,EVI
Jul 2000,0.1904344
Jul 2001,0.2045881
Jul 2002,0.1905546
Jul 2003,0.1645707
Jul 2004,0.1663002
Jul 2005,0.1976626
Jul 2006,0.189821
Jul 2007,0.2020735
Jul 2008,0.1803937
Jul 2009,0.1351682
Jul 2010,0.1558574
Jul 2011,0.2541406
Jul 2012,0.170808
Jul 2013,0.1586455
Jul 2014,0.1958726
Jul 2015,0.1593289
Jul 2016,0.2218353
Jul 2017,0.2170757
Jul 2018,0.1726944
Jul 2019,0.2250739
