Time,EVI
Oct 2000,0.23756
Oct 2001,0.2216106
Oct 2002,0.1998731
Oct 2003,0.2397264
Oct 2004,0.2004177
Oct 2005,0.2011817
Oct 2006,0.2276843
Oct 2007,0.2280587
Oct 2008,0.2312693
Oct 2009,0.2337801
Oct 2010,0.2465099
Oct 2011,0.2411773
Oct 2012,0.2376498
Oct 2013,0.2261168
Oct 2014,0.2800879
Oct 2015,0.2172552
Oct 2016,0.2460837
Oct 2017,0.2382817
Oct 2018,0.2605504
Oct 2019,0.2549718
