Time,Soil Water Index with Characteristic Time Length of 15 Days
Oct 2007,1.604838
Oct 2008,1.096774
Oct 2009,1.887097
Oct 2010,1.41129
Oct 2011,2.0
Oct 2012,1.467742
Oct 2013,1.419355
Oct 2014,2.596774
Oct 2015,1.177419
Oct 2016,1.822581
Oct 2017,1.870967
