"Harvest Year","Payout"
1983,0
1984,191.31472173913
1985,100
1986,114.632846035806
1987,182.377038084886
1988,100
1989,100.202286956522
1990,100
1991,100
1992,117.391304347826
1993,100
1994,100
1995,100
1996,0
1997,0
1998,100
1999,100
2000,103.383139130435
2001,0
2002,0
2003,0
2004,63.1375217391304
2005,100
2006,100
2007,100
2008,100
2009,100
2010,100
2011,100
2012,100
2013,100
2014,117.391304347826
2015,177.131360869565
2016,100
2017,100
2018,100
2019,100
