Time,EVI
Jul 2000,0.2229049
Jul 2001,0.2279042
Jul 2002,0.141652
Jul 2003,0.1869819
Jul 2004,0.1855492
Jul 2005,0.1790431
Jul 2006,0.2140184
Jul 2007,0.2515289
Jul 2008,0.1944566
Jul 2009,0.1269523
Jul 2010,0.1712675
Jul 2011,0.1729244
Jul 2012,0.1825259
Jul 2013,0.1527749
Jul 2014,0.1855981
Jul 2015,0.1446397
Jul 2016,0.2013946
Jul 2017,0.1597265
Jul 2018,0.129836
Jul 2019,0.2142352
