Time,Soil Water Index with Characteristic Time Length of 15 Days
Jul 2007,29.2379
Jul 2008,24.81855
Jul 2009,29.59678
Jul 2010,24.71774
Jul 2011,25.56048
Jul 2012,29.09677
Jul 2013,26.21371
Jul 2014,28.27822
Jul 2015,23.80242
Jul 2016,28.81451
Jul 2017,25.43549
