Time,EVI
Oct 2000,0.2217902
Oct 2001,0.2338622
Oct 2002,0.145931
Oct 2003,0.212135
Oct 2004,0.1691535
Oct 2005,0.1752943
Oct 2006,0.2001889
Oct 2007,0.2112255
Oct 2008,0.1854312
Oct 2009,0.1914597
Oct 2010,0.2059734
Oct 2011,0.2059865
Oct 2012,0.183792
Oct 2013,0.1865765
Oct 2014,0.236048
Oct 2015,0.1778544
Oct 2016,0.1964538
Oct 2017,0.1982599
Oct 2018,0.2093123
Oct 2019,0.212236
