Time,Soil Water Index with Characteristic Time Length of 15 Days
Oct 2007,4.463709
Oct 2008,3.71371
Oct 2009,2.576613
Oct 2010,6.266128
Oct 2011,6.008065
Oct 2012,4.741935
Oct 2013,5.653225
Oct 2014,7.524194
Oct 2015,5.225806
Oct 2016,6.104838
Oct 2017,5.612903
