Time,Soil Water Index with Characteristic Time Length of 15 Days
Jul 2007,35.55645
Jul 2008,26.32258
Jul 2009,30.41935
Jul 2010,24.87096
Jul 2011,25.62096
Jul 2012,30.79032
Jul 2013,27.66129
Jul 2014,27.82258
Jul 2015,21.1129
Jul 2016,28.54839
Jul 2017,24.03226
