Time,EVI
Jul 2000,0.1567374
Jul 2001,0.1837539
Jul 2002,0.1504112
Jul 2003,0.1874754
Jul 2004,0.1891099
Jul 2005,0.1715298
Jul 2006,0.1627058
Jul 2007,0.1837314
Jul 2008,0.1576665
Jul 2009,0.1266781
Jul 2010,0.1775499
Jul 2011,0.1648401
Jul 2012,0.1667726
Jul 2013,0.162534
Jul 2014,0.1640239
Jul 2015,0.1269001
Jul 2016,0.1591877
Jul 2017,0.1795251
Jul 2018,0.1574055
Jul 2019,0.2142119
