Time,EVI
Oct 2000,0.2050514
Oct 2001,0.2263235
Oct 2002,0.1448193
Oct 2003,0.1920063
Oct 2004,0.1680097
Oct 2005,0.1764166
Oct 2006,0.1976725
Oct 2007,0.2163617
Oct 2008,0.1730827
Oct 2009,0.1728969
Oct 2010,0.1991008
Oct 2011,0.1785201
Oct 2012,0.1813501
Oct 2013,0.1887214
Oct 2014,0.2119482
Oct 2015,0.1345169
Oct 2016,0.1840606
Oct 2017,0.1595109
Oct 2018,0.1877821
Oct 2019,0.2187503
