Time,Soil Water Index with Characteristic Time Length of 15 Days
Oct 2007,8.088708
Oct 2008,6.193548
Oct 2009,5.814516
Oct 2010,7.572579
Oct 2011,6.096775
Oct 2012,5.870967
Oct 2013,5.16129
Oct 2014,6.475806
Oct 2015,6.370968
Oct 2016,5.008064
Oct 2017,6.89516
