"Harvest Year","Payout"
1983,38.4063239651416
1984,0
1985,0
1986,0
1987,70.076922962963
1988,0
1989,100
1990,11.7493
1991,0
1992,118.570840740741
1993,33.3333333333333
1994,0
1995,0.802937154442048
1996,0
1997,0
1998,100
1999,0
2000,0
2001,0
2002,0
2003,30.9385
2004,22.3078148148148
2005,0
2006,100
2007,0
2008,0
2009,0
2010,100
2011,100
2012,0
2013,0
2014,100
2015,4.24988888888888
2016,0
2017,0
2018,0
2019,45.5438962962963
