"Harvest Year","Payout"
1983,53.0671212560387
1984,0
1985,0
1986,2.14865217391306
1987,48.1152524489796
1988,0
1989,0
1990,0
1991,37.718347826087
1992,3.87581304347825
1993,1.60095357142858
1994,0
1995,0
1996,0
1997,8.03736428571428
1998,0
1999,6.17443478260869
2000,0
2001,0
2002,0
2003,0
2004,139.52751568323
2005,0
2006,0
2007,0
2008,0
2009,0
2010,16.0206043478261
2011,0
2012,0
2013,0
2014,38.4328826086956
2015,0
2016,0
2017,19.246047826087
2018,0
2019,6.76628928571427
