"Harvest Year","Payout"
1983,0
1984,146.255086206897
1985,47.7826066666667
1986,0
1987,0
1988,0
1989,0
1990,133.12149137931
1991,0
1992,102.015262068966
1993,0
1994,0
1995,0
1996,0
1997,0
1998,0
1999,0
2000,0.756972413793108
2001,20.820905
2002,37.9315551724138
2003,0
2004,59.6372896551724
2005,20.20755
2006,0
2007,0
2008,0
2009,0
2010,28.4709793103448
2011,0
2012,0
2013,94.8410113793103
2014,77.84385
2015,11.6028
2016,0
2017,0
2018,2.08753793103448
2019,0
