Time,Soil Water Index with Characteristic Time Length of 15 Days
Jul 2007,31.22581
Jul 2008,26.85887
Jul 2009,30.96371
Jul 2010,26.5
Jul 2011,26.08468
Jul 2012,30.72177
Jul 2013,27.43549
Jul 2014,29.94354
Jul 2015,25.94758
Jul 2016,30.20967
Jul 2017,27.15323
