Time,EVI
Jul 2000,0.1540552
Jul 2001,0.1859899
Jul 2002,0.1696708
Jul 2003,0.1676527
Jul 2004,0.1532081
Jul 2005,0.1369686
Jul 2006,0.152476
Jul 2007,0.1845905
Jul 2008,0.1470558
Jul 2009,0.1201515
Jul 2010,0.1532142
Jul 2011,0.1725008
Jul 2012,0.1528815
Jul 2013,0.1494024
Jul 2014,0.1581454
Jul 2015,0.1587592
Jul 2016,0.1724198
Jul 2017,0.1548303
Jul 2018,0.1414699
Jul 2019,0.1784955
