Time,EVI
Oct 2000,0.2416693
Oct 2001,0.2386577
Oct 2002,0.1976006
Oct 2003,0.2439681
Oct 2004,0.2067259
Oct 2005,0.2237763
Oct 2006,0.2218506
Oct 2007,0.2437985
Oct 2008,0.224604
Oct 2009,0.2144811
Oct 2010,0.2257657
Oct 2011,0.2507666
Oct 2012,0.214687
Oct 2013,0.2173309
Oct 2014,0.2668968
Oct 2015,0.2241007
Oct 2016,0.2295889
Oct 2017,0.2292492
Oct 2018,0.2366723
Oct 2019,0.228884
