"year","SWI"
2007,28.88631
2008,17.42947
2009,21.66281
2010,18.36588
2011,19.68786
2012,23.87639
2013,19.89286
2014,22.02974
2015,17.41319
2016,23.71354
2017,18.65642
