Time,EVI
Aug 2000,0.2939704
Aug 2001,0.3083616
Aug 2002,0.2755677
Aug 2003,0.2963726
Aug 2004,0.280435
Aug 2005,0.2771176
Aug 2006,0.2671988
Aug 2007,0.3029668
Aug 2008,0.2677003
Aug 2009,0.2781102
Aug 2010,0.2687346
Aug 2011,0.2787647
Aug 2012,0.3049039
Aug 2013,0.2962764
Aug 2014,0.2947055
Aug 2015,0.2829943
Aug 2016,0.2938643
Aug 2017,0.2599452
Aug 2018,0.2908886
Aug 2019,0.2815417
