"year","SWI"
2007,2.748231
2008,1.677224
2009,2.219097
2010,2.772423
2011,3.361251
2012,3.0292
2013,2.560965
2014,4.958179
2015,2.015951
2016,4.278238
2017,3.34185
