Time,EVI
Oct 2000,0.2247399
Oct 2001,0.2126896
Oct 2002,0.1821103
Oct 2003,0.2163351
Oct 2004,0.1879487
Oct 2005,0.1958551
Oct 2006,0.206664
Oct 2007,0.2133756
Oct 2008,0.1929832
Oct 2009,0.2050557
Oct 2010,0.2249242
Oct 2011,0.219882
Oct 2012,0.2135153
Oct 2013,0.1947505
Oct 2014,0.2424706
Oct 2015,0.1962788
Oct 2016,0.2208151
Oct 2017,0.2143329
Oct 2018,0.230479
Oct 2019,0.2287298
