Time,EVI
Jul 2000,0.2333257
Jul 2001,0.2486597
Jul 2002,0.2130049
Jul 2003,0.2112968
Jul 2004,0.2323306
Jul 2005,0.2245604
Jul 2006,0.2521374
Jul 2007,0.1973479
Jul 2008,0.2301302
Jul 2009,0.1361211
Jul 2010,0.2421469
Jul 2011,0.2587481
Jul 2012,0.2146293
Jul 2013,0.214585
Jul 2014,0.2629749
Jul 2015,0.248987
Jul 2016,0.2353986
Jul 2017,0.231708
Jul 2018,0.1915325
Jul 2019,0.2655686
