Time,Soil Water Index with Characteristic Time Length of 15 Days
Jul 2007,61.32258
Jul 2008,45.17742
Jul 2009,54.45967
Jul 2010,53.41129
Jul 2011,51.9758
Jul 2012,55.84676
Jul 2013,55.75
Jul 2014,49.66936
Jul 2015,41.3629
Jul 2016,53.37096
Jul 2017,43.05645
