Time,Soil Water Index with Characteristic Time Length of 15 Days
Oct 2007,13.21774
Oct 2008,12.12903
Oct 2009,8.999999
Oct 2010,15.83871
Oct 2011,15.12097
Oct 2012,13.62903
Oct 2013,22.70161
Oct 2014,23.93548
Oct 2015,12.87097
Oct 2016,16.57258
Oct 2017,20.34677
