Time,EVI
Oct 2000,0.2379697
Oct 2001,0.2254909
Oct 2002,0.1905802
Oct 2003,0.2249134
Oct 2004,0.2195262
Oct 2005,0.1966237
Oct 2006,0.2076854
Oct 2007,0.2229559
Oct 2008,0.2053625
Oct 2009,0.2102183
Oct 2010,0.2021737
Oct 2011,0.2074595
Oct 2012,0.2179189
Oct 2013,0.2241199
Oct 2014,0.2252645
Oct 2015,0.2156241
Oct 2016,0.2010753
Oct 2017,0.2105483
Oct 2018,0.2238902
Oct 2019,0.2276337
