Time,EVI
Jul 2000,0.1321282
Jul 2001,0.1397999
Jul 2002,0.1187176
Jul 2003,0.1627206
Jul 2004,0.1654912
Jul 2005,0.1684227
Jul 2006,0.1257173
Jul 2007,0.1310316
Jul 2008,0.1364169
Jul 2009,0.1363914
Jul 2010,0.1187825
Jul 2011,0.1546974
Jul 2012,0.164243
Jul 2013,0.1406703
Jul 2014,0.127387
Jul 2015,0.1562422
Jul 2016,0.1445212
Jul 2017,0.1499389
Jul 2018,0.160819
Jul 2019,0.1387918
