Time,Soil Water Index with Characteristic Time Length of 15 Days
Jul 2007,70.27821
Jul 2008,50.05645
Jul 2009,55.375
Jul 2010,50.6008
Jul 2011,51.08467
Jul 2012,62.78226
Jul 2013,59.43146
Jul 2014,42.44355
Jul 2015,37.60484
Jul 2016,61.82258
Jul 2017,54.88306
