Time,EVI
Oct 2000,0.2419732
Oct 2001,0.2108114
Oct 2002,0.2295476
Oct 2003,0.2102603
Oct 2004,0.1972499
Oct 2005,0.2345515
Oct 2006,0.2095789
Oct 2007,0.2149522
Oct 2008,0.2508753
Oct 2009,0.2188446
Oct 2010,0.2491421
Oct 2011,0.2348666
Oct 2012,0.2185551
Oct 2013,0.2131642
Oct 2014,0.2597237
Oct 2015,0.2091276
Oct 2016,0.1890289
Oct 2017,0.2107485
Oct 2018,0.2076635
Oct 2019,0.2409061
