Time,Soil Water Index with Characteristic Time Length of 15 Days
Oct 2007,14.33468
Oct 2008,14.97984
Oct 2009,7.475806
Oct 2010,14.38306
Oct 2011,10.77419
Oct 2012,13.45564
Oct 2013,21.13306
Oct 2014,26.75807
Oct 2015,10.92339
Oct 2016,17.91129
Oct 2017,21.34274
