Time,EVI
Jul 2000,0.1634669
Jul 2001,0.2100816
Jul 2002,0.1595476
Jul 2003,0.1575432
Jul 2004,0.1399944
Jul 2005,0.1696418
Jul 2006,0.163594
Jul 2007,0.1993001
Jul 2008,0.1536785
Jul 2009,0.1299854
Jul 2010,0.1457698
Jul 2011,0.200763
Jul 2012,0.1662105
Jul 2013,0.1541907
Jul 2014,0.1676017
Jul 2015,0.1526773
Jul 2016,0.1871441
Jul 2017,0.1861501
Jul 2018,0.1681545
Jul 2019,0.1913708
