Time,Soil Water Index with Characteristic Time Length of 15 Days
Oct 2007,3.991935
Oct 2008,2.669355
Oct 2009,2.524194
Oct 2010,4.524193
Oct 2011,4.209677
Oct 2012,4.338709
Oct 2013,3.532258
Oct 2014,6.233871
Oct 2015,2.637097
Oct 2016,6.080645
Oct 2017,4.290322
