Time,EVI
Oct 2000,0.2058022
Oct 2001,0.1891368
Oct 2002,0.166561
Oct 2003,0.2098812
Oct 2004,0.1648115
Oct 2005,0.168803
Oct 2006,0.1885103
Oct 2007,0.1995649
Oct 2008,0.1916208
Oct 2009,0.1884698
Oct 2010,0.2054813
Oct 2011,0.1968748
Oct 2012,0.1899061
Oct 2013,0.1827923
Oct 2014,0.2383598
Oct 2015,0.1766495
Oct 2016,0.2084929
Oct 2017,0.1968081
Oct 2018,0.2169501
Oct 2019,0.2104483
