Time,Soil Water Index with Characteristic Time Length of 15 Days
Jul 2007,35.84274
Jul 2008,30.02419
Jul 2009,33.31048
Jul 2010,30.91935
Jul 2011,26.98387
Jul 2012,34.82258
Jul 2013,27.83468
Jul 2014,34.52823
Jul 2015,28.22177
Jul 2016,33.77016
Jul 2017,30.26613
