Time,EVI
Jul 2000,0.2060544
Jul 2001,0.2230057
Jul 2002,0.2026641
Jul 2003,0.1737096
Jul 2004,0.2136194
Jul 2005,0.2110685
Jul 2006,0.1844878
Jul 2007,0.2556439
Jul 2008,0.1933392
Jul 2009,0.1759836
Jul 2010,0.2227279
Jul 2011,0.2147049
Jul 2012,0.1835717
Jul 2013,0.2211556
Jul 2014,0.2740885
Jul 2015,0.2090247
Jul 2016,0.258331
Jul 2017,0.2481107
Jul 2018,0.2735444
Jul 2019,0.2579702
