Time,EVI
Oct 2000,0.329254
Oct 2001,0.3229768
Oct 2002,0.2843959
Oct 2003,0.3286254
Oct 2004,0.3168206
Oct 2005,0.2808293
Oct 2006,0.3162138
Oct 2007,0.302569
Oct 2008,0.3027944
Oct 2009,0.3014792
Oct 2010,0.3301385
Oct 2011,0.3089605
Oct 2012,0.3226898
Oct 2013,0.3284138
Oct 2014,0.3520789
Oct 2015,0.3116403
Oct 2016,0.3213156
Oct 2017,0.3197464
Oct 2018,0.3506882
Oct 2019,0.33815
