Time,Soil Water Index with Characteristic Time Length of 15 Days
Oct 2007,4.387097
Oct 2008,3.633065
Oct 2009,2.278226
Oct 2010,7.423385
Oct 2011,5.439516
Oct 2012,5.69758
Oct 2013,5.875
Oct 2014,8.991937
Oct 2015,4.685485
Oct 2016,8.008065
Oct 2017,5.91129
