Time,Soil Water Index with Characteristic Time Length of 15 Days
Jul 2007,82.95161
Jul 2008,70.50001
Jul 2009,68.93548
Jul 2010,66.91935
Jul 2011,73.72581
Jul 2012,78.80644
Jul 2013,78.70967
Jul 2014,63.29032
Jul 2015,56.91935
Jul 2016,78.41934
Jul 2017,71.35483
