Time,EVI
Jul 2000,0.1737313
Jul 2001,0.2221113
Jul 2002,0.2509261
Jul 2003,0.1975819
Jul 2004,0.2106733
Jul 2005,0.2145257
Jul 2006,0.1901958
Jul 2007,0.3599479
Jul 2008,0.1841844
Jul 2009,0.1655852
Jul 2010,0.1346854
Jul 2011,0.2006819
Jul 2012,0.25649
Jul 2013,0.25132
Jul 2014,0.1487051
Jul 2015,0.162619
Jul 2016,0.2040807
Jul 2017,0.2171685
Jul 2018,0.1965418
Jul 2019,0.1322283
