Time,Soil Water Index with Characteristic Time Length of 15 Days
Oct 2007,15.59678
Oct 2008,9.209677
Oct 2009,6.451612
Oct 2010,20.43548
Oct 2011,12.56451
Oct 2012,11.22581
Oct 2013,23.41936
Oct 2014,22.93548
Oct 2015,15.35484
Oct 2016,18.43548
Oct 2017,13.30645
