Time,EVI
Oct 2000,0.2146014
Oct 2001,0.219264
Oct 2002,0.1384615
Oct 2003,0.2202881
Oct 2004,0.1646153
Oct 2005,0.1711104
Oct 2006,0.1951869
Oct 2007,0.2213722
Oct 2008,0.1870175
Oct 2009,0.1627866
Oct 2010,0.2394185
Oct 2011,0.1945379
Oct 2012,0.1849704
Oct 2013,0.207872
Oct 2014,0.2611817
Oct 2015,0.1855499
Oct 2016,0.2258298
Oct 2017,0.2195991
Oct 2018,0.2343969
Oct 2019,0.2220884
