Time,EVI
Jul 2000,0.2889294
Jul 2001,0.3526127
Jul 2002,0.4008224
Jul 2003,0.2463002
Jul 2004,0.3396119
Jul 2005,0.2178372
Jul 2006,0.3163893
Jul 2007,0.3268479
Jul 2008,0.4020972
Jul 2009,0.1988705
Jul 2010,0.331323
Jul 2011,0.3628169
Jul 2012,0.2656558
Jul 2013,0.2741367
Jul 2014,0.3456377
Jul 2015,0.3228293
Jul 2016,0.2591715
Jul 2017,0.2994744
Jul 2018,0.3045101
Jul 2019,0.3553565
