Time,EVI
Oct 2000,0.3914948
Oct 2001,0.3745579
Oct 2002,0.323764
Oct 2003,0.3914167
Oct 2004,0.3519233
Oct 2005,0.3695405
Oct 2006,0.3505858
Oct 2007,0.3522954
Oct 2008,0.3033652
Oct 2009,0.3436396
Oct 2010,0.3234318
Oct 2011,0.307537
Oct 2012,0.370129
Oct 2013,0.3575217
Oct 2014,0.3601997
Oct 2015,0.3164945
Oct 2016,0.2996231
Oct 2017,0.3196367
Oct 2018,0.3400691
Oct 2019,0.3618701
