"Harvest Year","Payout"
1983,33.5269724089636
1984,51.0257571428571
1985,88.5571990740741
1986,0
1987,0
1988,0
1989,129.743
1990,123.936547619048
1991,13.6647
1992,0
1993,0
1994,0
1995,0
1996,0
1997,0
1998,0
1999,100
2000,0
2001,112.996423809524
2002,0
2003,0
2004,47.6190476190476
2005,0
2006,0
2007,0
2008,0
2009,0
2010,17.3773204761905
2011,0
2012,0
2013,0
2014,100
2015,102.161880952381
2016,0
2017,100
2018,0
2019,47.6190476190476
