Time,EVI
Jul 2000,0.117781
Jul 2001,0.1216344
Jul 2002,0.1149651
Jul 2003,0.1295792
Jul 2004,0.1520628
Jul 2005,0.1189704
Jul 2006,0.1053051
Jul 2007,0.1366135
Jul 2008,0.1047217
Jul 2009,0.09076652
Jul 2010,0.1237724
Jul 2011,0.1216396
Jul 2012,0.1205712
Jul 2013,0.1228988
Jul 2014,0.1009344
Jul 2015,0.1362937
Jul 2016,0.1590493
Jul 2017,0.1440136
Jul 2018,0.1399237
Jul 2019,0.1371098
