Time,Soil Water Index with Characteristic Time Length of 15 Days
Oct 2007,13.69355
Oct 2008,13.46774
Oct 2009,9.887096
Oct 2010,20.88709
Oct 2011,11.22581
Oct 2012,16.41935
Oct 2013,22.20968
Oct 2014,34.33871
Oct 2015,14.43548
Oct 2016,21.56451
Oct 2017,26.87097
