Time,EVI
Oct 2000,0.3528958
Oct 2001,0.270833
Oct 2002,0.2297743
Oct 2003,0.2249784
Oct 2004,0.179603
Oct 2005,0.1959023
Oct 2006,0.1917475
Oct 2007,0.2033492
Oct 2008,0.1831947
Oct 2009,0.1725714
Oct 2010,0.229166
Oct 2011,0.2497656
Oct 2012,0.2134321
Oct 2013,0.243665
Oct 2014,0.3188302
Oct 2015,0.1527082
Oct 2016,0.2182585
Oct 2017,0.264626
Oct 2018,0.2635663
Oct 2019,0.2866223
