Time,EVI
Jul 2000,0.1559342
Jul 2001,0.1608039
Jul 2002,0.138906
Jul 2003,0.1151859
Jul 2004,0.1482044
Jul 2005,0.1253432
Jul 2006,0.1435962
Jul 2007,0.1888524
Jul 2008,0.1294811
Jul 2009,0.1119308
Jul 2010,0.1413149
Jul 2011,0.1481264
Jul 2012,0.1763794
Jul 2013,0.1467478
Jul 2014,0.1366186
Jul 2015,0.1243959
Jul 2016,0.168527
Jul 2017,0.129687
Jul 2018,0.1678404
Jul 2019,0.1399863
