Time,EVI
Oct 2000,0.2596788
Oct 2001,0.2676886
Oct 2002,0.1877083
Oct 2003,0.2136124
Oct 2004,0.157983
Oct 2005,0.2137881
Oct 2006,0.239108
Oct 2007,0.2595791
Oct 2008,0.2331379
Oct 2009,0.2178632
Oct 2010,0.2757296
Oct 2011,0.3140357
Oct 2012,0.2443244
Oct 2013,0.2097459
Oct 2014,0.2958598
Oct 2015,0.1817587
Oct 2016,0.2441131
Oct 2017,0.2622737
Oct 2018,0.2584781
Oct 2019,0.2314389
