Time,Soil Water Index with Characteristic Time Length of 15 Days
Jul 2007,70.68144
Jul 2008,58.37903
Jul 2009,60.16936
Jul 2010,54.98388
Jul 2011,57.72984
Jul 2012,66.93145
Jul 2013,64.87096
Jul 2014,48.43951
Jul 2015,47.14516
Jul 2016,66.87501
Jul 2017,60.95565
