Time,EVI
Jul 2000,0.1860557
Jul 2001,0.183081
Jul 2002,0.1014516
Jul 2003,0.1963314
Jul 2004,0.1550896
Jul 2005,0.1991678
Jul 2006,0.1402176
Jul 2007,0.261138
Jul 2008,0.1844286
Jul 2009,0.1497039
Jul 2010,0.1359427
Jul 2011,0.1615748
Jul 2012,0.1458172
Jul 2013,0.1892705
Jul 2014,0.1151618
Jul 2015,0.1412687
Jul 2016,0.2069081
Jul 2017,0.1657639
Jul 2018,0.2207083
Jul 2019,0.1693196
