Time,EVI
Oct 2000,0.236678
Oct 2001,0.1925077
Oct 2002,0.1543442
Oct 2003,0.1987269
Oct 2004,0.1607876
Oct 2005,0.2035503
Oct 2006,0.2166751
Oct 2007,0.191977
Oct 2008,0.1908472
Oct 2009,0.20702
Oct 2010,0.2177508
Oct 2011,0.2082065
Oct 2012,0.1777556
Oct 2013,0.2242706
Oct 2014,0.2144913
Oct 2015,0.1355109
Oct 2016,0.1969101
Oct 2017,0.2264008
Oct 2018,0.1849658
Oct 2019,0.2243525
