Time,Soil Water Index with Characteristic Time Length of 15 Days
Oct 2007,20.08871
Oct 2008,19.09678
Oct 2009,22.44758
Oct 2010,21.94354
Oct 2011,19.2621
Oct 2012,19.1492
Oct 2013,28.12903
Oct 2014,24.24597
Oct 2015,18.36694
Oct 2016,26.39516
Oct 2017,28.22984
