Time,EVI
Jul 2000,0.1582192
Jul 2001,0.233307
Jul 2002,0.1995839
Jul 2003,0.1795408
Jul 2004,0.1745027
Jul 2005,0.1650472
Jul 2006,0.1959414
Jul 2007,0.2065494
Jul 2008,0.2258444
Jul 2009,0.1475646
Jul 2010,0.1961657
Jul 2011,0.2071128
Jul 2012,0.1734927
Jul 2013,0.1628925
Jul 2014,0.2076916
Jul 2015,0.1822745
Jul 2016,0.1396188
Jul 2017,0.178023
Jul 2018,0.1865286
Jul 2019,0.2383704
