Time,Soil Water Index with Characteristic Time Length of 15 Days
Jul 2007,77.63709
Jul 2008,73.18549
Jul 2009,64.90322
Jul 2010,66.94356
Jul 2011,70.23386
Jul 2012,74.4113
Jul 2013,75.02419
Jul 2014,68.69356
Jul 2015,67.28226
Jul 2016,76.01612
Jul 2017,71.37095
