Time,EVI
Oct 2000,0.3319208
Oct 2001,0.2975302
Oct 2002,0.2812768
Oct 2003,0.2966723
Oct 2004,0.2949339
Oct 2005,0.2817563
Oct 2006,0.274411
Oct 2007,0.2710607
Oct 2008,0.2500693
Oct 2009,0.2874305
Oct 2010,0.2851597
Oct 2011,0.2654757
Oct 2012,0.2814078
Oct 2013,0.2858697
Oct 2014,0.2756652
Oct 2015,0.2466885
Oct 2016,0.2847557
Oct 2017,0.2910882
Oct 2018,0.2641362
Oct 2019,0.2846279
