Time,Soil Water Index with Characteristic Time Length of 15 Days
Oct 2007,27.20967
Oct 2008,30.87097
Oct 2009,23.34677
Oct 2010,32.2258
Oct 2011,36.70161
Oct 2012,34.41936
Oct 2013,36.45161
Oct 2014,49.91129
Oct 2015,36.00806
Oct 2016,38.30645
Oct 2017,38.16935
