Time,EVI
Jul 2000,0.1558487
Jul 2001,0.1781078
Jul 2002,0.1715014
Jul 2003,0.1626704
Jul 2004,0.160461
Jul 2005,0.1859064
Jul 2006,0.1408547
Jul 2007,0.1821532
Jul 2008,0.1230847
Jul 2009,0.1174622
Jul 2010,0.1610547
Jul 2011,0.1277763
Jul 2012,0.1348118
Jul 2013,0.1407094
Jul 2014,0.1406741
Jul 2015,0.1320768
Jul 2016,0.1530531
Jul 2017,0.1462584
Jul 2018,0.1331806
Jul 2019,0.1862769
