Time,Soil Water Index with Characteristic Time Length of 15 Days
Oct 2007,8.274191
Oct 2008,4.67742
Oct 2009,4.854839
Oct 2010,8.403226
Oct 2011,6.580644
Oct 2012,6.596773
Oct 2013,7.338708
Oct 2014,8.580645
Oct 2015,5.580645
Oct 2016,6.258064
Oct 2017,7.806451
