Time,EVI
Oct 2000,0.1558509
Oct 2001,0.2041751
Oct 2002,0.1374961
Oct 2003,0.19929
Oct 2004,0.1514019
Oct 2005,0.1647992
Oct 2006,0.1913953
Oct 2007,0.1821625
Oct 2008,0.1527629
Oct 2009,0.1650584
Oct 2010,0.1673903
Oct 2011,0.163912
Oct 2012,0.1787832
Oct 2013,0.1642082
Oct 2014,0.1694088
Oct 2015,0.1343809
Oct 2016,0.1562579
Oct 2017,0.1650539
Oct 2018,0.1846622
Oct 2019,0.1560593
