Time,Soil Water Index with Characteristic Time Length of 15 Days
Jul 2007,74.87097
Jul 2008,61.29032
Jul 2009,64.11291
Jul 2010,59.66129
Jul 2011,63.54839
Jul 2012,73.14516
Jul 2013,71.01613
Jul 2014,56.90322
Jul 2015,54.67741
Jul 2016,69.95161
Jul 2017,62.59678
