Time,EVI
Jul 2000,0.1792852
Jul 2001,0.2202808
Jul 2002,0.1762353
Jul 2003,0.1606116
Jul 2004,0.1829441
Jul 2005,0.1690924
Jul 2006,0.131927
Jul 2007,0.194781
Jul 2008,0.1594543
Jul 2009,0.1160187
Jul 2010,0.1692755
Jul 2011,0.1916893
Jul 2012,0.1311153
Jul 2013,0.1575348
Jul 2014,0.1683406
Jul 2015,0.1928954
Jul 2016,0.211251
Jul 2017,0.1923719
Jul 2018,0.21516
Jul 2019,0.1964736
