Time,EVI
Oct 2000,0.3239711
Oct 2001,0.2575309
Oct 2002,0.2535791
Oct 2003,0.3270492
Oct 2004,0.3130099
Oct 2005,0.2847347
Oct 2006,0.2828038
Oct 2007,0.2772088
Oct 2008,0.2945431
Oct 2009,0.307833
Oct 2010,0.2763812
Oct 2011,0.2958225
Oct 2012,0.2846965
Oct 2013,0.3054426
Oct 2014,0.3256593
Oct 2015,0.3161346
Oct 2016,0.2944198
Oct 2017,0.3201554
Oct 2018,0.3003038
Oct 2019,0.3175329
