Time,Soil Water Index with Characteristic Time Length of 15 Days
Jul 2007,78.94355
Jul 2008,68.01612
Jul 2009,67.12096
Jul 2010,67.25804
Jul 2011,70.21772
Jul 2012,78.62902
Jul 2013,76.70968
Jul 2014,61.83871
Jul 2015,57.58064
Jul 2016,77.18546
Jul 2017,65.87903
