Time,Soil Water Index with Characteristic Time Length of 15 Days
Oct 2007,21.7258
Oct 2008,19.94355
Oct 2009,24.18548
Oct 2010,26.04839
Oct 2011,24.58871
Oct 2012,20.69354
Oct 2013,31.91935
Oct 2014,28.38709
Oct 2015,26.96773
Oct 2016,31.94355
Oct 2017,31.77419
