Time,EVI
Oct 2000,0.3032047
Oct 2001,0.2425171
Oct 2002,0.2209763
Oct 2003,0.2746921
Oct 2004,0.2493373
Oct 2005,0.2780226
Oct 2006,0.2553852
Oct 2007,0.2336374
Oct 2008,0.2605334
Oct 2009,0.29978
Oct 2010,0.2669579
Oct 2011,0.2336832
Oct 2012,0.2364389
Oct 2013,0.2828169
Oct 2014,0.2656222
Oct 2015,0.2565084
Oct 2016,0.2449771
Oct 2017,0.2466049
Oct 2018,0.2388996
Oct 2019,0.2658381
