"Harvest Year","Payout"
1983,52.6242172043011
1984,0
1985,0
1986,0
1987,0
1988,98.5511666666667
1989,75.8236709677419
1990,83.8682720430108
1991,0
1992,183.870967741935
1993,0
1994,0
1995,100
1996,0
1997,0
1998,0
1999,0
2000,0
2001,58.020540860215
2002,113.687793548387
2003,2.07316451612905
2004,104.747443548387
2005,100
2006,0
2007,0
2008,0
2009,100
2010,0
2011,14.1896806451613
2012,0
2013,0
2014,0
2015,0
2016,0
2017,0
2018,0
2019,0
