Time,Soil Water Index with Characteristic Time Length of 15 Days
Jul 2007,72.37901
Jul 2008,61.44354
Jul 2009,61.44355
Jul 2010,57.05644
Jul 2011,60.3387
Jul 2012,67.39516
Jul 2013,67.04839
Jul 2014,49.30645
Jul 2015,48.46774
Jul 2016,68.8871
Jul 2017,61.98388
