Time,EVI
Jul 2000,0.1884708
Jul 2001,0.1989046
Jul 2002,0.1078499
Jul 2003,0.192505
Jul 2004,0.1716653
Jul 2005,0.1833172
Jul 2006,0.1378984
Jul 2007,0.2392669
Jul 2008,0.1539263
Jul 2009,0.1761381
Jul 2010,0.1315967
Jul 2011,0.132725
Jul 2012,0.167608
Jul 2013,0.166743
Jul 2014,0.1127696
Jul 2015,0.1269049
Jul 2016,0.1960615
Jul 2017,0.1573514
Jul 2018,0.200529
Jul 2019,0.1907669
