Time,EVI
Oct 2000,0.2690864
Oct 2001,0.2125152
Oct 2002,0.1942493
Oct 2003,0.2524721
Oct 2004,0.1881523
Oct 2005,0.2274961
Oct 2006,0.228545
Oct 2007,0.2065577
Oct 2008,0.2508268
Oct 2009,0.2392118
Oct 2010,0.249327
Oct 2011,0.2513629
Oct 2012,0.2120585
Oct 2013,0.2539321
Oct 2014,0.2935217
Oct 2015,0.1501023
Oct 2016,0.2067747
Oct 2017,0.2373313
Oct 2018,0.2020189
Oct 2019,0.2543339
