Time,Soil Water Index with Characteristic Time Length of 15 Days
Oct 2007,20.69354
Oct 2008,18.73387
Oct 2009,23.25
Oct 2010,22.1371
Oct 2011,20.98387
Oct 2012,18.32258
Oct 2013,30.27419
Oct 2014,26.07258
Oct 2015,18.49194
Oct 2016,27.02419
Oct 2017,29.54839
