Time,Soil Water Index with Characteristic Time Length of 15 Days
Jul 2007,73.94353
Jul 2008,58.88709
Jul 2009,62.97581
Jul 2010,58.4758
Jul 2011,61.91936
Jul 2012,71.59676
Jul 2013,69.46773
Jul 2014,55.29033
Jul 2015,52.99194
Jul 2016,69.06452
Jul 2017,62.44354
