Time,EVI
Jul 2000,0.1883312
Jul 2001,0.2514787
Jul 2002,0.1547916
Jul 2003,0.1846543
Jul 2004,0.1584895
Jul 2005,0.2001976
Jul 2006,0.1566268
Jul 2007,0.242654
Jul 2008,0.1814757
Jul 2009,0.128253
Jul 2010,0.1869132
Jul 2011,0.2265545
Jul 2012,0.1559541
Jul 2013,0.1699241
Jul 2014,0.1709778
Jul 2015,0.1684
Jul 2016,0.2248109
Jul 2017,0.2242379
Jul 2018,0.238078
Jul 2019,0.2389411
