Time,EVI
Oct 2000,0.318514
Oct 2001,0.2724105
Oct 2002,0.2372293
Oct 2003,0.3044698
Oct 2004,0.2963715
Oct 2005,0.2682267
Oct 2006,0.2782979
Oct 2007,0.2806916
Oct 2008,0.284221
Oct 2009,0.3153213
Oct 2010,0.303119
Oct 2011,0.2927724
Oct 2012,0.2967519
Oct 2013,0.3160889
Oct 2014,0.3251009
Oct 2015,0.192156
Oct 2016,0.2721707
Oct 2017,0.3137518
Oct 2018,0.3221063
Oct 2019,0.3055909
