"Harvest Year","Payout"
1983,44.8601439231248
1984,200
1985,100
1986,0
1987,173.803966502268
1988,100
1989,100
1990,100
1991,0
1992,101.484361904762
1993,100
1994,100
1995,100
1996,0
1997,0
1998,100
1999,0
2000,100
2001,0
2002,100
2003,103.461078571429
2004,31.6145666666667
2005,100
2006,100
2007,0
2008,0
2009,111.519892857143
2010,100
2011,100
2012,100
2013,100
2014,124.773595238095
2015,200
2016,100
2017,100
2018,0
2019,100
