Time,EVI
Jul 2000,0.1799975
Jul 2001,0.2373511
Jul 2002,0.1781339
Jul 2003,0.1742822
Jul 2004,0.1909569
Jul 2005,0.2033942
Jul 2006,0.2136742
Jul 2007,0.2165805
Jul 2008,0.2223112
Jul 2009,0.1566708
Jul 2010,0.2315855
Jul 2011,0.203632
Jul 2012,0.190448
Jul 2013,0.2181728
Jul 2014,0.2414761
Jul 2015,0.2101933
Jul 2016,0.2152557
Jul 2017,0.2316048
Jul 2018,0.1789477
Jul 2019,0.2404061
