Time,Soil Water Index with Characteristic Time Length of 15 Days
Jul 2007,32.93548
Jul 2008,28.3871
Jul 2009,31.79032
Jul 2010,29.30645
Jul 2011,28.09677
Jul 2012,32.85484
Jul 2013,28.24194
Jul 2014,33.29032
Jul 2015,27.01613
Jul 2016,32.70968
Jul 2017,29.08064
