Time,EVI
Oct 2000,0.2555558
Oct 2001,0.2533779
Oct 2002,0.2254579
Oct 2003,0.2602051
Oct 2004,0.2513882
Oct 2005,0.2340041
Oct 2006,0.2372299
Oct 2007,0.2371535
Oct 2008,0.2474541
Oct 2009,0.2515491
Oct 2010,0.2425163
Oct 2011,0.2535614
Oct 2012,0.2442739
Oct 2013,0.266401
Oct 2014,0.2797676
Oct 2015,0.259228
Oct 2016,0.2643662
Oct 2017,0.2433428
Oct 2018,0.2777933
Oct 2019,0.2544023
