Time,EVI
Aug 2000,0.2598456
Aug 2001,0.2805992
Aug 2002,0.2712238
Aug 2003,0.265145
Aug 2004,0.2425442
Aug 2005,0.268117
Aug 2006,0.2583273
Aug 2007,0.2863902
Aug 2008,0.2563322
Aug 2009,0.2620135
Aug 2010,0.2422556
Aug 2011,0.250122
Aug 2012,0.2759172
Aug 2013,0.2611219
Aug 2014,0.2581927
Aug 2015,0.2275176
Aug 2016,0.2591448
Aug 2017,0.2676425
Aug 2018,0.2629712
Aug 2019,0.2700764
