"year","SWI"
2007,59.11763
2008,45.6823
2009,48.0014
2010,47.66347
2011,51.63523
2012,55.73789
2013,48.46655
2014,46.54757
2015,37.8441
2016,53.91592
2017,47.1854
