Time,EVI
Oct 2000,0.2291025
Oct 2001,0.2201914
Oct 2002,0.1773536
Oct 2003,0.2134611
Oct 2004,0.1852966
Oct 2005,0.1926499
Oct 2006,0.2170514
Oct 2007,0.214717
Oct 2008,0.1932394
Oct 2009,0.1936924
Oct 2010,0.2128976
Oct 2011,0.2158333
Oct 2012,0.2049572
Oct 2013,0.2101674
Oct 2014,0.2325031
Oct 2015,0.1793553
Oct 2016,0.2052629
Oct 2017,0.2046423
Oct 2018,0.2132696
Oct 2019,0.2159375
