"year","SWI"
2007,12.33383
2008,7.110115
2009,6.140101
2010,14.23589
2011,12.07817
2012,10.79249
2013,12.30415
2014,13.35327
2015,7.420432
2016,13.57256
2017,13.21176
