Time,EVI
Jul 2000,0.1140721
Jul 2001,0.1781207
Jul 2002,0.1268611
Jul 2003,0.1442108
Jul 2004,0.1568157
Jul 2005,0.1876373
Jul 2006,0.1618827
Jul 2007,0.1638806
Jul 2008,0.09356627
Jul 2009,0.1067114
Jul 2010,0.1586736
Jul 2011,0.146151
Jul 2012,0.1549967
Jul 2013,0.1317369
Jul 2014,0.1568271
Jul 2015,0.1302367
Jul 2016,0.2036276
Jul 2017,0.2220367
Jul 2018,0.1794405
Jul 2019,0.1992039
