Time,Soil Water Index with Characteristic Time Length of 15 Days
Jul 2007,41.91935
Jul 2008,26.93548
Jul 2009,31.54839
Jul 2010,31.3871
Jul 2011,32.66129
Jul 2012,37.01612
Jul 2013,34.64516
Jul 2014,28.56451
Jul 2015,24.16129
Jul 2016,36.69355
Jul 2017,32.83871
