Time,EVI
Oct 2000,0.3880299
Oct 2001,0.3423939
Oct 2002,0.2831587
Oct 2003,0.2773287
Oct 2004,0.2213285
Oct 2005,0.2877026
Oct 2006,0.2438254
Oct 2007,0.2632244
Oct 2008,0.2338634
Oct 2009,0.2431393
Oct 2010,0.3120375
Oct 2011,0.3113506
Oct 2012,0.299812
Oct 2013,0.2778041
Oct 2014,0.3953698
Oct 2015,0.2097914
Oct 2016,0.2712767
Oct 2017,0.3541238
Oct 2018,0.3269919
Oct 2019,0.3335342
