Time,Soil Water Index with Characteristic Time Length of 15 Days
Oct 2007,12.77419
Oct 2008,12.27419
Oct 2009,7.741934
Oct 2010,21.19355
Oct 2011,9.451611
Oct 2012,14.95161
Oct 2013,23.30645
Oct 2014,38.19355
Oct 2015,11.09678
Oct 2016,20.98387
Oct 2017,27.33871
