"Harvest Year","Payout"
1983,0
1984,91.7595062222222
1985,0
1986,0
1987,0
1988,0
1989,0
1990,145.965284833333
1991,34.480112
1992,1.058548
1993,0
1994,0
1995,0
1996,0
1997,0
1998,0
1999,0
2000,20
2001,73.051524
2002,62.2209408333333
2003,27.572516
2004,43.4329263333334
2005,4.56340416666669
2006,0
2007,0
2008,0
2009,0
2010,0
2011,0
2012,0
2013,1.39661249999996
2014,0
2015,0
2016,0
2017,0
2018,0
2019,0
