Time,EVI
Jul 2000,0.2717651
Jul 2001,0.3712315
Jul 2002,0.3121671
Jul 2003,0.2713284
Jul 2004,0.3083611
Jul 2005,0.2957309
Jul 2006,0.2771736
Jul 2007,0.388398
Jul 2008,0.319824
Jul 2009,0.2446158
Jul 2010,0.2996058
Jul 2011,0.3481513
Jul 2012,0.2721514
Jul 2013,0.3012904
Jul 2014,0.2773181
Jul 2015,0.3455151
Jul 2016,0.3565918
Jul 2017,0.3855868
Jul 2018,0.3789175
Jul 2019,0.3559862
