Time,Soil Water Index with Characteristic Time Length of 15 Days
Jul 2007,75.74599
Jul 2008,68.39515
Jul 2009,71.16129
Jul 2010,62.43951
Jul 2011,66.54033
Jul 2012,76.73789
Jul 2013,72.21371
Jul 2014,62.09273
Jul 2015,60.21775
Jul 2016,71.41531
Jul 2017,64.16935
