Time,Soil Water Index with Characteristic Time Length of 15 Days
Oct 2007,18.95161
Oct 2008,17.68144
Oct 2009,16.02823
Oct 2010,19.48386
Oct 2011,16.37097
Oct 2012,19.92741
Oct 2013,23.75807
Oct 2014,23.92339
Oct 2015,16.12097
Oct 2016,22.32258
Oct 2017,22.39516
