Time,EVI
Oct 2000,0.4853254
Oct 2001,0.4078079
Oct 2002,0.3490269
Oct 2003,0.4442933
Oct 2004,0.3842939
Oct 2005,0.3787611
Oct 2006,0.4192834
Oct 2007,0.3948062
Oct 2008,0.4348558
Oct 2009,0.4450679
Oct 2010,0.4006753
Oct 2011,0.3535777
Oct 2012,0.3958372
Oct 2013,0.3936203
Oct 2014,0.421024
Oct 2015,0.3725727
Oct 2016,0.3560845
Oct 2017,0.4193258
Oct 2018,0.3892911
Oct 2019,0.3957493
