Time,Soil Water Index with Characteristic Time Length of 15 Days
Jul 2007,49.33064
Jul 2008,27.46774
Jul 2009,37.0242
Jul 2010,34.75
Jul 2011,35.1129
Jul 2012,34.31452
Jul 2013,35.99194
Jul 2014,30.23387
Jul 2015,31.54032
Jul 2016,39.19354
Jul 2017,30.83064
