Time,EVI
Jul 2000,0.1188931
Jul 2001,0.1801584
Jul 2002,0.1606879
Jul 2003,0.1475214
Jul 2004,0.1536795
Jul 2005,0.2005627
Jul 2006,0.1726926
Jul 2007,0.2516023
Jul 2008,0.1177423
Jul 2009,0.1511127
Jul 2010,0.1689253
Jul 2011,0.1387053
Jul 2012,0.1720866
Jul 2013,0.1483091
Jul 2014,0.1618371
Jul 2015,0.1773847
Jul 2016,0.146001
Jul 2017,0.1626106
Jul 2018,0.1468556
Jul 2019,0.1606826
