Time,EVI
Oct 2000,0.3761896
Oct 2001,0.313117
Oct 2002,0.1774006
Oct 2003,0.2421025
Oct 2004,0.17284
Oct 2005,0.2059927
Oct 2006,0.2343115
Oct 2007,0.2219992
Oct 2008,0.1830169
Oct 2009,0.2276577
Oct 2010,0.324257
Oct 2011,0.2630041
Oct 2012,0.1738928
Oct 2013,0.2324507
Oct 2014,0.291038
Oct 2015,0.174409
Oct 2016,0.1899804
Oct 2017,0.3342555
Oct 2018,0.2395305
Oct 2019,0.3128468
