Time,Soil Water Index with Characteristic Time Length of 15 Days
Oct 2007,8.201612
Oct 2008,7.806451
Oct 2009,8.467745
Oct 2010,13.64516
Oct 2011,7.879031
Oct 2012,7.153227
Oct 2013,19.1129
Oct 2014,26.54032
Oct 2015,10.31452
Oct 2016,12.15322
Oct 2017,17.62096
