Time,Soil Water Index with Characteristic Time Length of 15 Days
Jul 2007,81.74194
Jul 2008,72.6129
Jul 2009,68.60483
Jul 2010,64.70967
Jul 2011,70.0
Jul 2012,78.14517
Jul 2013,77.54837
Jul 2014,62.45968
Jul 2015,56.54032
Jul 2016,77.30647
Jul 2017,71.35483
