Time,EVI
Jul 2000,0.2396678
Jul 2001,0.2445794
Jul 2002,0.2684749
Jul 2003,0.2741003
Jul 2004,0.216347
Jul 2005,0.253712
Jul 2006,0.2337077
Jul 2007,0.4428649
Jul 2008,0.1937763
Jul 2009,0.2436037
Jul 2010,0.1877804
Jul 2011,0.2280941
Jul 2012,0.2800162
Jul 2013,0.3004327
Jul 2014,0.1951277
Jul 2015,0.1012304
Jul 2016,0.2469873
Jul 2017,0.2930484
Jul 2018,0.2785569
Jul 2019,0.145317
