Time,Soil Water Index with Characteristic Time Length of 15 Days
Oct 2007,14.78226
Oct 2008,9.338711
Oct 2009,5.306452
Oct 2010,18.73388
Oct 2011,13.47581
Oct 2012,9.749999
Oct 2013,24.53226
Oct 2014,20.76613
Oct 2015,14.72581
Oct 2016,22.20968
Oct 2017,15.45967
