Time,EVI
Oct 2000,0.1913837
Oct 2001,0.216743
Oct 2002,0.1539693
Oct 2003,0.1915405
Oct 2004,0.1656149
Oct 2005,0.1567837
Oct 2006,0.2045495
Oct 2007,0.2284955
Oct 2008,0.2365568
Oct 2009,0.2207767
Oct 2010,0.2245211
Oct 2011,0.207049
Oct 2012,0.2060183
Oct 2013,0.2139304
Oct 2014,0.2255731
Oct 2015,0.2148036
Oct 2016,0.2140465
Oct 2017,0.2087551
Oct 2018,0.233066
Oct 2019,0.2333269
