"Harvest Year","Payout"
1983,89.9918925027233
1984,2.34244722222223
1985,100
1986,27.7777777777778
1987,60.1152452226631
1988,12.0253333333333
1989,100
1990,15.6645
1991,0
1992,82.7844916666667
1993,27.7777777777778
1994,0
1995,65.2918524013124
1996,0
1997,0
1998,0
1999,0
2000,0
2001,0
2002,0
2003,0
2004,0
2005,0
2006,27.7777777777778
2007,0
2008,0
2009,0
2010,0
2011,0
2012,0
2013,100
2014,100
2015,64.3606625
2016,0
2017,100
2018,0
2019,0
