Time,Soil Water Index with Characteristic Time Length of 15 Days
Jul 2007,82.26613
Jul 2008,75.21773
Jul 2009,70.58871
Jul 2010,67.91129
Jul 2011,73.09678
Jul 2012,79.18547
Jul 2013,79.84679
Jul 2014,69.54032
Jul 2015,65.69353
Jul 2016,77.70969
Jul 2017,72.90319
