Time,EVI
Jul 2000,0.304114
Jul 2001,0.3139756
Jul 2002,0.3261885
Jul 2003,0.2556261
Jul 2004,0.2935651
Jul 2005,0.2281822
Jul 2006,0.3351688
Jul 2007,0.2997247
Jul 2008,0.342805
Jul 2009,0.2318072
Jul 2010,0.20456
Jul 2011,0.3283786
Jul 2012,0.2695489
Jul 2013,0.2420072
Jul 2014,0.3593447
Jul 2015,0.3247745
Jul 2016,0.2739274
Jul 2017,0.2639286
Jul 2018,0.3028691
Jul 2019,0.3572249
