Time,Soil Water Index with Characteristic Time Length of 15 Days
Oct 2007,20.55645
Oct 2008,22.12903
Oct 2009,17.40322
Oct 2010,21.91129
Oct 2011,22.97581
Oct 2012,22.34678
Oct 2013,29.07258
Oct 2014,37.89516
Oct 2015,23.77419
Oct 2016,26.83871
Oct 2017,27.18548
