Time,EVI
Oct 2000,0.363089
Oct 2001,0.3193144
Oct 2002,0.3099281
Oct 2003,0.360859
Oct 2004,0.3182245
Oct 2005,0.3082179
Oct 2006,0.3072513
Oct 2007,0.3049653
Oct 2008,0.3009976
Oct 2009,0.2998376
Oct 2010,0.2630722
Oct 2011,0.2622391
Oct 2012,0.3043497
Oct 2013,0.3058065
Oct 2014,0.3270201
Oct 2015,0.258291
Oct 2016,0.263725
Oct 2017,0.280574
Oct 2018,0.2995039
Oct 2019,0.3286957
