Time,EVI
Jul 2000,0.2400093
Jul 2001,0.2516192
Jul 2002,0.197163
Jul 2003,0.1865948
Jul 2004,0.2081511
Jul 2005,0.2160937
Jul 2006,0.2584006
Jul 2007,0.2477853
Jul 2008,0.2704599
Jul 2009,0.1802288
Jul 2010,0.2498771
Jul 2011,0.2578067
Jul 2012,0.2576368
Jul 2013,0.2404196
Jul 2014,0.2630269
Jul 2015,0.2522374
Jul 2016,0.2968246
Jul 2017,0.2616147
Jul 2018,0.2071791
Jul 2019,0.2335098
