Time,Soil Water Index with Characteristic Time Length of 15 Days
Oct 2007,4.403226
Oct 2008,4.258066
Oct 2009,2.354839
Oct 2010,6.564516
Oct 2011,5.080645
Oct 2012,4.967741
Oct 2013,5.838709
Oct 2014,9.758065
Oct 2015,4.306451
Oct 2016,6.564515
Oct 2017,5.145161
