Time,EVI
Oct 2000,0.2345561
Oct 2001,0.2472165
Oct 2002,0.2095663
Oct 2003,0.2682563
Oct 2004,0.2363869
Oct 2005,0.2311365
Oct 2006,0.2363266
Oct 2007,0.2340321
Oct 2008,0.2490728
Oct 2009,0.254681
Oct 2010,0.2408184
Oct 2011,0.2447972
Oct 2012,0.2401084
Oct 2013,0.2393571
Oct 2014,0.2590325
Oct 2015,0.2383673
Oct 2016,0.2526089
Oct 2017,0.2327394
Oct 2018,0.2627106
Oct 2019,0.2494697
