"Harvest Year","Payout"
1983,10.5919728900256
1984,0
1985,100
1986,0
1987,64.5489986714976
1988,100
1989,105.703873913043
1990,102.624247826087
1991,100
1992,100
1993,0
1994,0
1995,0
1996,0
1997,21.7391304347826
1998,0
1999,100
2000,0
2001,123.92012173913
2002,100
2003,0
2004,21.7391304347826
2005,0
2006,0
2007,0
2008,100
2009,0
2010,6.9381347826087
2011,0
2012,0
2013,100
2014,100
2015,100
2016,0
2017,100
2018,100
2019,27.4723434782609
