"Harvest Year","Payout"
1983,20.1883142489153
1984,0
1985,100
1986,17.6470588235294
1987,117.404161764706
1988,0
1989,100
1990,0
1991,0
1992,137.490647058824
1993,21.2461588235294
1994,0
1995,100
1996,0
1997,0
1998,0
1999,0
2000,0
2001,0
2002,0
2003,0
2004,1.87423823529411
2005,0
2006,17.6470588235294
2007,0
2008,0
2009,0
2010,0
2011,7.31151764705882
2012,0
2013,100
2014,100
2015,44.9891470588235
2016,0
2017,100
2018,0
2019,0
