Time,EVI
Jul 2000,0.215077
Jul 2001,0.2476912
Jul 2002,0.1919091
Jul 2003,0.1690718
Jul 2004,0.2260916
Jul 2005,0.2043527
Jul 2006,0.1963897
Jul 2007,0.2368229
Jul 2008,0.1928928
Jul 2009,0.1746067
Jul 2010,0.2141614
Jul 2011,0.2052928
Jul 2012,0.1740009
Jul 2013,0.2083665
Jul 2014,0.2667307
Jul 2015,0.2054066
Jul 2016,0.2372108
Jul 2017,0.2399591
Jul 2018,0.2255374
Jul 2019,0.2286485
