Time,Soil Water Index with Characteristic Time Length of 15 Days
Jul 2007,36.02419
Jul 2008,30.26613
Jul 2009,33.6129
Jul 2010,30.93548
Jul 2011,27.3629
Jul 2012,35.02419
Jul 2013,28.05645
Jul 2014,34.80645
Jul 2015,28.46774
Jul 2016,33.90322
Jul 2017,30.18549
