Time,EVI
Oct 2000,0.3519971
Oct 2001,0.330694
Oct 2002,0.3042282
Oct 2003,0.329381
Oct 2004,0.3126976
Oct 2005,0.2855613
Oct 2006,0.3062118
Oct 2007,0.3119883
Oct 2008,0.3054001
Oct 2009,0.3115643
Oct 2010,0.3331817
Oct 2011,0.331667
Oct 2012,0.3392872
Oct 2013,0.3237372
Oct 2014,0.3630759
Oct 2015,0.3181243
Oct 2016,0.333162
Oct 2017,0.3371086
Oct 2018,0.3657733
Oct 2019,0.3297358
