Time,Soil Water Index with Characteristic Time Length of 15 Days
Oct 2007,4.362904
Oct 2008,3.620967
Oct 2009,2.217742
Oct 2010,7.459676
Oct 2011,5.387097
Oct 2012,5.677419
Oct 2013,5.669355
Oct 2014,8.975809
Oct 2015,4.580645
Oct 2016,8.040321
Oct 2017,5.870967
