Time,EVI
Jul 2000,0.2101156
Jul 2001,0.2809192
Jul 2002,0.2194037
Jul 2003,0.2450342
Jul 2004,0.2128558
Jul 2005,0.2006876
Jul 2006,0.2014313
Jul 2007,0.3605839
Jul 2008,0.2662008
Jul 2009,0.1690866
Jul 2010,0.1535471
Jul 2011,0.258576
Jul 2012,0.2080919
Jul 2013,0.2128539
Jul 2014,0.2354757
Jul 2015,0.2168062
Jul 2016,0.2524277
Jul 2017,0.2529316
Jul 2018,0.2748613
Jul 2019,0.2978437
