Time,Soil Water Index with Characteristic Time Length of 15 Days
Jul 2007,79.53224
Jul 2008,69.66533
Jul 2009,67.78629
Jul 2010,69.02016
Jul 2011,71.69354
Jul 2012,79.84274
Jul 2013,77.88306
Jul 2014,63.77015
Jul 2015,60.2016
Jul 2016,78.54031
Jul 2017,67.65323
