Time,EVI
Oct 2000,0.3171008
Oct 2001,0.2378621
Oct 2002,0.2195746
Oct 2003,0.2936459
Oct 2004,0.2646847
Oct 2005,0.3060762
Oct 2006,0.2445886
Oct 2007,0.2386434
Oct 2008,0.2500427
Oct 2009,0.2918162
Oct 2010,0.2665067
Oct 2011,0.2493799
Oct 2012,0.2325283
Oct 2013,0.2783712
Oct 2014,0.2592916
Oct 2015,0.2580748
Oct 2016,0.2614959
Oct 2017,0.2719992
Oct 2018,0.255903
Oct 2019,0.2680678
