Time,Soil Water Index with Characteristic Time Length of 15 Days
Oct 2007,22.87097
Oct 2008,21.81855
Oct 2009,25.59274
Oct 2010,28.28629
Oct 2011,25.91129
Oct 2012,22.19758
Oct 2013,33.23387
Oct 2014,30.82257
Oct 2015,29.67338
Oct 2016,33.60886
Oct 2017,33.90726
