"Harvest Year","Payout"
1983,84.3615583398693
1984,29.8650666666666
1985,105.4328
1986,0
1987,87.949486984127
1988,0
1989,0
1990,47.2965511111111
1991,1.66470222222222
1992,132.619299444444
1993,0
1994,0
1995,32.998
1996,0
1997,0
1998,75.8486083333333
1999,0
2000,0
2001,0
2002,0
2003,0
2004,37.7777777777778
2005,0
2006,0
2007,0
2008,0
2009,0
2010,0
2011,0
2012,0
2013,0
2014,100
2015,39.3405244444444
2016,0
2017,100
2018,0
2019,0
