Time,EVI
Jul 2000,0.2545299
Jul 2001,0.2696998
Jul 2002,0.339618
Jul 2003,0.245445
Jul 2004,0.2719525
Jul 2005,0.2516889
Jul 2006,0.3067012
Jul 2007,0.2886207
Jul 2008,0.3768248
Jul 2009,0.2238812
Jul 2010,0.2988524
Jul 2011,0.3198194
Jul 2012,0.2718647
Jul 2013,0.2939924
Jul 2014,0.3712929
Jul 2015,0.3465448
Jul 2016,0.2849369
Jul 2017,0.2989389
Jul 2018,0.29366
Jul 2019,0.3325519
