Time,Soil Water Index with Characteristic Time Length of 15 Days
Jul 2007,80.77419
Jul 2008,69.69354
Jul 2009,65.35484
Jul 2010,64.40321
Jul 2011,70.30645
Jul 2012,77.01614
Jul 2013,77.54839
Jul 2014,65.20967
Jul 2015,61.6129
Jul 2016,73.45161
Jul 2017,68.74192
