Time,EVI
Oct 2000,0.3334244
Oct 2001,0.2997271
Oct 2002,0.2606317
Oct 2003,0.3377042
Oct 2004,0.2743315
Oct 2005,0.2649502
Oct 2006,0.2649511
Oct 2007,0.2702737
Oct 2008,0.2542663
Oct 2009,0.2869551
Oct 2010,0.2341473
Oct 2011,0.2669491
Oct 2012,0.2668203
Oct 2013,0.2706552
Oct 2014,0.2932738
Oct 2015,0.2404546
Oct 2016,0.2406597
Oct 2017,0.2617524
Oct 2018,0.2573441
Oct 2019,0.3001457
