Time,Soil Water Index with Characteristic Time Length of 15 Days
Oct 2007,15.3871
Oct 2008,16.80645
Oct 2009,12.80645
Oct 2010,18.06452
Oct 2011,18.43549
Oct 2012,17.77419
Oct 2013,25.32259
Oct 2014,34.40321
Oct 2015,18.93549
Oct 2016,20.93548
Oct 2017,20.96774
