Time,Soil Water Index with Characteristic Time Length of 15 Days
Jul 2007,72.30646
Jul 2008,62.63709
Jul 2009,63.5
Jul 2010,58.2258
Jul 2011,62.91935
Jul 2012,67.59676
Jul 2013,68.35484
Jul 2014,50.09676
Jul 2015,47.91129
Jul 2016,71.05646
Jul 2017,60.48387
