Time,EVI
Jul 2000,0.1677667
Jul 2001,0.2007033
Jul 2002,0.1465927
Jul 2003,0.1898879
Jul 2004,0.1468569
Jul 2005,0.1545889
Jul 2006,0.1707945
Jul 2007,0.2590691
Jul 2008,0.1749971
Jul 2009,0.1506499
Jul 2010,0.1244991
Jul 2011,0.2376157
Jul 2012,0.1782907
Jul 2013,0.1919254
Jul 2014,0.12994
Jul 2015,0.1520176
Jul 2016,0.2070465
Jul 2017,0.20066
Jul 2018,0.2036596
Jul 2019,0.2903524
