Time,EVI
Oct 2000,0.2541594
Oct 2001,0.1980075
Oct 2002,0.174589
Oct 2003,0.2322327
Oct 2004,0.181454
Oct 2005,0.1585378
Oct 2006,0.2019857
Oct 2007,0.1835432
Oct 2008,0.2011841
Oct 2009,0.2201137
Oct 2010,0.2207056
Oct 2011,0.2149595
Oct 2012,0.1847367
Oct 2013,0.2365268
Oct 2014,0.2530134
Oct 2015,0.1468094
Oct 2016,0.1729963
Oct 2017,0.1923275
Oct 2018,0.1885907
Oct 2019,0.2065883
