Time,Soil Water Index with Characteristic Time Length of 15 Days
Oct 2007,19.90322
Oct 2008,16.78225
Oct 2009,20.51612
Oct 2010,20.99194
Oct 2011,23.93548
Oct 2012,15.28226
Oct 2013,31.1371
Oct 2014,27.17742
Oct 2015,19.89516
Oct 2016,27.67742
Oct 2017,27.33871
