Time,Soil Water Index with Characteristic Time Length of 15 Days
Jul 2007,31.36694
Jul 2008,23.60484
Jul 2009,27.32258
Jul 2010,22.79838
Jul 2011,24.56452
Jul 2012,29.84274
Jul 2013,25.65726
Jul 2014,27.08467
Jul 2015,21.625
Jul 2016,28.68952
Jul 2017,24.46371
