Time,EVI
Jul 2000,0.1988255
Jul 2001,0.2376343
Jul 2002,0.1937391
Jul 2003,0.1654961
Jul 2004,0.146307
Jul 2005,0.1532612
Jul 2006,0.1682262
Jul 2007,0.1936013
Jul 2008,0.182337
Jul 2009,0.1318752
Jul 2010,0.1402674
Jul 2011,0.1853781
Jul 2012,0.2058971
Jul 2013,0.2113118
Jul 2014,0.1703912
Jul 2015,0.1857387
Jul 2016,0.2080595
Jul 2017,0.213575
Jul 2018,0.1689608
Jul 2019,0.2102035
