Time,EVI
Oct 2000,0.236877
Oct 2001,0.2125665
Oct 2002,0.1789499
Oct 2003,0.2076097
Oct 2004,0.1893343
Oct 2005,0.1873363
Oct 2006,0.2039773
Oct 2007,0.2059763
Oct 2008,0.1856568
Oct 2009,0.1919926
Oct 2010,0.211188
Oct 2011,0.2420678
Oct 2012,0.2201523
Oct 2013,0.2088664
Oct 2014,0.267877
Oct 2015,0.2066448
Oct 2016,0.2120333
Oct 2017,0.218576
Oct 2018,0.2153935
Oct 2019,0.2248329
