Time,Soil Water Index with Characteristic Time Length of 15 Days
Oct 2007,4.076613
Oct 2008,2.596774
Oct 2009,2.068548
Oct 2010,4.459677
Oct 2011,5.314517
Oct 2012,4.919354
Oct 2013,3.943549
Oct 2014,6.568549
Oct 2015,3.362903
Oct 2016,5.548387
Oct 2017,4.455644
