"Harvest Year","Payout"
1983,39.7895577614379
1984,200
1985,100
1986,16.7615952614379
1987,168.267417131834
1988,100
1989,100
1990,118.745433333333
1991,100
1992,100.022444444444
1993,100
1994,100
1995,100
1996,0
1997,0
1998,100
1999,100
2000,0
2001,0
2002,0
2003,100
2004,149.110161111111
2005,100
2006,100
2007,100
2008,0
2009,100
2010,100
2011,0
2012,0
2013,100
2014,144.444444444444
2015,200
2016,100
2017,0
2018,100
2019,0
