Time,EVI
Jul 2000,0.2596761
Jul 2001,0.3134909
Jul 2002,0.3270181
Jul 2003,0.2491494
Jul 2004,0.2885171
Jul 2005,0.2250709
Jul 2006,0.3129106
Jul 2007,0.3011707
Jul 2008,0.3653408
Jul 2009,0.2136708
Jul 2010,0.233873
Jul 2011,0.3334003
Jul 2012,0.2249997
Jul 2013,0.2869867
Jul 2014,0.3598129
Jul 2015,0.3068947
Jul 2016,0.2609888
Jul 2017,0.2693282
Jul 2018,0.2866084
Jul 2019,0.3558798
