Time,Soil Water Index with Characteristic Time Length of 15 Days
Jul 2007,80.80242
Jul 2008,72.875
Jul 2009,68.3629
Jul 2010,65.6129
Jul 2011,71.22983
Jul 2012,77.93146
Jul 2013,78.57661
Jul 2014,67.17742
Jul 2015,63.27016
Jul 2016,75.65726
Jul 2017,70.77419
