Time,EVI
Oct 2000,0.3560441
Oct 2001,0.3036399
Oct 2002,0.328069
Oct 2003,0.3436481
Oct 2004,0.2958211
Oct 2005,0.2930801
Oct 2006,0.2962398
Oct 2007,0.2909573
Oct 2008,0.2722861
Oct 2009,0.2997354
Oct 2010,0.2428047
Oct 2011,0.25292
Oct 2012,0.2829674
Oct 2013,0.2904192
Oct 2014,0.3089406
Oct 2015,0.2445893
Oct 2016,0.2540014
Oct 2017,0.2671914
Oct 2018,0.2778793
Oct 2019,0.3173576
