Time,Soil Water Index with Characteristic Time Length of 15 Days
Oct 2007,18.20967
Oct 2008,19.43145
Oct 2009,14.93145
Oct 2010,19.49596
Oct 2011,20.2621
Oct 2012,19.73387
Oct 2013,27.03629
Oct 2014,35.91128
Oct 2015,21.15726
Oct 2016,23.66129
Oct 2017,24.0121
