Time,Soil Water Index with Characteristic Time Length of 15 Days
Jul 2007,29.33064
Jul 2008,23.68145
Jul 2009,29.77419
Jul 2010,24.91129
Jul 2011,25.03628
Jul 2012,28.66129
Jul 2013,26.97984
Jul 2014,28.04839
Jul 2015,21.10484
Jul 2016,27.82258
Jul 2017,23.70968
