Time,EVI
Jul 2000,0.2160668
Jul 2001,0.2557266
Jul 2002,0.1907396
Jul 2003,0.1920384
Jul 2004,0.1685603
Jul 2005,0.1784794
Jul 2006,0.1823241
Jul 2007,0.217675
Jul 2008,0.1889373
Jul 2009,0.1350512
Jul 2010,0.1860733
Jul 2011,0.1976847
Jul 2012,0.183987
Jul 2013,0.1730703
Jul 2014,0.1871735
Jul 2015,0.1497282
Jul 2016,0.1949556
Jul 2017,0.216939
Jul 2018,0.2152846
Jul 2019,0.2382466
