Time,Soil Water Index with Characteristic Time Length of 15 Days
Oct 2007,5.862902
Oct 2008,6.42742
Oct 2009,5.923387
Oct 2010,7.137097
Oct 2011,6.463709
Oct 2012,5.943548
Oct 2013,5.185484
Oct 2014,6.278226
Oct 2015,6.491936
Oct 2016,4.834678
Oct 2017,6.334678
