Time,EVI
Oct 2000,0.2148092
Oct 2001,0.2346503
Oct 2002,0.1561472
Oct 2003,0.2300947
Oct 2004,0.193746
Oct 2005,0.1970419
Oct 2006,0.208404
Oct 2007,0.2097615
Oct 2008,0.1578365
Oct 2009,0.2011546
Oct 2010,0.2042139
Oct 2011,0.2115204
Oct 2012,0.2020666
Oct 2013,0.1932172
Oct 2014,0.2446914
Oct 2015,0.1696284
Oct 2016,0.198512
Oct 2017,0.2108324
Oct 2018,0.1995705
Oct 2019,0.2233668
