Time,EVI
Jul 2000,0.1955276
Jul 2001,0.2478317
Jul 2002,0.2353086
Jul 2003,0.1736081
Jul 2004,0.2160263
Jul 2005,0.2198752
Jul 2006,0.1481565
Jul 2007,0.223918
Jul 2008,0.1941915
Jul 2009,0.1432112
Jul 2010,0.1813224
Jul 2011,0.2210153
Jul 2012,0.1589407
Jul 2013,0.1751463
Jul 2014,0.1686284
Jul 2015,0.237201
Jul 2016,0.219575
Jul 2017,0.2268929
Jul 2018,0.2474256
Jul 2019,0.2421007
