Time,EVI
Oct 2000,0.3642753
Oct 2001,0.2893981
Oct 2002,0.2643262
Oct 2003,0.3445835
Oct 2004,0.3239279
Oct 2005,0.3125095
Oct 2006,0.3036433
Oct 2007,0.2962534
Oct 2008,0.3063127
Oct 2009,0.3256313
Oct 2010,0.3046125
Oct 2011,0.3000913
Oct 2012,0.2871159
Oct 2013,0.3046159
Oct 2014,0.3391571
Oct 2015,0.2856746
Oct 2016,0.2885722
Oct 2017,0.3491434
Oct 2018,0.2952611
Oct 2019,0.3179119
