"Harvest Year","Payout"
1983,82.1620828835701
1984,18.764935
1985,0
1986,0
1987,84.9083914285714
1988,0
1989,0
1990,23.74769
1991,0
1992,130.9189725
1993,37.5
1994,0
1995,13.7152947741596
1996,0
1997,0
1998,100
1999,0
2000,36.8186857142857
2001,0
2002,0
2003,24.7989
2004,26.782525
2005,0
2006,100
2007,0
2008,0
2009,0
2010,100
2011,0
2012,0
2013,0
2014,100
2015,0
2016,0
2017,82.5892285714286
2018,1.08535750000001
2019,0
