Time,Soil Water Index with Characteristic Time Length of 15 Days
Jul 2007,33.80645
Jul 2008,25.41936
Jul 2009,29.04838
Jul 2010,27.48387
Jul 2011,28.72581
Jul 2012,33.06451
Jul 2013,29.70967
Jul 2014,30.2258
Jul 2015,26.04839
Jul 2016,33.03226
Jul 2017,29.69355
