Time,EVI
Jul 2000,0.1285367
Jul 2001,0.1917412
Jul 2002,0.1445389
Jul 2003,0.1191916
Jul 2004,0.1426106
Jul 2005,0.1288895
Jul 2006,0.1493645
Jul 2007,0.194087
Jul 2008,0.131025
Jul 2009,0.1135241
Jul 2010,0.1508873
Jul 2011,0.1526665
Jul 2012,0.1774324
Jul 2013,0.1654644
Jul 2014,0.1265467
Jul 2015,0.1315893
Jul 2016,0.1833583
Jul 2017,0.1479094
Jul 2018,0.1527505
Jul 2019,0.1580885
