Time,Soil Water Index with Characteristic Time Length of 15 Days
Oct 2007,4.370968
Oct 2008,3.096773
Oct 2009,1.967742
Oct 2010,4.951613
Oct 2011,4.725806
Oct 2012,4.838709
Oct 2013,4.774193
Oct 2014,7.580646
Oct 2015,5.5
Oct 2016,9.096773
Oct 2017,10.75806
