Time,EVI
Oct 2000,0.2425461
Oct 2001,0.2517501
Oct 2002,0.1966595
Oct 2003,0.1895216
Oct 2004,0.1646059
Oct 2005,0.1960037
Oct 2006,0.2135684
Oct 2007,0.2367586
Oct 2008,0.2037163
Oct 2009,0.19344
Oct 2010,0.2642549
Oct 2011,0.2532813
Oct 2012,0.2199622
Oct 2013,0.168644
Oct 2014,0.2573361
Oct 2015,0.1581001
Oct 2016,0.2112772
Oct 2017,0.2375832
Oct 2018,0.2450808
Oct 2019,0.1940344
