"Harvest Year","Payout"
1983,106.525876895425
1984,195.551016666667
1985,100
1986,0
1987,189.455691743386
1988,100
1989,100
1990,100
1991,0
1992,140
1993,100
1994,100
1995,100
1996,0
1997,0
1998,100
1999,100
2000,100
2001,0
2002,0
2003,2.47721666666665
2004,146.55421
2005,100
2006,100
2007,100
2008,0
2009,116.439263333333
2010,100
2011,100
2012,100
2013,100
2014,140
2015,181.7903
2016,100
2017,100
2018,0
2019,0
