Time,EVI
Jul 2000,0.1870348
Jul 2001,0.219708
Jul 2002,0.1352979
Jul 2003,0.1654709
Jul 2004,0.163132
Jul 2005,0.1712852
Jul 2006,0.2039569
Jul 2007,0.2040505
Jul 2008,0.1980035
Jul 2009,0.1492818
Jul 2010,0.1520794
Jul 2011,0.2075097
Jul 2012,0.1874658
Jul 2013,0.1958847
Jul 2014,0.1938369
Jul 2015,0.1724783
Jul 2016,0.182284
Jul 2017,0.1992271
Jul 2018,0.1862186
Jul 2019,0.2138959
