Time,EVI
Oct 2000,0.2937927
Oct 2001,0.2596436
Oct 2002,0.2501746
Oct 2003,0.2706507
Oct 2004,0.2579879
Oct 2005,0.2721758
Oct 2006,0.2665825
Oct 2007,0.2696186
Oct 2008,0.2651984
Oct 2009,0.2619976
Oct 2010,0.2930894
Oct 2011,0.2774119
Oct 2012,0.281918
Oct 2013,0.2536077
Oct 2014,0.3170305
Oct 2015,0.2662512
Oct 2016,0.290949
Oct 2017,0.2640263
Oct 2018,0.3211667
Oct 2019,0.2762511
