Time,Soil Water Index with Characteristic Time Length of 15 Days
Oct 2007,4.661291
Oct 2008,3.790322
Oct 2009,2.443549
Oct 2010,6.282257
Oct 2011,5.362904
Oct 2012,5.693548
Oct 2013,4.588709
Oct 2014,8.120966
Oct 2015,3.766129
Oct 2016,8.048386
Oct 2017,5.475806
