"Harvest Year","Payout"
1983,28.0728469449396
1984,0
1985,0
1986,9.84768484848485
1987,81.8175958441558
1988,0
1989,0
1990,80.6787681818182
1991,0
1992,110.606960606061
1993,24.2424242424242
1994,0
1995,102.085590179668
1996,0
1997,0
1998,100
1999,0
2000,0
2001,0
2002,13.4268696969697
2003,0
2004,11.0474151515151
2005,0
2006,100
2007,0
2008,0
2009,0
2010,0
2011,0
2012,10.60641
2013,0
2014,100
2015,100
2016,0
2017,73.8602166666667
2018,0
2019,0
