Time,Soil Water Index with Characteristic Time Length of 15 Days
Jul 2007,77.04838
Jul 2008,65.54839
Jul 2009,65.10484
Jul 2010,63.5
Jul 2011,67.21773
Jul 2012,71.90321
Jul 2013,72.83066
Jul 2014,57.78226
Jul 2015,53.97581
Jul 2016,73.49194
Jul 2017,63.87903
