Time,EVI
Jul 2000,0.1784143
Jul 2001,0.2599836
Jul 2002,0.2091338
Jul 2003,0.1542705
Jul 2004,0.2237539
Jul 2005,0.1818067
Jul 2006,0.1990258
Jul 2007,0.2198408
Jul 2008,0.2070273
Jul 2009,0.1571528
Jul 2010,0.1677402
Jul 2011,0.2378229
Jul 2012,0.1783782
Jul 2013,0.1801788
Jul 2014,0.2369911
Jul 2015,0.2356723
Jul 2016,0.2253822
Jul 2017,0.2408605
Jul 2018,0.2751849
Jul 2019,0.2814798
