Time,Soil Water Index with Characteristic Time Length of 15 Days
Oct 2007,21.55645
Oct 2008,18.25
Oct 2009,22.39516
Oct 2010,23.40322
Oct 2011,23.48387
Oct 2012,17.69355
Oct 2013,31.20968
Oct 2014,28.10484
Oct 2015,21.75806
Oct 2016,29.84677
Oct 2017,30.10484
