Time,EVI
Oct 2000,0.3526235
Oct 2001,0.2924416
Oct 2002,0.2612309
Oct 2003,0.3362755
Oct 2004,0.3054715
Oct 2005,0.3159325
Oct 2006,0.2958055
Oct 2007,0.2691759
Oct 2008,0.2797195
Oct 2009,0.3204888
Oct 2010,0.2949456
Oct 2011,0.2912204
Oct 2012,0.2712315
Oct 2013,0.3135356
Oct 2014,0.3203499
Oct 2015,0.2756061
Oct 2016,0.2702879
Oct 2017,0.2653926
Oct 2018,0.2620748
Oct 2019,0.2964963
