Time,Soil Water Index with Characteristic Time Length of 15 Days
Jul 2007,57.59677
Jul 2008,34.58065
Jul 2009,43.93549
Jul 2010,41.05645
Jul 2011,43.04839
Jul 2012,45.25
Jul 2013,45.95967
Jul 2014,36.31451
Jul 2015,35.42741
Jul 2016,47.53226
Jul 2017,39.28226
