Time,EVI
Jul 2000,0.1814226
Jul 2001,0.2269245
Jul 2002,0.1727331
Jul 2003,0.1984922
Jul 2004,0.16991
Jul 2005,0.2074382
Jul 2006,0.1850938
Jul 2007,0.1979756
Jul 2008,0.1567685
Jul 2009,0.1328906
Jul 2010,0.1727648
Jul 2011,0.1833194
Jul 2012,0.1871078
Jul 2013,0.1607903
Jul 2014,0.1580918
Jul 2015,0.1981413
Jul 2016,0.2147606
Jul 2017,0.1937003
Jul 2018,0.1976779
Jul 2019,0.2533363
