Time,Soil Water Index with Characteristic Time Length of 15 Days
Oct 2007,12.85484
Oct 2008,12.41935
Oct 2009,10.10484
Oct 2010,19.37096
Oct 2011,11.88709
Oct 2012,11.21774
Oct 2013,24.6129
Oct 2014,35.84677
Oct 2015,13.1371
Oct 2016,18.70161
Oct 2017,24.89515
