Time,EVI
Oct 2000,0.4343682
Oct 2001,0.3575532
Oct 2002,0.3639678
Oct 2003,0.3162221
Oct 2004,0.3140662
Oct 2005,0.3051238
Oct 2006,0.3165359
Oct 2007,0.3195881
Oct 2008,0.3553228
Oct 2009,0.3063693
Oct 2010,0.3484307
Oct 2011,0.3573635
Oct 2012,0.323679
Oct 2013,0.3653573
Oct 2014,0.4009272
Oct 2015,0.3148035
Oct 2016,0.324606
Oct 2017,0.357335
Oct 2018,0.3471316
Oct 2019,0.3537441
