Time,EVI
Jul 2000,0.1411067
Jul 2001,0.155374
Jul 2002,0.1413202
Jul 2003,0.1829508
Jul 2004,0.1826964
Jul 2005,0.1748868
Jul 2006,0.1533937
Jul 2007,0.2024642
Jul 2008,0.1220328
Jul 2009,0.1907165
Jul 2010,0.1606136
Jul 2011,0.1308996
Jul 2012,0.1918653
Jul 2013,0.2000475
Jul 2014,0.1287242
Jul 2015,0.1301371
Jul 2016,0.1641919
Jul 2017,0.1843162
Jul 2018,0.1613631
Jul 2019,0.1931501
