Time,Soil Water Index with Characteristic Time Length of 15 Days
Jul 2007,74.74596
Jul 2008,54.34676
Jul 2009,59.06048
Jul 2010,53.9758
Jul 2011,54.14516
Jul 2012,64.98387
Jul 2013,63.42338
Jul 2014,44.91935
Jul 2015,39.64113
Jul 2016,65.89516
Jul 2017,58.27822
