Time,Soil Water Index with Characteristic Time Length of 15 Days
Oct 2007,14.25403
Oct 2008,12.57258
Oct 2009,6.375
Oct 2010,12.66935
Oct 2011,10.11694
Oct 2012,12.49194
Oct 2013,19.01613
Oct 2014,20.36693
Oct 2015,9.362905
Oct 2016,16.82257
Oct 2017,18.50806
