Time,EVI
Oct 2000,0.2496549
Oct 2001,0.2155705
Oct 2002,0.2427644
Oct 2003,0.2136274
Oct 2004,0.1863712
Oct 2005,0.2111334
Oct 2006,0.2206151
Oct 2007,0.2191062
Oct 2008,0.2300483
Oct 2009,0.2164818
Oct 2010,0.2407436
Oct 2011,0.2453749
Oct 2012,0.220215
Oct 2013,0.2275995
Oct 2014,0.2686124
Oct 2015,0.2138877
Oct 2016,0.1990259
Oct 2017,0.2138264
Oct 2018,0.2262196
Oct 2019,0.2314902
