"Harvest Year","Payout"
1983,66.7310980796604
1984,43.6970023255814
1985,100
1986,0
1987,27.4223581395349
1988,10.910635
1989,48.6638131944444
1990,0
1991,0
1992,51.3249289534884
1993,0
1994,0
1995,0
1996,0
1997,0
1998,0
1999,0
2000,0
2001,0
2002,2.7357488372093
2003,11.96123
2004,8.32568139534884
2005,30.196785
2006,0.470362790697678
2007,0
2008,0
2009,0
2010,22.7674744186046
2011,0
2012,0
2013,0
2014,0
2015,82.1006493023256
2016,0
2017,100
2018,0
2019,0
