"Harvest Year","Payout"
1983,0
1984,190.194
1985,100
1986,0
1987,100
1988,100
1989,136.414471428571
1990,100
1991,23.8095238095238
1992,100
1993,0
1994,100
1995,100
1996,1.25872857142858
1997,0
1998,0
1999,100
2000,0
2001,0
2002,145.660447619048
2003,59.5499476190476
2004,100
2005,0
2006,120.895985714286
2007,100
2008,100
2009,100
2010,100
2011,0
2012,0
2013,0
2014,100
2015,47.2619552380952
2016,0
2017,100
2018,100
2019,100
