"Harvest Year","Payout"
1983,84.8744931303742
1984,19.4868325581395
1985,0
1986,0
1987,56.6372812206995
1988,0
1989,100
1990,26.232625
1991,0
1992,128.913445930233
1993,37.2093023255814
1994,0
1995,0
1996,0
1997,0
1998,0
1999,0
2000,0
2001,0
2002,0
2003,0
2004,12.3079534883721
2005,0
2006,185.344072093023
2007,0
2008,0
2009,0
2010,0
2011,0
2012,47.6907162790698
2013,50.2398125
2014,0
2015,37.6947302325581
2016,0
2017,100
2018,0
2019,0
