Time,EVI
Jul 2000,0.1702154
Jul 2001,0.1773988
Jul 2002,0.1523784
Jul 2003,0.1390905
Jul 2004,0.1670093
Jul 2005,0.1465759
Jul 2006,0.1635253
Jul 2007,0.190912
Jul 2008,0.1494571
Jul 2009,0.1375039
Jul 2010,0.1390725
Jul 2011,0.153154
Jul 2012,0.1529171
Jul 2013,0.1583886
Jul 2014,0.1838144
Jul 2015,0.1388094
Jul 2016,0.1465435
Jul 2017,0.1638056
Jul 2018,0.1298028
Jul 2019,0.1712067
