Time,Soil Water Index with Characteristic Time Length of 15 Days
Jul 2007,36.80645
Jul 2008,30.80645
Jul 2009,34.08064
Jul 2010,30.75806
Jul 2011,27.91129
Jul 2012,35.39516
Jul 2013,29.47581
Jul 2014,34.79032
Jul 2015,29.39516
Jul 2016,34.32258
Jul 2017,31.05645
