Time,Soil Water Index with Characteristic Time Length of 15 Days
Oct 2007,4.540322
Oct 2008,3.604838
Oct 2009,2.16129
Oct 2010,7.088709
Oct 2011,5.516129
Oct 2012,5.806452
Oct 2013,5.758065
Oct 2014,9.19355
Oct 2015,5.096774
Oct 2016,7.959677
Oct 2017,6.056452
