Time,EVI
Oct 2000,0.2706874
Oct 2001,0.2591293
Oct 2002,0.2165242
Oct 2003,0.2651912
Oct 2004,0.23316
Oct 2005,0.2306387
Oct 2006,0.2384496
Oct 2007,0.2451071
Oct 2008,0.2454232
Oct 2009,0.2366457
Oct 2010,0.2476025
Oct 2011,0.2389529
Oct 2012,0.2527352
Oct 2013,0.2318782
Oct 2014,0.2494939
Oct 2015,0.2176094
Oct 2016,0.2408877
Oct 2017,0.2219879
Oct 2018,0.2733585
Oct 2019,0.2424057
