Time,Soil Water Index with Characteristic Time Length of 15 Days
Jul 2007,78.60484
Jul 2008,66.20565
Jul 2009,65.28629
Jul 2010,65.73387
Jul 2011,68.60081
Jul 2012,72.29436
Jul 2013,73.69355
Jul 2014,60.09678
Jul 2015,57.06451
Jul 2016,73.25
Jul 2017,66.94354
