Time,EVI
Jul 2000,0.1845467
Jul 2001,0.2409296
Jul 2002,0.2244699
Jul 2003,0.1845056
Jul 2004,0.1799472
Jul 2005,0.1675288
Jul 2006,0.1701793
Jul 2007,0.2028714
Jul 2008,0.2077111
Jul 2009,0.1421967
Jul 2010,0.1070813
Jul 2011,0.2138239
Jul 2012,0.1777297
Jul 2013,0.148652
Jul 2014,0.2104082
Jul 2015,0.2520059
Jul 2016,0.2052553
Jul 2017,0.2009121
Jul 2018,0.2408747
Jul 2019,0.2354638
