Time,Soil Water Index with Characteristic Time Length of 15 Days
Oct 2007,22.18951
Oct 2008,18.88709
Oct 2009,23.08064
Oct 2010,23.83468
Oct 2011,22.45967
Oct 2012,18.84274
Oct 2013,30.91936
Oct 2014,28.47581
Oct 2015,20.16532
Oct 2016,29.02419
Oct 2017,31.53226
