Time,EVI
Oct 2000,0.3820598
Oct 2001,0.2960551
Oct 2002,0.2862231
Oct 2003,0.3720689
Oct 2004,0.3538577
Oct 2005,0.3386621
Oct 2006,0.3511983
Oct 2007,0.3134307
Oct 2008,0.2911955
Oct 2009,0.361203
Oct 2010,0.3152671
Oct 2011,0.30798
Oct 2012,0.3126783
Oct 2013,0.3317029
Oct 2014,0.3291024
Oct 2015,0.3160966
Oct 2016,0.3452538
Oct 2017,0.3214509
Oct 2018,0.3233218
Oct 2019,0.3284246
