"Harvest Year","Payout"
1983,0
1984,184.92185
1985,100
1986,114.851668995098
1987,184.799492784392
1988,100
1989,100
1990,100
1991,0
1992,116.666666666667
1993,0
1994,100
1995,100
1996,0
1997,0
1998,100
1999,100
2000,102.966
2001,0
2002,0
2003,0
2004,69.7501333333333
2005,100
2006,100
2007,100
2008,100
2009,100
2010,100
2011,100
2012,100
2013,100
2014,116.666666666667
2015,193.748316666667
2016,100
2017,100
2018,108.697091666667
2019,100
