Time,EVI
Jul 2000,0.1733125
Jul 2001,0.2272377
Jul 2002,0.1426808
Jul 2003,0.1410591
Jul 2004,0.1534786
Jul 2005,0.1337312
Jul 2006,0.1492359
Jul 2007,0.2085458
Jul 2008,0.1621114
Jul 2009,0.1398814
Jul 2010,0.1469236
Jul 2011,0.1673591
Jul 2012,0.164763
Jul 2013,0.1888675
Jul 2014,0.1619455
Jul 2015,0.1351579
Jul 2016,0.1765575
Jul 2017,0.1607423
Jul 2018,0.199547
Jul 2019,0.2009152
