Time,Soil Water Index with Characteristic Time Length of 15 Days
Jul 2007,27.02419
Jul 2008,17.54032
Jul 2009,21.81855
Jul 2010,19.93549
Jul 2011,20.78226
Jul 2012,24.58467
Jul 2013,23.22178
Jul 2014,20.52823
Jul 2015,17.47984
Jul 2016,24.09274
Jul 2017,20.59677
