Time,Soil Water Index with Characteristic Time Length of 15 Days
Oct 2007,2.762097
Oct 2008,1.620968
Oct 2009,1.673387
Oct 2010,2.717742
Oct 2011,2.669354
Oct 2012,2.346774
Oct 2013,2.427419
Oct 2014,4.201612
Oct 2015,2.060483
Oct 2016,3.741935
Oct 2017,4.342741
