Time,EVI
Oct 2000,0.2796849
Oct 2001,0.2585019
Oct 2002,0.2289072
Oct 2003,0.2387141
Oct 2004,0.2211717
Oct 2005,0.2298448
Oct 2006,0.2508833
Oct 2007,0.2571675
Oct 2008,0.2451448
Oct 2009,0.2355177
Oct 2010,0.2650228
Oct 2011,0.2843869
Oct 2012,0.2446125
Oct 2013,0.2296146
Oct 2014,0.2802759
Oct 2015,0.2142446
Oct 2016,0.237765
Oct 2017,0.2666284
Oct 2018,0.2400674
Oct 2019,0.24177
