"Harvest Year","Payout"
1983,80.4428918707483
1984,0
1985,20.2520406084656
1986,0
1987,46.3380833179724
1988,0
1989,0
1990,0
1991,20.7931857142857
1992,4.53645806451613
1993,0
1994,0
1995,41.2977294227584
1996,0
1997,20.4298258064516
1998,0
1999,47.6190476190476
2000,0
2001,0
2002,0
2003,10.240353609831
2004,131.745510445469
2005,0
2006,0
2007,0
2008,0
2009,0
2010,0
2011,0
2012,0
2013,46.4991714285714
2014,47.6190476190476
2015,0
2016,0
2017,22.0023047619048
2018,0
2019,0
