Time,Soil Water Index with Characteristic Time Length of 15 Days
Jul 2007,60.43548
Jul 2008,47.96774
Jul 2009,48.90322
Jul 2010,51.77419
Jul 2011,56.95161
Jul 2012,59.12903
Jul 2013,50.53226
Jul 2014,51.82258
Jul 2015,40.98388
Jul 2016,56.59677
Jul 2017,48.62904
