Time,EVI
Jul 2000,0.1683148
Jul 2001,0.2184404
Jul 2002,0.2118612
Jul 2003,0.1711238
Jul 2004,0.1698008
Jul 2005,0.1882586
Jul 2006,0.1725199
Jul 2007,0.1904852
Jul 2008,0.1814153
Jul 2009,0.135703
Jul 2010,0.1847725
Jul 2011,0.1900015
Jul 2012,0.2073993
Jul 2013,0.186036
Jul 2014,0.1968539
Jul 2015,0.1781536
Jul 2016,0.194903
Jul 2017,0.2052592
Jul 2018,0.1879857
Jul 2019,0.2139694
