Time,EVI
Oct 2000,0.2604542
Oct 2001,0.2395448
Oct 2002,0.2206072
Oct 2003,0.2405415
Oct 2004,0.2085301
Oct 2005,0.2189279
Oct 2006,0.2484374
Oct 2007,0.2439785
Oct 2008,0.2457979
Oct 2009,0.2367353
Oct 2010,0.2420506
Oct 2011,0.2512687
Oct 2012,0.2458139
Oct 2013,0.2671899
Oct 2014,0.2791845
Oct 2015,0.2308911
Oct 2016,0.234685
Oct 2017,0.252277
Oct 2018,0.2490768
Oct 2019,0.2564039
