Time,EVI
Jul 2000,0.2227216
Jul 2001,0.3031375
Jul 2002,0.2427928
Jul 2003,0.2470315
Jul 2004,0.2308863
Jul 2005,0.1990135
Jul 2006,0.1767358
Jul 2007,0.2866768
Jul 2008,0.2552716
Jul 2009,0.162561
Jul 2010,0.1642566
Jul 2011,0.2109551
Jul 2012,0.1762636
Jul 2013,0.1938861
Jul 2014,0.2316247
Jul 2015,0.2061754
Jul 2016,0.2516106
Jul 2017,0.2238339
Jul 2018,0.3056445
Jul 2019,0.2895246
