Time,Soil Water Index with Characteristic Time Length of 15 Days
Jul 2007,76.92339
Jul 2008,66.02016
Jul 2009,65.58468
Jul 2010,64.28227
Jul 2011,67.92339
Jul 2012,75.57661
Jul 2013,74.08064
Jul 2014,59.07661
Jul 2015,54.375
Jul 2016,75.59274
Jul 2017,63.97581
