Time,Soil Water Index with Characteristic Time Length of 15 Days
Oct 2007,20.17742
Oct 2008,18.0
Oct 2009,21.81048
Oct 2010,23.66129
Oct 2011,23.75403
Oct 2012,18.47177
Oct 2013,30.5
Oct 2014,26.75403
Oct 2015,24.37499
Oct 2016,29.80646
Oct 2017,29.14516
