Time,EVI
Oct 2000,0.2757994
Oct 2001,0.2181272
Oct 2002,0.2002133
Oct 2003,0.2570212
Oct 2004,0.2272444
Oct 2005,0.2616069
Oct 2006,0.2303431
Oct 2007,0.2284148
Oct 2008,0.2445062
Oct 2009,0.281791
Oct 2010,0.2529283
Oct 2011,0.2393432
Oct 2012,0.223263
Oct 2013,0.2747781
Oct 2014,0.2563535
Oct 2015,0.2326995
Oct 2016,0.2210978
Oct 2017,0.2285305
Oct 2018,0.2204787
Oct 2019,0.2458709
