Time,Soil Water Index with Characteristic Time Length of 15 Days
Jul 2007,32.2258
Jul 2008,23.69355
Jul 2009,27.75806
Jul 2010,24.95968
Jul 2011,24.66936
Jul 2012,28.39515
Jul 2013,21.84677
Jul 2014,27.12097
Jul 2015,22.32258
Jul 2016,28.03226
Jul 2017,22.45161
