Time,EVI
Jul 2000,0.1819835
Jul 2001,0.207448
Jul 2002,0.1637273
Jul 2003,0.1397709
Jul 2004,0.1478062
Jul 2005,0.1865893
Jul 2006,0.1545479
Jul 2007,0.179345
Jul 2008,0.1572005
Jul 2009,0.1341777
Jul 2010,0.1450038
Jul 2011,0.1907398
Jul 2012,0.1745891
Jul 2013,0.1592934
Jul 2014,0.1530754
Jul 2015,0.1399901
Jul 2016,0.1510828
Jul 2017,0.196227
Jul 2018,0.1743152
Jul 2019,0.1832556
