Time,EVI
Oct 2000,0.2456942
Oct 2001,0.2233859
Oct 2002,0.2104645
Oct 2003,0.2283328
Oct 2004,0.2091984
Oct 2005,0.219385
Oct 2006,0.2368017
Oct 2007,0.24518
Oct 2008,0.2257715
Oct 2009,0.2209272
Oct 2010,0.2549232
Oct 2011,0.2362312
Oct 2012,0.2419794
Oct 2013,0.1930943
Oct 2014,0.2737899
Oct 2015,0.1946116
Oct 2016,0.2342178
Oct 2017,0.2354134
Oct 2018,0.2485654
Oct 2019,0.2475242
