Time,Soil Water Index with Characteristic Time Length of 15 Days
Oct 2007,4.120967
Oct 2008,3.532258
Oct 2009,2.451613
Oct 2010,5.427419
Oct 2011,4.330645
Oct 2012,4.483871
Oct 2013,3.370967
Oct 2014,5.822581
Oct 2015,2.693548
Oct 2016,6.354837
Oct 2017,4.338709
