"Harvest Year","Payout"
1983,0
1984,98.3882222222222
1985,0.946395833333327
1986,0
1987,0
1988,0
1989,0
1990,68.2664698333333
1991,0
1992,0
1993,0
1994,0
1995,0
1996,0
1997,0
1998,0
1999,0
2000,0
2001,0
2002,72.1573101666666
2003,0
2004,58.6042018333333
2005,0
2006,0
2007,45.7529083333333
2008,0
2009,0
2010,0
2011,0
2012,0
2013,10.7410125
2014,0
2015,47.4057666666667
2016,0
2017,0
2018,0
2019,0
