"Harvest Year","Payout"
1983,110.885003399897
1984,0
1985,0
1986,0
1987,81.2935292682927
1988,0
1989,0
1990,15.5563324041812
1991,0
1992,142.600331707317
1993,0
1994,0
1995,21.2007435995536
1996,0
1997,0
1998,100
1999,51.9118285714286
2000,73.3038
2001,0
2002,0
2003,0
2004,38.6964390243903
2005,0
2006,100
2007,0
2008,0
2009,0
2010,118.167914634146
2011,0
2012,0
2013,0
2014,0
2015,11.6616097560976
2016,0
2017,82.0076571428571
2018,0
2019,16.8595268292683
