Time,Soil Water Index with Characteristic Time Length of 15 Days
Jul 2007,67.70967
Jul 2008,50.93548
Jul 2009,54.1613
Jul 2010,51.61289
Jul 2011,49.19355
Jul 2012,59.77419
Jul 2013,56.32257
Jul 2014,39.91936
Jul 2015,36.62903
Jul 2016,60.09677
Jul 2017,52.04839
