Time,EVI
Jul 2000,0.178765
Jul 2001,0.1856318
Jul 2002,0.1419807
Jul 2003,0.1837858
Jul 2004,0.1885124
Jul 2005,0.2062729
Jul 2006,0.1869048
Jul 2007,0.219797
Jul 2008,0.1881699
Jul 2009,0.1394314
Jul 2010,0.1364331
Jul 2011,0.1825069
Jul 2012,0.2315138
Jul 2013,0.1821095
Jul 2014,0.1687066
Jul 2015,0.1894941
Jul 2016,0.2019744
Jul 2017,0.199999
Jul 2018,0.1679849
Jul 2019,0.2076233
