Time,EVI
Oct 2000,0.2952538
Oct 2001,0.2328323
Oct 2002,0.2833739
Oct 2003,0.2355976
Oct 2004,0.2262824
Oct 2005,0.2258412
Oct 2006,0.2211112
Oct 2007,0.2527498
Oct 2008,0.2723094
Oct 2009,0.2581501
Oct 2010,0.2329996
Oct 2011,0.2634289
Oct 2012,0.2448252
Oct 2013,0.2539409
Oct 2014,0.3080928
Oct 2015,0.2313839
Oct 2016,0.227065
Oct 2017,0.2643044
Oct 2018,0.2642012
Oct 2019,0.2361677
