Time,Soil Water Index with Characteristic Time Length of 15 Days
Oct 2007,17.37097
Oct 2008,19.48387
Oct 2009,11.54838
Oct 2010,18.48387
Oct 2011,12.8871
Oct 2012,17.95161
Oct 2013,24.12902
Oct 2014,33.27419
Oct 2015,13.09677
Oct 2016,19.77419
Oct 2017,26.29032
