Time,EVI
Jul 2000,0.1682507
Jul 2001,0.2509432
Jul 2002,0.1443768
Jul 2003,0.1728822
Jul 2004,0.1684507
Jul 2005,0.1657472
Jul 2006,0.1662192
Jul 2007,0.2271961
Jul 2008,0.1738365
Jul 2009,0.1515167
Jul 2010,0.1595768
Jul 2011,0.1933608
Jul 2012,0.1969229
Jul 2013,0.1821138
Jul 2014,0.1638359
Jul 2015,0.138968
Jul 2016,0.1821211
Jul 2017,0.1652686
Jul 2018,0.1758404
Jul 2019,0.1982641
