Time,Soil Water Index with Characteristic Time Length of 15 Days
Jul 2007,33.0
Jul 2008,25.12904
Jul 2009,30.03226
Jul 2010,25.16129
Jul 2011,28.25806
Jul 2012,33.06452
Jul 2013,30.35484
Jul 2014,28.93548
Jul 2015,24.53226
Jul 2016,31.41935
Jul 2017,26.83871
