Time,EVI
Oct 2000,0.2505102
Oct 2001,0.2412919
Oct 2002,0.1920639
Oct 2003,0.2315216
Oct 2004,0.2010117
Oct 2005,0.2218011
Oct 2006,0.2312551
Oct 2007,0.2452689
Oct 2008,0.2216578
Oct 2009,0.2121859
Oct 2010,0.2434008
Oct 2011,0.2546342
Oct 2012,0.2330278
Oct 2013,0.2094315
Oct 2014,0.2670293
Oct 2015,0.2158209
Oct 2016,0.2388824
Oct 2017,0.2444353
Oct 2018,0.2485735
Oct 2019,0.2128496
