Time,Soil Water Index with Characteristic Time Length of 15 Days
Oct 2007,4.564515
Oct 2008,2.741935
Oct 2009,1.822581
Oct 2010,4.580646
Oct 2011,4.612902
Oct 2012,4.064517
Oct 2013,3.854839
Oct 2014,6.0
Oct 2015,3.629032
Oct 2016,6.629032
Oct 2017,6.693548
