"Harvest Year","Payout"
1983,72.7998195811287
1984,5.74424571428571
1985,100
1986,0
1987,80.2827717278911
1988,0
1989,6.8995810185185
1990,13.0882971428572
1991,0
1992,63.6842863492064
1993,0
1994,0
1995,0
1996,0
1997,0
1998,0
1999,0
2000,0
2001,0
2002,0
2003,0
2004,56.0992563492064
2005,11.9565611111111
2006,92.3497612698413
2007,0
2008,0
2009,0
2010,5.87767714285714
2011,0
2012,0
2013,0
2014,100
2015,51.8438742857143
2016,0
2017,42.05965
2018,0
2019,0
