Time,EVI
Jul 2000,0.1594847
Jul 2001,0.2469867
Jul 2002,0.1640399
Jul 2003,0.1761657
Jul 2004,0.1533875
Jul 2005,0.2028881
Jul 2006,0.1789878
Jul 2007,0.2286596
Jul 2008,0.1748296
Jul 2009,0.1073519
Jul 2010,0.153269
Jul 2011,0.1834247
Jul 2012,0.1962891
Jul 2013,0.1772609
Jul 2014,0.1587816
Jul 2015,0.136973
Jul 2016,0.1563916
Jul 2017,0.2067922
Jul 2018,0.1346194
Jul 2019,0.2171749
