Time,EVI
Oct 2000,0.2113571
Oct 2001,0.2153853
Oct 2002,0.1455341
Oct 2003,0.2039485
Oct 2004,0.1765212
Oct 2005,0.2083504
Oct 2006,0.180025
Oct 2007,0.2019511
Oct 2008,0.1683943
Oct 2009,0.1888296
Oct 2010,0.1989475
Oct 2011,0.2030277
Oct 2012,0.1798827
Oct 2013,0.1960638
Oct 2014,0.2250777
Oct 2015,0.1687604
Oct 2016,0.1790271
Oct 2017,0.1866504
Oct 2018,0.198036
Oct 2019,0.1900252
