"Harvest Year","Payout"
1983,70.889582913197
1984,0
1985,0
1986,0
1987,74.417541092437
1988,0
1989,0
1990,108.538073755656
1991,0
1992,151.159743529412
1993,0
1994,0
1995,27.3499825716757
1996,0
1997,0
1998,100
1999,0
2000,88.0995923076923
2001,0
2002,0
2003,0
2004,49.5310029411765
2005,0
2006,7.3655
2007,0
2008,0
2009,0
2010,75.5059864253394
2011,2.14185588235291
2012,0
2013,0
2014,0
2015,18.2198823529412
2016,1.31741538461539
2017,78.3404538461538
2018,0
2019,0
