Time,Soil Water Index with Characteristic Time Length of 15 Days
Jul 2007,14.82258
Jul 2008,9.354838
Jul 2009,11.41935
Jul 2010,11.30645
Jul 2011,11.08064
Jul 2012,11.82258
Jul 2013,11.64516
Jul 2014,11.48387
Jul 2015,9.403227
Jul 2016,12.20968
Jul 2017,10.59677
