Time,EVI
Oct 2000,0.2370268
Oct 2001,0.2414317
Oct 2002,0.2260857
Oct 2003,0.2341016
Oct 2004,0.1939461
Oct 2005,0.2203811
Oct 2006,0.2280225
Oct 2007,0.2309275
Oct 2008,0.2014306
Oct 2009,0.1977181
Oct 2010,0.2577789
Oct 2011,0.2632572
Oct 2012,0.2064528
Oct 2013,0.215333
Oct 2014,0.3121016
Oct 2015,0.1847652
Oct 2016,0.2128305
Oct 2017,0.2118605
Oct 2018,0.244873
Oct 2019,0.2782222
