Time,EVI
Jul 2000,0.1682348
Jul 2001,0.1832957
Jul 2002,0.1507338
Jul 2003,0.1483225
Jul 2004,0.1692301
Jul 2005,0.1517496
Jul 2006,0.1742761
Jul 2007,0.1780775
Jul 2008,0.1520755
Jul 2009,0.1302782
Jul 2010,0.1521019
Jul 2011,0.1471336
Jul 2012,0.1548459
Jul 2013,0.1598106
Jul 2014,0.1945509
Jul 2015,0.1402103
Jul 2016,0.1750172
Jul 2017,0.1632829
Jul 2018,0.1441144
Jul 2019,0.187149
