Time,EVI
Oct 2000,0.2587912
Oct 2001,0.2617745
Oct 2002,0.2107282
Oct 2003,0.2494448
Oct 2004,0.2119328
Oct 2005,0.2228293
Oct 2006,0.239405
Oct 2007,0.2511978
Oct 2008,0.2465567
Oct 2009,0.2265613
Oct 2010,0.2558709
Oct 2011,0.2480291
Oct 2012,0.2397864
Oct 2013,0.2405699
Oct 2014,0.2701296
Oct 2015,0.2277309
Oct 2016,0.2507487
Oct 2017,0.2258769
Oct 2018,0.2680248
Oct 2019,0.2374507
