"Harvest Year","Payout"
1983,0
1984,81.8085522222223
1985,81.090911111111
1986,0
1987,38.9487528703703
1988,0
1989,1.83079629629633
1990,150.328763333333
1991,72.7682333333333
1992,100
1993,0
1994,0
1995,0
1996,0
1997,0
1998,0
1999,0
2000,0
2001,166.666666666667
2002,0
2003,0
2004,57.9102333333333
2005,0
2006,0
2007,0
2008,14.616
2009,0
2010,37.3153166666667
2011,0
2012,0
2013,9.35252
2014,34.2107666666667
2015,103.12691
2016,0
2017,0
2018,0
2019,41.5386566666667
