Time,EVI
Jul 2000,0.2534656
Jul 2001,0.317551
Jul 2002,0.2903646
Jul 2003,0.2422329
Jul 2004,0.2760546
Jul 2005,0.2694175
Jul 2006,0.2578896
Jul 2007,0.3043334
Jul 2008,0.2888169
Jul 2009,0.1625375
Jul 2010,0.3001947
Jul 2011,0.303239
Jul 2012,0.2380766
Jul 2013,0.2293711
Jul 2014,0.2691663
Jul 2015,0.2937675
Jul 2016,0.2988207
Jul 2017,0.2964644
Jul 2018,0.2074849
Jul 2019,0.3374896
