Time,Soil Water Index with Characteristic Time Length of 15 Days
Jul 2007,26.73791
Jul 2008,23.27016
Jul 2009,30.01613
Jul 2010,25.19355
Jul 2011,24.92742
Jul 2012,28.11694
Jul 2013,25.97984
Jul 2014,29.11693
Jul 2015,22.63307
Jul 2016,27.77419
Jul 2017,24.07661
