Time,EVI
Oct 2000,0.2971082
Oct 2001,0.2892773
Oct 2002,0.2215692
Oct 2003,0.2976118
Oct 2004,0.2650551
Oct 2005,0.2612968
Oct 2006,0.2782368
Oct 2007,0.2801204
Oct 2008,0.2761555
Oct 2009,0.2844106
Oct 2010,0.2725721
Oct 2011,0.2806852
Oct 2012,0.2675832
Oct 2013,0.3213519
Oct 2014,0.337861
Oct 2015,0.2705325
Oct 2016,0.2864397
Oct 2017,0.277141
Oct 2018,0.2891279
Oct 2019,0.2989263
