Time,Soil Water Index with Characteristic Time Length of 15 Days
Oct 2007,4.173387
Oct 2008,3.883064
Oct 2009,3.330645
Oct 2010,6.056452
Oct 2011,5.435484
Oct 2012,4.645161
Oct 2013,5.209678
Oct 2014,7.399193
Oct 2015,4.387096
Oct 2016,4.987903
Oct 2017,5.068548
