Time,Soil Water Index with Characteristic Time Length of 15 Days
Jul 2007,81.61289
Jul 2008,68.85484
Jul 2009,66.37097
Jul 2010,69.90324
Jul 2011,72.19355
Jul 2012,76.40323
Jul 2013,77.48389
Jul 2014,66.45161
Jul 2015,62.19355
Jul 2016,76.19355
Jul 2017,69.22581
