Time,EVI
Jul 2000,0.1832311
Jul 2001,0.2794273
Jul 2002,0.2706144
Jul 2003,0.1697266
Jul 2004,0.2125676
Jul 2005,0.1897914
Jul 2006,0.21996
Jul 2007,0.2209635
Jul 2008,0.2528426
Jul 2009,0.148955
Jul 2010,0.1824281
Jul 2011,0.2548412
Jul 2012,0.1695729
Jul 2013,0.1771858
Jul 2014,0.2349806
Jul 2015,0.3149774
Jul 2016,0.2457317
Jul 2017,0.2510242
Jul 2018,0.301004
Jul 2019,0.3045675
