Time,EVI
Oct 2000,0.3646202
Oct 2001,0.3240523
Oct 2002,0.379027
Oct 2003,0.3594077
Oct 2004,0.3496981
Oct 2005,0.3193149
Oct 2006,0.2976763
Oct 2007,0.3034945
Oct 2008,0.3040192
Oct 2009,0.4060646
Oct 2010,0.3046308
Oct 2011,0.3052168
Oct 2012,0.3204027
Oct 2013,0.3058975
Oct 2014,0.3169858
Oct 2015,0.3096401
Oct 2016,0.3450072
Oct 2017,0.3284067
Oct 2018,0.3078398
Oct 2019,0.3381319
