Time,Soil Water Index with Characteristic Time Length of 15 Days
Oct 2007,23.74193
Oct 2008,20.85484
Oct 2009,24.3871
Oct 2010,26.5
Oct 2011,23.70968
Oct 2012,21.17742
Oct 2013,33.17742
Oct 2014,31.50001
Oct 2015,23.90322
Oct 2016,31.96774
Oct 2017,34.01613
