Time,Soil Water Index with Characteristic Time Length of 15 Days
Jul 2007,80.22578
Jul 2008,71.61291
Jul 2009,68.22984
Jul 2010,70.89112
Jul 2011,73.28226
Jul 2012,80.97581
Jul 2013,79.08468
Jul 2014,65.99596
Jul 2015,63.15322
Jul 2016,79.98387
Jul 2017,69.80643
