Time,EVI
Jul 2000,0.1682213
Jul 2001,0.2304373
Jul 2002,0.2138854
Jul 2003,0.2379902
Jul 2004,0.2217738
Jul 2005,0.2098972
Jul 2006,0.2465842
Jul 2007,0.3435039
Jul 2008,0.2522658
Jul 2009,0.1476948
Jul 2010,0.1364195
Jul 2011,0.2339064
Jul 2012,0.1922525
Jul 2013,0.195513
Jul 2014,0.2369852
Jul 2015,0.257341
Jul 2016,0.2431418
Jul 2017,0.2247043
Jul 2018,0.2618219
Jul 2019,0.2953124
