Time,EVI
Oct 2000,0.3343906
Oct 2001,0.2594457
Oct 2002,0.2322956
Oct 2003,0.3175258
Oct 2004,0.2837156
Oct 2005,0.3211651
Oct 2006,0.2625519
Oct 2007,0.2409587
Oct 2008,0.2504646
Oct 2009,0.2925813
Oct 2010,0.2707084
Oct 2011,0.2447777
Oct 2012,0.2269936
Oct 2013,0.2748319
Oct 2014,0.2751073
Oct 2015,0.2615511
Oct 2016,0.2561635
Oct 2017,0.2693471
Oct 2018,0.2712187
Oct 2019,0.259154
