Time,Soil Water Index with Characteristic Time Length of 15 Days
Oct 2007,24.60081
Oct 2008,24.375
Oct 2009,27.33065
Oct 2010,31.40725
Oct 2011,27.46773
Oct 2012,24.22984
Oct 2013,35.16129
Oct 2014,34.1371
Oct 2015,32.72177
Oct 2016,35.87096
Oct 2017,36.69759
