Time,Soil Water Index with Characteristic Time Length of 15 Days
Jul 2007,36.23387
Jul 2008,29.11291
Jul 2009,32.79032
Jul 2010,29.78225
Jul 2011,27.45161
Jul 2012,34.8871
Jul 2013,27.08871
Jul 2014,33.91129
Jul 2015,27.47581
Jul 2016,33.09677
Jul 2017,28.46775
