Time,EVI
Jul 2000,0.1988335
Jul 2001,0.2267059
Jul 2002,0.1572418
Jul 2003,0.1651184
Jul 2004,0.1862484
Jul 2005,0.1817717
Jul 2006,0.1779696
Jul 2007,0.2119907
Jul 2008,0.1774897
Jul 2009,0.1526762
Jul 2010,0.1647976
Jul 2011,0.1734725
Jul 2012,0.1863216
Jul 2013,0.1893718
Jul 2014,0.2108033
Jul 2015,0.1722489
Jul 2016,0.1942382
Jul 2017,0.2018576
Jul 2018,0.1632576
Jul 2019,0.1968534
