Time,Soil Water Index with Characteristic Time Length of 15 Days
Oct 2007,4.540322
Oct 2008,3.798387
Oct 2009,2.298387
Oct 2010,7.120966
Oct 2011,5.395162
Oct 2012,5.709677
Oct 2013,4.943548
Oct 2014,8.5
Oct 2015,4.0
Oct 2016,8.145162
Oct 2017,5.669355
