Time,EVI
Oct 2000,0.2898317
Oct 2001,0.2624984
Oct 2002,0.2468916
Oct 2003,0.2658608
Oct 2004,0.2472309
Oct 2005,0.2593268
Oct 2006,0.2650381
Oct 2007,0.266579
Oct 2008,0.2519116
Oct 2009,0.2640515
Oct 2010,0.3022593
Oct 2011,0.2895692
Oct 2012,0.2775811
Oct 2013,0.2885728
Oct 2014,0.3168988
Oct 2015,0.2580834
Oct 2016,0.2847563
Oct 2017,0.2806757
Oct 2018,0.3223901
Oct 2019,0.264657
