Time,EVI
Jul 2000,0.146807
Jul 2001,0.1380176
Jul 2002,0.1232517
Jul 2003,0.128189
Jul 2004,0.1301009
Jul 2005,0.1553313
Jul 2006,0.1214583
Jul 2007,0.1665232
Jul 2008,0.0999811
Jul 2009,0.1040961
Jul 2010,0.1298542
Jul 2011,0.1197743
Jul 2012,0.1250868
Jul 2013,0.1260868
Jul 2014,0.1471879
Jul 2015,0.1234186
Jul 2016,0.1377402
Jul 2017,0.1713372
Jul 2018,0.1392043
Jul 2019,0.1942878
