Time,Soil Water Index with Characteristic Time Length of 15 Days
Jul 2007,47.72581
Jul 2008,34.61291
Jul 2009,36.87096
Jul 2010,35.64516
Jul 2011,36.37097
Jul 2012,42.83871
Jul 2013,37.06451
Jul 2014,32.35484
Jul 2015,26.41936
Jul 2016,40.3871
Jul 2017,35.82258
