Time,Soil Water Index with Characteristic Time Length of 15 Days
Oct 2007,17.41935
Oct 2008,18.16129
Oct 2009,9.806452
Oct 2010,22.69355
Oct 2011,12.54839
Oct 2012,21.20968
Oct 2013,24.27419
Oct 2014,40.37097
Oct 2015,11.53226
Oct 2016,22.37096
Oct 2017,31.12903
