Time,EVI
Oct 2000,0.3480929
Oct 2001,0.3607368
Oct 2002,0.3050603
Oct 2003,0.2722754
Oct 2004,0.1955006
Oct 2005,0.2169481
Oct 2006,0.3021732
Oct 2007,0.307223
Oct 2008,0.2899568
Oct 2009,0.1370952
Oct 2010,0.3110825
Oct 2011,0.3209555
Oct 2012,0.3151842
Oct 2013,0.2529645
Oct 2014,0.3916963
Oct 2015,0.1289936
Oct 2016,0.2680245
Oct 2017,0.3884549
Oct 2018,0.3720233
Oct 2019,0.3143508
