"Harvest Year","Payout"
1983,0
1984,92.7616278985507
1985,0
1986,0
1987,0
1988,0
1989,18.778053125
1990,161.503684035326
1991,42.2462826086957
1992,0
1993,0
1994,0
1995,0
1996,0
1997,0
1998,0
1999,0
2000,13.0434782608696
2001,57.4111173913043
2002,33.5316387228261
2003,0
2004,60.043821875
2005,3.66702812500002
2006,2.43603043478261
2007,0
2008,0
2009,0
2010,0
2011,0
2012,0
2013,73.0585089673913
2014,0
2015,100
2016,0
2017,0
2018,0
2019,0
