"year","SWI"
2007,75.21272
2008,63.49084
2009,66.53468
2010,60.77105
2011,63.82276
2012,74.18562
2013,71.286
2014,58.36241
2015,55.98459
2016,70.08938
2017,63.06708
