Time,EVI
Aug 2000,0.322794
Aug 2001,0.3486848
Aug 2002,0.3675891
Aug 2003,0.3732946
Aug 2004,0.361089
Aug 2005,0.3468658
Aug 2006,0.3093121
Aug 2007,0.3762836
Aug 2008,0.3301751
Aug 2009,0.3443184
Aug 2010,0.294618
Aug 2011,0.3271804
Aug 2012,0.3367418
Aug 2013,0.3299319
Aug 2014,0.3076788
Aug 2015,0.3016238
Aug 2016,0.3320241
Aug 2017,0.3357295
Aug 2018,0.3635842
Aug 2019,0.3277773
