Time,EVI
Oct 2000,0.37005
Oct 2001,0.3102756
Oct 2002,0.2776001
Oct 2003,0.3407447
Oct 2004,0.3252587
Oct 2005,0.3057964
Oct 2006,0.3195703
Oct 2007,0.3142129
Oct 2008,0.329682
Oct 2009,0.3524758
Oct 2010,0.3323389
Oct 2011,0.3104489
Oct 2012,0.3248287
Oct 2013,0.3324594
Oct 2014,0.3679515
Oct 2015,0.3146113
Oct 2016,0.3199269
Oct 2017,0.3573927
Oct 2018,0.3354436
Oct 2019,0.3460481
