"year","SWI"
2007,17.96594
2008,16.63538
2009,17.18563
2010,18.37611
2011,15.04006
2012,18.74647
2013,23.21133
2014,22.35757
2015,15.41436
2016,20.86872
2017,22.41854
