Time,Soil Water Index with Characteristic Time Length of 15 Days
Jul 2007,22.22581
Jul 2008,11.5
Jul 2009,15.66129
Jul 2010,13.20968
Jul 2011,12.91936
Jul 2012,16.69355
Jul 2013,15.17742
Jul 2014,13.90323
Jul 2015,12.25806
Jul 2016,17.25806
Jul 2017,12.74193
