Time,EVI
Jul 2000,0.174665
Jul 2001,0.2341054
Jul 2002,0.1761451
Jul 2003,0.2404691
Jul 2004,0.1584965
Jul 2005,0.2033324
Jul 2006,0.1889651
Jul 2007,0.2516174
Jul 2008,0.1616752
Jul 2009,0.1589538
Jul 2010,0.1793785
Jul 2011,0.2096254
Jul 2012,0.2307886
Jul 2013,0.2658554
Jul 2014,0.1886407
Jul 2015,0.2097214
Jul 2016,0.2290705
Jul 2017,0.2024637
Jul 2018,0.2535981
Jul 2019,0.1909809
