Time,Soil Water Index with Characteristic Time Length of 15 Days
Oct 2007,1.387097
Oct 2008,1.177419
Oct 2009,2.032258
Oct 2010,1.209678
Oct 2011,1.758065
Oct 2012,1.532258
Oct 2013,1.5
Oct 2014,2.451613
Oct 2015,1.322581
Oct 2016,1.66129
Oct 2017,1.741935
