Time,EVI
Oct 2000,0.1976943
Oct 2001,0.17864
Oct 2002,0.1558048
Oct 2003,0.1735955
Oct 2004,0.1702324
Oct 2005,0.1669586
Oct 2006,0.1813298
Oct 2007,0.1703597
Oct 2008,0.1810329
Oct 2009,0.1641218
Oct 2010,0.1853618
Oct 2011,0.1869877
Oct 2012,0.1765937
Oct 2013,0.1542891
Oct 2014,0.1820904
Oct 2015,0.1738804
Oct 2016,0.1848958
Oct 2017,0.1941691
Oct 2018,0.1963799
Oct 2019,0.1705725
