Time,EVI
Jul 2000,0.1711105
Jul 2001,0.2082197
Jul 2002,0.1605999
Jul 2003,0.1617417
Jul 2004,0.1933389
Jul 2005,0.1980798
Jul 2006,0.2026951
Jul 2007,0.2412821
Jul 2008,0.2076423
Jul 2009,0.1519075
Jul 2010,0.1827039
Jul 2011,0.1678857
Jul 2012,0.1718727
Jul 2013,0.2126035
Jul 2014,0.2441497
Jul 2015,0.1640667
Jul 2016,0.250425
Jul 2017,0.2235407
Jul 2018,0.2411595
Jul 2019,0.2345432
