Time,Soil Water Index with Characteristic Time Length of 15 Days
Jul 2007,36.54839
Jul 2008,31.1129
Jul 2009,34.32258
Jul 2010,31.35483
Jul 2011,27.58065
Jul 2012,35.16129
Jul 2013,29.19355
Jul 2014,35.24193
Jul 2015,29.5
Jul 2016,34.62902
Jul 2017,31.43548
