Time,EVI
Oct 2000,0.3018681
Oct 2001,0.2925514
Oct 2002,0.2456205
Oct 2003,0.3109561
Oct 2004,0.2738956
Oct 2005,0.2531372
Oct 2006,0.2843552
Oct 2007,0.2791326
Oct 2008,0.2832857
Oct 2009,0.2631487
Oct 2010,0.3078479
Oct 2011,0.280979
Oct 2012,0.2898741
Oct 2013,0.2926136
Oct 2014,0.3193269
Oct 2015,0.3107607
Oct 2016,0.299045
Oct 2017,0.2809123
Oct 2018,0.3486665
Oct 2019,0.3112611
