Time,Soil Water Index with Characteristic Time Length of 15 Days
Oct 2007,4.274193
Oct 2008,3.467742
Oct 2009,2.096774
Oct 2010,7.306449
Oct 2011,5.241936
Oct 2012,5.66129
Oct 2013,6.016128
Oct 2014,9.177421
Oct 2015,4.983871
Oct 2016,7.887097
Oct 2017,5.935483
