Time,EVI
Jul 2000,0.1839052
Jul 2001,0.2461812
Jul 2002,0.1695393
Jul 2003,0.1761125
Jul 2004,0.1881984
Jul 2005,0.1534241
Jul 2006,0.1942227
Jul 2007,0.2346573
Jul 2008,0.188427
Jul 2009,0.1317639
Jul 2010,0.1956169
Jul 2011,0.2228992
Jul 2012,0.1597955
Jul 2013,0.1979336
Jul 2014,0.2076331
Jul 2015,0.1696264
Jul 2016,0.1964115
Jul 2017,0.2194354
Jul 2018,0.1972493
Jul 2019,0.2372868
