Time,Soil Water Index with Characteristic Time Length of 15 Days
Jul 2007,29.79839
Jul 2008,23.83871
Jul 2009,29.84678
Jul 2010,25.08871
Jul 2011,25.45161
Jul 2012,29.41129
Jul 2013,27.12097
Jul 2014,28.35484
Jul 2015,21.33871
Jul 2016,28.23387
Jul 2017,23.98387
