Time,Soil Water Index with Characteristic Time Length of 15 Days
Oct 2007,5.895161
Oct 2008,5.935484
Oct 2009,5.669353
Oct 2010,7.040323
Oct 2011,6.427419
Oct 2012,5.701612
Oct 2013,5.217741
Oct 2014,6.290322
Oct 2015,6.145161
Oct 2016,4.862903
Oct 2017,6.241935
