Time,EVI
Oct 2000,0.2105023
Oct 2001,0.2283771
Oct 2002,0.1581632
Oct 2003,0.2156763
Oct 2004,0.1947957
Oct 2005,0.2132706
Oct 2006,0.2179199
Oct 2007,0.2171298
Oct 2008,0.1786244
Oct 2009,0.1991496
Oct 2010,0.2148877
Oct 2011,0.218537
Oct 2012,0.2128085
Oct 2013,0.2190154
Oct 2014,0.2487383
Oct 2015,0.176574
Oct 2016,0.2017026
Oct 2017,0.2156158
Oct 2018,0.2149824
Oct 2019,0.2261389
