"Harvest Year","Payout"
1983,31.0035825561002
1984,87.0049516666667
1985,0
1986,0
1987,0
1988,100
1989,29.9610433333333
1990,4.39051999999998
1991,0
1992,146.278353333333
1993,0
1994,0
1995,100
1996,0
1997,0
1998,0
1999,0
2000,0
2001,0
2002,7.39556666666667
2003,0
2004,14.6518273333333
2005,0
2006,0
2007,0
2008,0
2009,100
2010,100
2011,0
2012,0
2013,0
2014,134.666835666667
2015,14.563483
2016,0
2017,100
2018,0
2019,0
