Time,Soil Water Index with Characteristic Time Length of 15 Days
Jul 2007,59.56451
Jul 2008,43.98386
Jul 2009,46.69354
Jul 2010,44.29032
Jul 2011,50.53226
Jul 2012,54.03226
Jul 2013,45.82258
Jul 2014,44.24193
Jul 2015,32.46774
Jul 2016,52.01613
Jul 2017,45.37098
