Time,EVI
Jul 2000,0.1076649
Jul 2001,0.1143749
Jul 2002,0.1065699
Jul 2003,0.101663
Jul 2004,0.1103215
Jul 2005,0.1101307
Jul 2006,0.1134666
Jul 2007,0.1274306
Jul 2008,0.1171101
Jul 2009,0.08695425
Jul 2010,0.1126218
Jul 2011,0.1172452
Jul 2012,0.123752
Jul 2013,0.1064253
Jul 2014,0.1027395
Jul 2015,0.1005944
Jul 2016,0.1049824
Jul 2017,0.1209912
Jul 2018,0.1154995
Jul 2019,0.1190358
