Time,EVI
Oct 2000,0.1603776
Oct 2001,0.1506313
Oct 2002,0.1258776
Oct 2003,0.1463488
Oct 2004,0.126136
Oct 2005,0.1338797
Oct 2006,0.1470677
Oct 2007,0.14875
Oct 2008,0.1299702
Oct 2009,0.131485
Oct 2010,0.1438819
Oct 2011,0.1375245
Oct 2012,0.1458938
Oct 2013,0.1379924
Oct 2014,0.1458718
Oct 2015,0.1302435
Oct 2016,0.1420792
Oct 2017,0.1430133
Oct 2018,0.1424001
Oct 2019,0.152175
