Time,Soil Water Index with Characteristic Time Length of 15 Days
Oct 2007,15.32258
Oct 2008,6.919354
Oct 2009,6.677418
Oct 2010,17.29033
Oct 2011,12.62903
Oct 2012,12.90323
Oct 2013,13.06452
Oct 2014,14.35484
Oct 2015,7.112903
Oct 2016,14.95161
Oct 2017,13.7742
