Time,Soil Water Index with Characteristic Time Length of 15 Days
Jul 2007,58.01613
Jul 2008,33.95161
Jul 2009,44.37097
Jul 2010,41.12903
Jul 2011,43.35484
Jul 2012,43.87098
Jul 2013,45.2742
Jul 2014,36.3871
Jul 2015,36.91935
Jul 2016,47.24194
Jul 2017,38.32258
