Time,EVI
Jul 2000,0.1577682
Jul 2001,0.1966027
Jul 2002,0.1390438
Jul 2003,0.1685246
Jul 2004,0.1425189
Jul 2005,0.1639318
Jul 2006,0.1584515
Jul 2007,0.1823245
Jul 2008,0.1464935
Jul 2009,0.1119546
Jul 2010,0.139223
Jul 2011,0.1639386
Jul 2012,0.1372218
Jul 2013,0.1462231
Jul 2014,0.1497817
Jul 2015,0.1892711
Jul 2016,0.1754566
Jul 2017,0.1708851
Jul 2018,0.1727936
Jul 2019,0.2359526
