Time,Soil Water Index with Characteristic Time Length of 15 Days
Oct 2007,12.08065
Oct 2008,11.09677
Oct 2009,10.12903
Oct 2010,18.56451
Oct 2011,11.79032
Oct 2012,9.854837
Oct 2013,24.1129
Oct 2014,34.53225
Oct 2015,13.06451
Oct 2016,17.45161
Oct 2017,24.0
