Time,EVI
Oct 2000,0.4238725
Oct 2001,0.294688
Oct 2002,0.3172695
Oct 2003,0.2841468
Oct 2004,0.2831229
Oct 2005,0.2507895
Oct 2006,0.2949059
Oct 2007,0.2830846
Oct 2008,0.2828774
Oct 2009,0.2778009
Oct 2010,0.2961142
Oct 2011,0.3197217
Oct 2012,0.2385056
Oct 2013,0.307937
Oct 2014,0.3355352
Oct 2015,0.2840854
Oct 2016,0.2701549
Oct 2017,0.2862905
Oct 2018,0.2837056
Oct 2019,0.2776576
