Time,Soil Water Index with Characteristic Time Length of 15 Days
Jul 2007,79.51612
Jul 2008,71.27822
Jul 2009,71.93549
Jul 2010,67.86694
Jul 2011,70.60484
Jul 2012,77.48388
Jul 2013,76.72983
Jul 2014,64.28226
Jul 2015,63.32258
Jul 2016,75.43952
Jul 2017,68.00403
