Time,EVI
Jul 2000,0.3228979
Jul 2001,0.3896291
Jul 2002,0.3321676
Jul 2003,0.2729172
Jul 2004,0.3306926
Jul 2005,0.2959036
Jul 2006,0.2581556
Jul 2007,0.3949386
Jul 2008,0.3367341
Jul 2009,0.2548608
Jul 2010,0.3181875
Jul 2011,0.3860355
Jul 2012,0.3126506
Jul 2013,0.3603352
Jul 2014,0.3003055
Jul 2015,0.3490666
Jul 2016,0.3319423
Jul 2017,0.3632534
Jul 2018,0.4008888
Jul 2019,0.4099211
