Time,Soil Water Index with Characteristic Time Length of 15 Days
Oct 2007,22.78226
Oct 2008,20.34274
Oct 2009,20.33064
Oct 2010,22.41532
Oct 2011,19.44354
Oct 2012,24.375
Oct 2013,27.17339
Oct 2014,27.26613
Oct 2015,17.63709
Oct 2016,24.16532
Oct 2017,26.33871
