Time,EVI
Oct 2000,0.4313136
Oct 2001,0.3526255
Oct 2002,0.3125331
Oct 2003,0.4184694
Oct 2004,0.3396241
Oct 2005,0.3604738
Oct 2006,0.3887489
Oct 2007,0.3738579
Oct 2008,0.3875711
Oct 2009,0.4096715
Oct 2010,0.3566337
Oct 2011,0.3152068
Oct 2012,0.3819894
Oct 2013,0.3637452
Oct 2014,0.398998
Oct 2015,0.3431654
Oct 2016,0.3436454
Oct 2017,0.3852451
Oct 2018,0.3593143
Oct 2019,0.3764584
