"Harvest Year","Payout"
1983,0
1984,5.58571351351353
1985,100
1986,0
1987,90.7479785070785
1988,100
1989,104.426862162162
1990,100
1991,0
1992,0
1993,0
1994,0
1995,0
1996,50.7469513513514
1997,0
1998,0
1999,100
2000,0
2001,0
2002,1.22784864864865
2003,0
2004,3.08914864864865
2005,0
2006,54.3417351351351
2007,0
2008,100
2009,0
2010,100
2011,38.5513864864865
2012,0
2013,0
2014,100
2015,100.532981081081
2016,0
2017,100
2018,100
2019,62.7372405405405
