Time,EVI
Aug 2000,0.2937998
Aug 2001,0.3235107
Aug 2002,0.279892
Aug 2003,0.3003355
Aug 2004,0.2895693
Aug 2005,0.2856603
Aug 2006,0.2737403
Aug 2007,0.3131498
Aug 2008,0.2812018
Aug 2009,0.2925754
Aug 2010,0.2676811
Aug 2011,0.2806386
Aug 2012,0.3013466
Aug 2013,0.295791
Aug 2014,0.3043829
Aug 2015,0.269559
Aug 2016,0.3037388
Aug 2017,0.2740363
Aug 2018,0.2926798
Aug 2019,0.2800632
