"year","SWI"
2007,29.50593
2008,21.51345
2009,24.98056
2010,22.63033
2011,22.02293
2012,25.67201
2013,20.18356
2014,23.99764
2015,19.37401
2016,24.49783
2017,20.53929
