Time,EVI
Oct 2000,0.2350853
Oct 2001,0.236772
Oct 2002,0.198602
Oct 2003,0.2370752
Oct 2004,0.2092977
Oct 2005,0.2068381
Oct 2006,0.2224059
Oct 2007,0.2335517
Oct 2008,0.2196104
Oct 2009,0.2255105
Oct 2010,0.2450694
Oct 2011,0.2371731
Oct 2012,0.2337503
Oct 2013,0.2122548
Oct 2014,0.2606974
Oct 2015,0.2096964
Oct 2016,0.2399731
Oct 2017,0.2307988
Oct 2018,0.2582595
Oct 2019,0.2429855
