"year","SWI"
2007,3.995688
2008,3.09491
2009,2.303486
2010,5.147776
2011,4.423606
2012,4.301652
2013,3.211455
2014,5.538472
2015,2.644765
2016,5.614274
2017,4.037961
