"Harvest Year","Payout"
1983,89.521792773631
1984,7.19674705882352
1985,0
1986,0
1987,77.3254711269841
1988,0
1989,0
1990,109.034843529412
1991,0
1992,178.682860588235
1993,32.9629617647059
1994,0
1995,5.65034999999997
1996,0
1997,1.71910588235293
1998,0
1999,0
2000,1.03316
2001,0
2002,0
2003,0
2004,0
2005,0
2006,71.2142676470588
2007,0
2008,0
2009,0
2010,0
2011,0
2012,3.73342000000001
2013,100
2014,0
2015,54.5619
2016,0
2017,100
2018,0
2019,0
