"Harvest Year","Payout"
1983,78.6838177208518
1984,0
1985,100
1986,0
1987,57.3276262544803
1988,100
1989,100
1990,122.58064516129
1991,0
1992,100
1993,0
1994,0
1995,100
1996,61.7962096774193
1997,22.5806451612903
1998,0
1999,100
2000,0
2001,100
2002,100
2003,0
2004,22.5806451612903
2005,0
2006,0
2007,100
2008,0
2009,38.0276258064516
2010,4.15297419354839
2011,0
2012,0
2013,0
2014,100
2015,0
2016,0
2017,0
2018,0
2019,48.1912483870968
