Time,EVI
Aug 2000,0.303106
Aug 2001,0.3163164
Aug 2002,0.3216106
Aug 2003,0.3186446
Aug 2004,0.3103563
Aug 2005,0.3178287
Aug 2006,0.3051941
Aug 2007,0.3570229
Aug 2008,0.2730722
Aug 2009,0.3219223
Aug 2010,0.3114379
Aug 2011,0.323825
Aug 2012,0.3096476
Aug 2013,0.3158372
Aug 2014,0.2866677
Aug 2015,0.2819948
Aug 2016,0.3371883
Aug 2017,0.3126301
Aug 2018,0.3188835
Aug 2019,0.3060125
