"year","SWI"
2007,68.25068
2008,44.1957
2009,52.59764
2010,49.4327
2011,51.71857
2012,56.8636
2013,56.02367
2014,43.31749
2015,42.4486
2016,57.30711
2017,48.56031
