"year","SWI"
2007,12.01342
2008,11.43478
2009,8.650678
2010,14.87016
2011,12.36301
2012,10.46563
2013,21.14506
2014,27.51869
2015,12.27585
2016,16.70408
2017,20.4341
