Time,EVI
Oct 2000,0.3473956
Oct 2001,0.2939958
Oct 2002,0.2720456
Oct 2003,0.2688738
Oct 2004,0.2435667
Oct 2005,0.2614045
Oct 2006,0.2794129
Oct 2007,0.2768206
Oct 2008,0.2594932
Oct 2009,0.2647594
Oct 2010,0.291629
Oct 2011,0.2929933
Oct 2012,0.2500686
Oct 2013,0.2731383
Oct 2014,0.3324012
Oct 2015,0.2414903
Oct 2016,0.2571502
Oct 2017,0.2876214
Oct 2018,0.2884812
Oct 2019,0.2993267
