Time,EVI
Jul 2000,0.1133263
Jul 2001,0.1627839
Jul 2002,0.1583664
Jul 2003,0.1248249
Jul 2004,0.1362611
Jul 2005,0.1132606
Jul 2006,0.143177
Jul 2007,0.1767937
Jul 2008,0.1926771
Jul 2009,0.1081666
Jul 2010,0.1260957
Jul 2011,0.1682105
Jul 2012,0.1348826
Jul 2013,0.1339856
Jul 2014,0.1604875
Jul 2015,0.1480405
Jul 2016,0.1018971
Jul 2017,0.1363687
Jul 2018,0.1745741
Jul 2019,0.1954533
