Time,EVI
Oct 2000,0.2848508
Oct 2001,0.2520178
Oct 2002,0.2235037
Oct 2003,0.2494015
Oct 2004,0.2538171
Oct 2005,0.2455032
Oct 2006,0.224653
Oct 2007,0.2328238
Oct 2008,0.2160769
Oct 2009,0.2792501
Oct 2010,0.2601352
Oct 2011,0.2408333
Oct 2012,0.256103
Oct 2013,0.2512529
Oct 2014,0.2412422
Oct 2015,0.2211242
Oct 2016,0.2464693
Oct 2017,0.2443759
Oct 2018,0.2163006
Oct 2019,0.2430443
