Time,EVI
Jul 2000,0.1913399
Jul 2001,0.2631535
Jul 2002,0.1949309
Jul 2003,0.1728685
Jul 2004,0.2032214
Jul 2005,0.1801221
Jul 2006,0.1870504
Jul 2007,0.2317284
Jul 2008,0.2112521
Jul 2009,0.1519983
Jul 2010,0.1604498
Jul 2011,0.184552
Jul 2012,0.1750907
Jul 2013,0.1656245
Jul 2014,0.2183885
Jul 2015,0.2347048
Jul 2016,0.2136998
Jul 2017,0.2293015
Jul 2018,0.2674394
Jul 2019,0.2626642
