Time,Soil Water Index with Characteristic Time Length of 15 Days
Oct 2007,21.41935
Oct 2008,18.29032
Oct 2009,22.14516
Oct 2010,23.64516
Oct 2011,24.19355
Oct 2012,17.80645
Oct 2013,31.40322
Oct 2014,27.83871
Oct 2015,23.33871
Oct 2016,30.59677
Oct 2017,29.58064
