Time,EVI
Oct 2000,0.2968645
Oct 2001,0.250654
Oct 2002,0.2265609
Oct 2003,0.2952514
Oct 2004,0.2508819
Oct 2005,0.2790891
Oct 2006,0.2510151
Oct 2007,0.2410894
Oct 2008,0.2349892
Oct 2009,0.2774574
Oct 2010,0.2583834
Oct 2011,0.2529609
Oct 2012,0.2361866
Oct 2013,0.2785069
Oct 2014,0.2797765
Oct 2015,0.2193597
Oct 2016,0.2467362
Oct 2017,0.2351338
Oct 2018,0.2402475
Oct 2019,0.2627015
