Time,Soil Water Index with Characteristic Time Length of 15 Days
Oct 2007,3.919354
Oct 2008,3.129032
Oct 2009,2.451613
Oct 2010,5.548387
Oct 2011,5.25
Oct 2012,4.032258
Oct 2013,5.177419
Oct 2014,6.548388
Oct 2015,4.266129
Oct 2016,5.395161
Oct 2017,4.67742
