"year","SWI"
2007,35.33553
2008,29.39958
2009,32.85357
2010,30.02209
2011,26.8922
2012,34.10357
2013,27.70188
2014,33.62029
2015,27.84677
2016,33.09306
2017,29.55995
