Time,EVI
Aug 2000,0.2947253
Aug 2001,0.3013187
Aug 2002,0.2885844
Aug 2003,0.3018766
Aug 2004,0.294843
Aug 2005,0.2904333
Aug 2006,0.2822716
Aug 2007,0.3017369
Aug 2008,0.2854578
Aug 2009,0.2983338
Aug 2010,0.2666667
Aug 2011,0.2670991
Aug 2012,0.2772942
Aug 2013,0.2932174
Aug 2014,0.3105353
Aug 2015,0.2761701
Aug 2016,0.2969076
Aug 2017,0.2797731
Aug 2018,0.2894592
Aug 2019,0.2906728
