"year","SWI"
2007,4.45636
2008,3.670264
2009,2.267019
2010,7.137977
2011,5.479307
2012,5.604054
2013,5.648312
2014,8.796367
2015,4.729739
2016,7.738283
2017,5.826379
