Time,EVI
Oct 2000,0.2605931
Oct 2001,0.2508129
Oct 2002,0.2116425
Oct 2003,0.2496499
Oct 2004,0.2233506
Oct 2005,0.2244466
Oct 2006,0.2349478
Oct 2007,0.2423456
Oct 2008,0.2386534
Oct 2009,0.2300933
Oct 2010,0.2479166
Oct 2011,0.2470382
Oct 2012,0.2397559
Oct 2013,0.2311483
Oct 2014,0.2745204
Oct 2015,0.2328052
Oct 2016,0.2483523
Oct 2017,0.2370279
Oct 2018,0.2670996
Oct 2019,0.2481825
