Time,EVI
Jul 2000,0.1960306
Jul 2001,0.2401025
Jul 2002,0.1980134
Jul 2003,0.199045
Jul 2004,0.2293247
Jul 2005,0.1913803
Jul 2006,0.2408336
Jul 2007,0.2507433
Jul 2008,0.2109808
Jul 2009,0.1414628
Jul 2010,0.1773342
Jul 2011,0.2203069
Jul 2012,0.1937235
Jul 2013,0.2170388
Jul 2014,0.2104412
Jul 2015,0.2154007
Jul 2016,0.2132923
Jul 2017,0.24722
Jul 2018,0.1980309
Jul 2019,0.2111615
