Time,Soil Water Index with Characteristic Time Length of 15 Days
Jul 2007,35.50807
Jul 2008,26.625
Jul 2009,30.15322
Jul 2010,26.60484
Jul 2011,26.76612
Jul 2012,32.77419
Jul 2013,26.92742
Jul 2014,30.55242
Jul 2015,24.96371
Jul 2016,31.31452
Jul 2017,26.92339
