Time,EVI
Oct 2000,0.3374232
Oct 2001,0.2367716
Oct 2002,0.2267407
Oct 2003,0.2643209
Oct 2004,0.2481579
Oct 2005,0.2825491
Oct 2006,0.2499339
Oct 2007,0.2609662
Oct 2008,0.2792538
Oct 2009,0.2653844
Oct 2010,0.2772954
Oct 2011,0.2842814
Oct 2012,0.2779242
Oct 2013,0.2612569
Oct 2014,0.3107124
Oct 2015,0.2541768
Oct 2016,0.2887716
Oct 2017,0.2579254
Oct 2018,0.3219537
Oct 2019,0.2786526
