Time,Soil Water Index with Characteristic Time Length of 15 Days
Oct 2007,4.657258
Oct 2008,3.536289
Oct 2009,2.689516
Oct 2010,5.629032
Oct 2011,5.625
Oct 2012,5.677419
Oct 2013,4.766129
Oct 2014,8.06855
Oct 2015,4.012096
Oct 2016,7.512095
Oct 2017,5.346775
