"Harvest Year","Payout"
1983,21.4473019607843
1984,192.190114705882
1985,100
1986,11.7873602941176
1987,175.963504913632
1988,100
1989,100
1990,102.707902941176
1991,100
1992,100
1993,100
1994,100
1995,100
1996,0
1997,0
1998,100
1999,100
2000,109.910176470588
2001,0
2002,0
2003,100
2004,147.842097058824
2005,100
2006,100
2007,100
2008,0
2009,100
2010,100
2011,0
2012,100
2013,100
2014,141.176470588235
2015,200
2016,0
2017,100
2018,0
2019,0
