Time,EVI
Jul 2000,0.2251467
Jul 2001,0.213542
Jul 2002,0.2568223
Jul 2003,0.2094753
Jul 2004,0.210141
Jul 2005,0.1993045
Jul 2006,0.1933433
Jul 2007,0.2129831
Jul 2008,0.2887128
Jul 2009,0.2126521
Jul 2010,0.1957431
Jul 2011,0.2689204
Jul 2012,0.1895072
Jul 2013,0.2247598
Jul 2014,0.2582868
Jul 2015,0.3129229
Jul 2016,0.1999359
Jul 2017,0.2438757
Jul 2018,0.2678759
Jul 2019,0.2987514
