Time,EVI
Oct 2000,0.2480244
Oct 2001,0.2287156
Oct 2002,0.213014
Oct 2003,0.2794667
Oct 2004,0.2168255
Oct 2005,0.2218089
Oct 2006,0.2256632
Oct 2007,0.2324319
Oct 2008,0.199746
Oct 2009,0.250511
Oct 2010,0.2220811
Oct 2011,0.1964029
Oct 2012,0.2355934
Oct 2013,0.2447539
Oct 2014,0.2566735
Oct 2015,0.2154271
Oct 2016,0.2157184
Oct 2017,0.2228555
Oct 2018,0.2187615
Oct 2019,0.2397024
