Time,EVI
Jul 2000,0.1740424
Jul 2001,0.2300055
Jul 2002,0.1566306
Jul 2003,0.1887848
Jul 2004,0.1735323
Jul 2005,0.1799104
Jul 2006,0.1795075
Jul 2007,0.2149589
Jul 2008,0.1501804
Jul 2009,0.1284785
Jul 2010,0.1626629
Jul 2011,0.2185173
Jul 2012,0.2028346
Jul 2013,0.1817464
Jul 2014,0.1996776
Jul 2015,0.1829457
Jul 2016,0.1984382
Jul 2017,0.2175597
Jul 2018,0.1773758
Jul 2019,0.2217029
