Time,Soil Water Index with Characteristic Time Length of 15 Days
Jul 2007,30.5121
Jul 2008,19.1129
Jul 2009,23.27016
Jul 2010,20.28225
Jul 2011,21.5242
Jul 2012,25.56452
Jul 2013,20.34677
Jul 2014,23.66129
Jul 2015,18.77016
Jul 2016,24.98387
Jul 2017,19.7621
