Time,EVI
Oct 2000,0.2287803
Oct 2001,0.1945724
Oct 2002,0.1701858
Oct 2003,0.222992
Oct 2004,0.1731774
Oct 2005,0.1894176
Oct 2006,0.2057306
Oct 2007,0.2063345
Oct 2008,0.20682
Oct 2009,0.2085064
Oct 2010,0.2197796
Oct 2011,0.2266871
Oct 2012,0.221099
Oct 2013,0.2044614
Oct 2014,0.260648
Oct 2015,0.193479
Oct 2016,0.2323053
Oct 2017,0.2027443
Oct 2018,0.2218122
Oct 2019,0.236663
