Time,Soil Water Index with Characteristic Time Length of 15 Days
Oct 2007,3.354839
Oct 2008,2.064516
Oct 2009,2.270161
Oct 2010,3.58871
Oct 2011,3.620967
Oct 2012,3.53629
Oct 2013,2.947581
Oct 2014,5.475806
Oct 2015,2.181451
Oct 2016,5.108871
Oct 2017,3.806451
