Time,EVI
Jul 2000,0.176369
Jul 2001,0.1952858
Jul 2002,0.1807337
Jul 2003,0.1737512
Jul 2004,0.1646677
Jul 2005,0.2123341
Jul 2006,0.1505476
Jul 2007,0.184899
Jul 2008,0.1752335
Jul 2009,0.1123799
Jul 2010,0.2005336
Jul 2011,0.1450897
Jul 2012,0.1596726
Jul 2013,0.1860806
Jul 2014,0.1698839
Jul 2015,0.1211094
Jul 2016,0.1789245
Jul 2017,0.164998
Jul 2018,0.1285363
Jul 2019,0.2249461
