Time,Soil Water Index with Characteristic Time Length of 15 Days
Jul 2007,33.30646
Jul 2008,25.19355
Jul 2009,30.64516
Jul 2010,25.74194
Jul 2011,26.45161
Jul 2012,31.24194
Jul 2013,27.98387
Jul 2014,28.70968
Jul 2015,22.09677
Jul 2016,29.25806
Jul 2017,24.87097
