Time,EVI
Oct 2000,0.1788898
Oct 2001,0.2064084
Oct 2002,0.1592177
Oct 2003,0.1885615
Oct 2004,0.1694112
Oct 2005,0.1865754
Oct 2006,0.198276
Oct 2007,0.1868486
Oct 2008,0.1573018
Oct 2009,0.1673122
Oct 2010,0.1732492
Oct 2011,0.1855703
Oct 2012,0.1840268
Oct 2013,0.1854749
Oct 2014,0.1921069
Oct 2015,0.1274241
Oct 2016,0.1546178
Oct 2017,0.1824462
Oct 2018,0.1919577
Oct 2019,0.1846191
