Time,Soil Water Index with Characteristic Time Length of 15 Days
Oct 2007,7.193548
Oct 2008,6.596774
Oct 2009,6.241935
Oct 2010,7.564516
Oct 2011,6.887096
Oct 2012,6.016129
Oct 2013,5.516129
Oct 2014,6.580644
Oct 2015,6.725806
Oct 2016,5.241935
Oct 2017,6.983871
