"Harvest Year","Payout"
1983,116.11965653068
1984,40.069603125
1985,1.09422187499999
1986,0
1987,55.9389605357143
1988,8.67689999999999
1989,100
1990,0
1991,0
1992,68.75
1993,68.75
1994,0
1995,0
1996,0
1997,0
1998,0
1999,0
2000,0
2001,0
2002,0
2003,0
2004,57.7341
2005,0.471573684210512
2006,68.75
2007,0
2008,0
2009,0
2010,17.7105842105263
2011,8.63739687500002
2012,72.8805526315789
2013,37.6811368421053
2014,0
2015,0
2016,0
2017,67.6730157894737
2018,0
2019,0
