Time,EVI
Jul 2000,0.1790355
Jul 2001,0.205933
Jul 2002,0.125592
Jul 2003,0.1837437
Jul 2004,0.152586
Jul 2005,0.1998987
Jul 2006,0.1639218
Jul 2007,0.2034246
Jul 2008,0.1354666
Jul 2009,0.1436847
Jul 2010,0.1371554
Jul 2011,0.1902301
Jul 2012,0.1516815
Jul 2013,0.1721419
Jul 2014,0.1658935
Jul 2015,0.1580794
Jul 2016,0.217027
Jul 2017,0.1896889
Jul 2018,0.2256366
Jul 2019,0.1917775
