Time,Soil Water Index with Characteristic Time Length of 15 Days
Jul 2007,73.14919
Jul 2008,59.10887
Jul 2009,63.72178
Jul 2010,57.50403
Jul 2011,60.01613
Jul 2012,71.82257
Jul 2013,68.54436
Jul 2014,54.54033
Jul 2015,51.69355
Jul 2016,67.73386
Jul 2017,61.20564
