Time,Soil Water Index with Characteristic Time Length of 15 Days
Oct 2007,17.04839
Oct 2008,16.07258
Oct 2009,17.33468
Oct 2010,17.99597
Oct 2011,14.47984
Oct 2012,17.20564
Oct 2013,22.68145
Oct 2014,21.20564
Oct 2015,15.54032
Oct 2016,21.03226
Oct 2017,22.43145
