Time,EVI
Oct 2000,0.3269175
Oct 2001,0.2680392
Oct 2002,0.2685221
Oct 2003,0.3165254
Oct 2004,0.2895553
Oct 2005,0.2711216
Oct 2006,0.266358
Oct 2007,0.2881556
Oct 2008,0.2938665
Oct 2009,0.3127968
Oct 2010,0.304272
Oct 2011,0.3175061
Oct 2012,0.3240074
Oct 2013,0.3037948
Oct 2014,0.366587
Oct 2015,0.2801599
Oct 2016,0.3252544
Oct 2017,0.343838
Oct 2018,0.3623246
Oct 2019,0.3710808
