Time,EVI
Jul 2000,0.2132906
Jul 2001,0.2643555
Jul 2002,0.206696
Jul 2003,0.2245379
Jul 2004,0.1820822
Jul 2005,0.2006254
Jul 2006,0.2306934
Jul 2007,0.3057121
Jul 2008,0.2355598
Jul 2009,0.1429817
Jul 2010,0.1330298
Jul 2011,0.1973261
Jul 2012,0.1842569
Jul 2013,0.2452429
Jul 2014,0.164753
Jul 2015,0.1619262
Jul 2016,0.2141424
Jul 2017,0.2116778
Jul 2018,0.1904525
Jul 2019,0.1378124
