Time,Soil Water Index with Characteristic Time Length of 15 Days
Jul 2007,81.74193
Jul 2008,72.66128
Jul 2009,68.77419
Jul 2010,65.4113
Jul 2011,71.57258
Jul 2012,75.65323
Jul 2013,77.71773
Jul 2014,64.06451
Jul 2015,58.50807
Jul 2016,76.52419
Jul 2017,71.82257
