Time,Soil Water Index with Characteristic Time Length of 15 Days
Oct 2007,14.89516
Oct 2008,8.483871
Oct 2009,4.806451
Oct 2010,17.46774
Oct 2011,11.72581
Oct 2012,9.338709
Oct 2013,21.20968
Oct 2014,22.12903
Oct 2015,13.46774
Oct 2016,18.22581
Oct 2017,13.59677
