Time,EVI
Oct 2000,0.207928
Oct 2001,0.2251909
Oct 2002,0.1637844
Oct 2003,0.2331298
Oct 2004,0.1827093
Oct 2005,0.1754931
Oct 2006,0.1970065
Oct 2007,0.228492
Oct 2008,0.2036519
Oct 2009,0.2122462
Oct 2010,0.2130996
Oct 2011,0.2036985
Oct 2012,0.19176
Oct 2013,0.2063488
Oct 2014,0.2476071
Oct 2015,0.1881558
Oct 2016,0.1943048
Oct 2017,0.2266341
Oct 2018,0.2192758
Oct 2019,0.2418893
