Time,Soil Water Index with Characteristic Time Length of 15 Days
Jul 2007,79.19757
Jul 2008,68.08869
Jul 2009,62.86693
Jul 2010,62.16128
Jul 2011,67.50807
Jul 2012,72.84677
Jul 2013,75.54839
Jul 2014,61.02016
Jul 2015,57.40725
Jul 2016,71.09678
Jul 2017,66.52016
