Time,EVI
Jul 2000,0.2070064
Jul 2001,0.2572236
Jul 2002,0.3071282
Jul 2003,0.2252899
Jul 2004,0.1818841
Jul 2005,0.1708764
Jul 2006,0.2123037
Jul 2007,0.2630612
Jul 2008,0.2887264
Jul 2009,0.181869
Jul 2010,0.1079499
Jul 2011,0.286148
Jul 2012,0.2593795
Jul 2013,0.2653375
Jul 2014,0.2215486
Jul 2015,0.2401295
Jul 2016,0.1596127
Jul 2017,0.2468634
Jul 2018,0.211879
Jul 2019,0.2999305
