Time,Soil Water Index with Characteristic Time Length of 15 Days
Oct 2007,11.56855
Oct 2008,9.778225
Oct 2009,7.342741
Oct 2010,13.45161
Oct 2011,11.3871
Oct 2012,11.56048
Oct 2013,17.52016
Oct 2014,27.07661
Oct 2015,13.05645
Oct 2016,13.71774
Oct 2017,12.51209
