Time,EVI
Oct 2000,0.2390738
Oct 2001,0.2162842
Oct 2002,0.1798436
Oct 2003,0.236156
Oct 2004,0.2145165
Oct 2005,0.2172059
Oct 2006,0.207054
Oct 2007,0.230906
Oct 2008,0.2089099
Oct 2009,0.2194807
Oct 2010,0.2181822
Oct 2011,0.2186669
Oct 2012,0.2051015
Oct 2013,0.213414
Oct 2014,0.2742939
Oct 2015,0.2077332
Oct 2016,0.2047738
Oct 2017,0.2319151
Oct 2018,0.243489
Oct 2019,0.2374327
