"Harvest Year","Payout"
1983,0
1984,103.782085714286
1985,0
1986,0
1987,0
1988,0
1989,0
1990,80.9590634920635
1991,13.6756771428571
1992,130.422980952381
1993,0
1994,0
1995,0
1996,52.3809523809524
1997,0
1998,0
1999,0
2000,0
2001,13.0157444444445
2002,55.3886380952381
2003,0
2004,26.4765857142857
2005,0
2006,52.3809523809524
2007,100
2008,96.9725
2009,0
2010,1.6752238095238
2011,0
2012,0
2013,66.0889888888889
2014,82.6696111111111
2015,0
2016,0
2017,0
2018,0
2019,0
