Time,Soil Water Index with Characteristic Time Length of 15 Days
Jul 2007,80.15322
Jul 2008,67.87903
Jul 2009,63.76614
Jul 2010,63.40321
Jul 2011,69.17741
Jul 2012,75.72582
Jul 2013,76.19354
Jul 2014,63.56451
Jul 2015,60.70967
Jul 2016,72.15321
Jul 2017,67.16129
