Time,EVI
Jul 2000,0.2598761
Jul 2001,0.3218452
Jul 2002,0.3318452
Jul 2003,0.233428
Jul 2004,0.2786239
Jul 2005,0.2047733
Jul 2006,0.3194973
Jul 2007,0.297894
Jul 2008,0.3394721
Jul 2009,0.2031425
Jul 2010,0.2932178
Jul 2011,0.3273226
Jul 2012,0.2678005
Jul 2013,0.2532623
Jul 2014,0.2927689
Jul 2015,0.2840309
Jul 2016,0.236479
Jul 2017,0.2943307
Jul 2018,0.2891765
Jul 2019,0.319837
