Time,Soil Water Index with Characteristic Time Length of 15 Days
Oct 2007,14.0
Oct 2008,16.25807
Oct 2009,13.03226
Oct 2010,18.60484
Oct 2011,17.67742
Oct 2012,17.91935
Oct 2013,24.81451
Oct 2014,32.83065
Oct 2015,18.3629
Oct 2016,20.3629
Oct 2017,19.44355
