Time,EVI
Oct 2000,0.3588591
Oct 2001,0.3308405
Oct 2002,0.3133252
Oct 2003,0.3430198
Oct 2004,0.3341231
Oct 2005,0.3413914
Oct 2006,0.3031375
Oct 2007,0.3031121
Oct 2008,0.2670485
Oct 2009,0.3315086
Oct 2010,0.3273523
Oct 2011,0.2888244
Oct 2012,0.3373125
Oct 2013,0.3191078
Oct 2014,0.32267
Oct 2015,0.2893357
Oct 2016,0.2697258
Oct 2017,0.2927869
Oct 2018,0.3187065
Oct 2019,0.3345404
