Time,EVI
Jul 2000,0.1852015
Jul 2001,0.2457731
Jul 2002,0.1721953
Jul 2003,0.2001052
Jul 2004,0.1390496
Jul 2005,0.1714007
Jul 2006,0.2074003
Jul 2007,0.2206095
Jul 2008,0.1759963
Jul 2009,0.1459466
Jul 2010,0.1862898
Jul 2011,0.1825413
Jul 2012,0.218601
Jul 2013,0.2111725
Jul 2014,0.2091638
Jul 2015,0.1736772
Jul 2016,0.2002027
Jul 2017,0.2065461
Jul 2018,0.1538364
Jul 2019,0.2287389
