Time,Soil Water Index with Characteristic Time Length of 15 Days
Jul 2007,28.91129
Jul 2008,23.35484
Jul 2009,27.41936
Jul 2010,22.38709
Jul 2011,24.77419
Jul 2012,29.78226
Jul 2013,25.58064
Jul 2014,26.75806
Jul 2015,20.84678
Jul 2016,28.37097
Jul 2017,24.12903
