Time,EVI
Oct 2000,0.2164421
Oct 2001,0.2279121
Oct 2002,0.1759889
Oct 2003,0.2210627
Oct 2004,0.1757451
Oct 2005,0.2021835
Oct 2006,0.2058777
Oct 2007,0.2072231
Oct 2008,0.1728063
Oct 2009,0.2067553
Oct 2010,0.2244616
Oct 2011,0.2206249
Oct 2012,0.2157649
Oct 2013,0.2059962
Oct 2014,0.242551
Oct 2015,0.1906287
Oct 2016,0.1945443
Oct 2017,0.2024063
Oct 2018,0.2256202
Oct 2019,0.2116649
