Time,Soil Water Index with Characteristic Time Length of 15 Days
Oct 2007,3.854839
Oct 2008,2.435484
Oct 2009,1.741936
Oct 2010,4.435483
Oct 2011,4.459676
Oct 2012,3.57258
Oct 2013,4.16129
Oct 2014,5.451613
Oct 2015,3.137096
Oct 2016,4.717742
Oct 2017,4.33871
