Time,EVI
Jul 2000,0.1307725
Jul 2001,0.1785209
Jul 2002,0.1281235
Jul 2003,0.1559658
Jul 2004,0.1401946
Jul 2005,0.1621393
Jul 2006,0.1351391
Jul 2007,0.1587943
Jul 2008,0.1154278
Jul 2009,0.1076567
Jul 2010,0.1376308
Jul 2011,0.1648447
Jul 2012,0.1498832
Jul 2013,0.1475467
Jul 2014,0.1325634
Jul 2015,0.1431013
Jul 2016,0.1737845
Jul 2017,0.1614955
Jul 2018,0.1378429
Jul 2019,0.1620301
