Time,Soil Water Index with Characteristic Time Length of 15 Days
Jul 2007,33.6371
Jul 2008,24.02419
Jul 2009,25.46774
Jul 2010,26.70968
Jul 2011,26.57258
Jul 2012,28.56452
Jul 2013,27.93549
Jul 2014,25.87903
Jul 2015,21.96774
Jul 2016,29.24193
Jul 2017,27.71774
