Time,EVI
Oct 2000,0.3327652
Oct 2001,0.2477014
Oct 2002,0.2347431
Oct 2003,0.2115725
Oct 2004,0.182621
Oct 2005,0.1974492
Oct 2006,0.2085043
Oct 2007,0.2382037
Oct 2008,0.1954806
Oct 2009,0.1572933
Oct 2010,0.2612483
Oct 2011,0.2482359
Oct 2012,0.2232479
Oct 2013,0.2454027
Oct 2014,0.3194186
Oct 2015,0.1527916
Oct 2016,0.1895886
Oct 2017,0.2720833
Oct 2018,0.2786557
Oct 2019,0.3054293
