Time,Soil Water Index with Characteristic Time Length of 15 Days
Oct 2007,14.93548
Oct 2008,14.34677
Oct 2009,10.85484
Oct 2010,20.50806
Oct 2011,12.26613
Oct 2012,18.20161
Oct 2013,20.99194
Oct 2014,32.80644
Oct 2015,14.98387
Oct 2016,21.01613
Oct 2017,26.95968
