Time,EVI
Jul 2000,0.2243973
Jul 2001,0.2359772
Jul 2002,0.1639241
Jul 2003,0.1946445
Jul 2004,0.22629
Jul 2005,0.1862278
Jul 2006,0.2305779
Jul 2007,0.2324169
Jul 2008,0.204552
Jul 2009,0.1588976
Jul 2010,0.2054796
Jul 2011,0.1994632
Jul 2012,0.2178899
Jul 2013,0.2120718
Jul 2014,0.1954636
Jul 2015,0.1925562
Jul 2016,0.1958112
Jul 2017,0.2427019
Jul 2018,0.1920417
Jul 2019,0.2070304
