Time,Soil Water Index with Characteristic Time Length of 15 Days
Jul 2007,34.56451
Jul 2008,25.08871
Jul 2009,28.74193
Jul 2010,25.13709
Jul 2011,25.88709
Jul 2012,31.55645
Jul 2013,26.1371
Jul 2014,29.20967
Jul 2015,23.51612
Jul 2016,30.20161
Jul 2017,25.71774
