Time,EVI
Oct 2000,0.2728088
Oct 2001,0.2356558
Oct 2002,0.2393882
Oct 2003,0.2578401
Oct 2004,0.2463597
Oct 2005,0.2627879
Oct 2006,0.2489695
Oct 2007,0.25739
Oct 2008,0.2607679
Oct 2009,0.2499074
Oct 2010,0.264008
Oct 2011,0.2762614
Oct 2012,0.2643514
Oct 2013,0.2584774
Oct 2014,0.2982803
Oct 2015,0.2524977
Oct 2016,0.2853184
Oct 2017,0.2569008
Oct 2018,0.2907041
Oct 2019,0.2747524
