"Harvest Year","Payout"
1983,16.097311133157
1984,47.9981375
1985,0
1986,0
1987,84.2589505
1988,0
1989,0
1990,0
1991,0
1992,121.827120555556
1993,35
1994,0
1995,110.600251721405
1996,0
1997,0
1998,0
1999,47.9300555555556
2000,0
2001,0
2002,0
2003,0
2004,23.838835
2005,0
2006,92.1539888888889
2007,0.847011111111115
2008,0
2009,1.5278
2010,16.355535
2011,0
2012,40.5190111111111
2013,0
2014,0
2015,0
2016,7.78563333333335
2017,21.9578333333333
2018,6.17139999999999
2019,0
