"Harvest Year","Payout"
1983,0
1984,2.97162310344828
1985,0
1986,0
1987,85.0565604668856
1988,100
1989,148.966396551724
1990,0
1991,0
1992,109.852206896552
1993,0
1994,0
1995,0
1996,0
1997,0
1998,0
1999,0
2000,7.61411034482759
2001,0
2002,58.072925862069
2003,47.152085862069
2004,101.559677931034
2005,0
2006,0
2007,0
2008,7.9974
2009,100
2010,0
2011,0
2012,0
2013,100
2014,0
2015,0
2016,0
2017,40.9951086206897
2018,100
2019,100
