Time,Soil Water Index with Characteristic Time Length of 15 Days
Jul 2007,80.67338
Jul 2008,69.41533
Jul 2009,63.9879
Jul 2010,64.7258
Jul 2011,70.23386
Jul 2012,76.25
Jul 2013,76.2742
Jul 2014,65.88709
Jul 2015,62.74999
Jul 2016,73.16532
Jul 2017,68.46773
