Time,EVI
Jul 2000,0.2364693
Jul 2001,0.2793036
Jul 2002,0.272196
Jul 2003,0.1925952
Jul 2004,0.2341482
Jul 2005,0.1888665
Jul 2006,0.2550575
Jul 2007,0.247983
Jul 2008,0.2768607
Jul 2009,0.1944183
Jul 2010,0.2329575
Jul 2011,0.262117
Jul 2012,0.2286398
Jul 2013,0.2074577
Jul 2014,0.22826
Jul 2015,0.2334205
Jul 2016,0.1718588
Jul 2017,0.2551132
Jul 2018,0.2551913
Jul 2019,0.2944449
