Time,Soil Water Index with Characteristic Time Length of 15 Days
Oct 2007,15.96775
Oct 2008,18.58871
Oct 2009,15.64516
Oct 2010,21.40726
Oct 2011,20.76613
Oct 2012,21.01613
Oct 2013,27.83467
Oct 2014,36.06049
Oct 2015,21.57661
Oct 2016,23.89113
Oct 2017,23.38306
