Time,EVI
Oct 2000,0.3266194
Oct 2001,0.2976801
Oct 2002,0.2722626
Oct 2003,0.3104798
Oct 2004,0.3020785
Oct 2005,0.3161297
Oct 2006,0.2704414
Oct 2007,0.2695546
Oct 2008,0.2418675
Oct 2009,0.3087557
Oct 2010,0.2966627
Oct 2011,0.281581
Oct 2012,0.3131767
Oct 2013,0.2943577
Oct 2014,0.282822
Oct 2015,0.2686177
Oct 2016,0.2591116
Oct 2017,0.2714638
Oct 2018,0.2836733
Oct 2019,0.3016448
