"Harvest Year","Payout"
1983,0
1984,95.5057124033816
1985,0
1986,0
1987,62.3178965734988
1988,0
1989,0
1990,39.1304347826087
1991,0
1992,118.760647826087
1993,0
1994,0
1995,100
1996,0
1997,0
1998,0
1999,0
2000,0
2001,93.659475
2002,101.687543478261
2003,6.77101739130437
2004,33.4755391304348
2005,0
2006,59.6380752173913
2007,100
2008,100
2009,10.6013
2010,2.28230434782608
2011,0
2012,0
2013,25.0142
2014,0
2015,0
2016,0
2017,13.4809217391304
2018,0
2019,0
