Time,Soil Water Index with Characteristic Time Length of 15 Days
Jul 2007,74.32256
Jul 2008,72.35484
Jul 2009,63.29033
Jul 2010,64.98387
Jul 2011,67.74194
Jul 2012,71.77419
Jul 2013,72.24194
Jul 2014,66.53226
Jul 2015,65.96774
Jul 2016,74.67742
Jul 2017,69.85481
