Time,EVI
Jul 2000,0.1557248
Jul 2001,0.2324635
Jul 2002,0.2136947
Jul 2003,0.1801071
Jul 2004,0.1978406
Jul 2005,0.1633407
Jul 2006,0.2060365
Jul 2007,0.1897204
Jul 2008,0.2058442
Jul 2009,0.150866
Jul 2010,0.1699282
Jul 2011,0.1894039
Jul 2012,0.1643513
Jul 2013,0.1566626
Jul 2014,0.2104821
Jul 2015,0.1672619
Jul 2016,0.1207433
Jul 2017,0.1667272
Jul 2018,0.1583951
Jul 2019,0.1993496
