Time,EVI
Oct 2000,0.3344914
Oct 2001,0.3189268
Oct 2002,0.2864998
Oct 2003,0.3169249
Oct 2004,0.313106
Oct 2005,0.2962301
Oct 2006,0.2708178
Oct 2007,0.2695127
Oct 2008,0.2522862
Oct 2009,0.279533
Oct 2010,0.2737235
Oct 2011,0.2838444
Oct 2012,0.295713
Oct 2013,0.2873396
Oct 2014,0.2876782
Oct 2015,0.2753001
Oct 2016,0.2892967
Oct 2017,0.3188066
Oct 2018,0.2973521
Oct 2019,0.3249191
