Time,EVI
Jul 2000,0.198158
Jul 2001,0.2757409
Jul 2002,0.1869759
Jul 2003,0.2274358
Jul 2004,0.191978
Jul 2005,0.2219145
Jul 2006,0.2286789
Jul 2007,0.2260735
Jul 2008,0.1782946
Jul 2009,0.1394561
Jul 2010,0.1968978
Jul 2011,0.2219803
Jul 2012,0.1817903
Jul 2013,0.1569966
Jul 2014,0.1846852
Jul 2015,0.2033614
Jul 2016,0.2319727
Jul 2017,0.2008903
Jul 2018,0.2174912
Jul 2019,0.269053
