Time,EVI
Oct 2000,0.4591702
Oct 2001,0.3674661
Oct 2002,0.3553457
Oct 2003,0.3308138
Oct 2004,0.318022
Oct 2005,0.3120077
Oct 2006,0.3392009
Oct 2007,0.3392008
Oct 2008,0.3370093
Oct 2009,0.310773
Oct 2010,0.3548098
Oct 2011,0.3696133
Oct 2012,0.3228505
Oct 2013,0.3686739
Oct 2014,0.4192145
Oct 2015,0.3244411
Oct 2016,0.331851
Oct 2017,0.3579167
Oct 2018,0.3669408
Oct 2019,0.3746253
