Time,EVI
Jul 2000,0.1786671
Jul 2001,0.2468858
Jul 2002,0.174634
Jul 2003,0.1852697
Jul 2004,0.1683652
Jul 2005,0.1475765
Jul 2006,0.1703477
Jul 2007,0.2192821
Jul 2008,0.169578
Jul 2009,0.1222901
Jul 2010,0.1622914
Jul 2011,0.1722581
Jul 2012,0.1639977
Jul 2013,0.2026238
Jul 2014,0.1724473
Jul 2015,0.1542965
Jul 2016,0.1725329
Jul 2017,0.1638376
Jul 2018,0.1591883
Jul 2019,0.1933165
