Time,EVI
Oct 2000,0.223782
Oct 2001,0.2241637
Oct 2002,0.1807684
Oct 2003,0.2127568
Oct 2004,0.1712121
Oct 2005,0.1916546
Oct 2006,0.194528
Oct 2007,0.2221357
Oct 2008,0.1940622
Oct 2009,0.1967543
Oct 2010,0.2043515
Oct 2011,0.2221273
Oct 2012,0.2076825
Oct 2013,0.1827831
Oct 2014,0.2537407
Oct 2015,0.1857653
Oct 2016,0.1892619
Oct 2017,0.2072158
Oct 2018,0.2150877
Oct 2019,0.2036601
