"Harvest Year","Payout"
1983,38.4551506354394
1984,200
1985,100
1986,1.51909588235291
1987,179.903900500882
1988,0
1989,100
1990,100
1991,100
1992,107.928033333333
1993,100
1994,100
1995,100
1996,0
1997,0
1998,100
1999,0
2000,100
2001,0
2002,100
2003,100
2004,15.3347533333333
2005,100
2006,100
2007,100
2008,0
2009,100
2010,100
2011,100
2012,0
2013,100
2014,127.820155555556
2015,200
2016,100
2017,100
2018,6.18026
2019,100
