Time,EVI
Jul 2000,0.2802524
Jul 2001,0.3394006
Jul 2002,0.3281857
Jul 2003,0.2466749
Jul 2004,0.3015853
Jul 2005,0.2083957
Jul 2006,0.3634028
Jul 2007,0.3482452
Jul 2008,0.3511586
Jul 2009,0.2433922
Jul 2010,0.351391
Jul 2011,0.372269
Jul 2012,0.2499322
Jul 2013,0.3029853
Jul 2014,0.3389887
Jul 2015,0.3529999
Jul 2016,0.2561018
Jul 2017,0.3348167
Jul 2018,0.2999523
Jul 2019,0.3510549
