Time,EVI
Oct 2000,0.3733167
Oct 2001,0.3564263
Oct 2002,0.3480049
Oct 2003,0.3762732
Oct 2004,0.3832134
Oct 2005,0.3588389
Oct 2006,0.3423263
Oct 2007,0.3102452
Oct 2008,0.2993397
Oct 2009,0.3623404
Oct 2010,0.3269229
Oct 2011,0.3273297
Oct 2012,0.380235
Oct 2013,0.3518727
Oct 2014,0.34725
Oct 2015,0.3055767
Oct 2016,0.2881827
Oct 2017,0.3193762
Oct 2018,0.3250909
Oct 2019,0.3894197
