"Harvest Year","Payout"
1983,22.3892423801744
1984,1.4087
1985,16.6666666666667
1986,0
1987,79.2509880952381
1988,0
1989,100
1990,0
1991,0
1992,107.773983333333
1993,16.6666666666667
1994,0
1995,100
1996,0
1997,0
1998,100
1999,0
2000,0
2001,0
2002,3.72237333333332
2003,0
2004,1.98016333333332
2005,0
2006,126.45199
2007,0
2008,0
2009,0
2010,100
2011,100
2012,0
2013,0
2014,100
2015,100
2016,100
2017,0
2018,0
2019,0
