"year","SWI"
2007,34.21894
2008,30.32226
2009,31.08056
2010,31.85889
2011,26.53574
2012,33.97329
2013,26.83535
2014,34.56245
2015,25.92234
2016,33.10099
2017,29.98519
