"year","SWI"
2007,5.72337
2008,5.149566
2009,2.693211
2010,8.783231
2011,7.014231
2012,5.861894
2013,7.978793
2014,11.75119
2015,5.372796
2016,8.694928
2017,6.697665
