Time,EVI
Oct 2000,0.2816576
Oct 2001,0.2761599
Oct 2002,0.2489161
Oct 2003,0.2928679
Oct 2004,0.2741983
Oct 2005,0.2624475
Oct 2006,0.2640489
Oct 2007,0.2648414
Oct 2008,0.272329
Oct 2009,0.2608111
Oct 2010,0.2743959
Oct 2011,0.2665387
Oct 2012,0.2638969
Oct 2013,0.2740333
Oct 2014,0.2942334
Oct 2015,0.2682553
Oct 2016,0.2881621
Oct 2017,0.2581626
Oct 2018,0.287171
Oct 2019,0.2885456
