Time,Soil Water Index with Characteristic Time Length of 15 Days
Jul 2007,69.71774
Jul 2008,58.0
Jul 2009,59.65322
Jul 2010,54.01613
Jul 2011,56.33064
Jul 2012,66.33064
Jul 2013,64.18549
Jul 2014,47.34678
Jul 2015,46.08871
Jul 2016,66.17742
Jul 2017,59.95967
