Time,EVI
Jul 2000,0.2086279
Jul 2001,0.1841693
Jul 2002,0.1199027
Jul 2003,0.1903627
Jul 2004,0.1335801
Jul 2005,0.1964113
Jul 2006,0.1672116
Jul 2007,0.2563396
Jul 2008,0.1815124
Jul 2009,0.1839716
Jul 2010,0.1219884
Jul 2011,0.1786824
Jul 2012,0.1960119
Jul 2013,0.212543
Jul 2014,0.1107304
Jul 2015,0.1430774
Jul 2016,0.172626
Jul 2017,0.2201647
Jul 2018,0.2160139
Jul 2019,0.1816186
