Time,Soil Water Index with Characteristic Time Length of 15 Days
Oct 2007,19.20161
Oct 2008,18.37903
Oct 2009,21.40323
Oct 2010,21.64516
Oct 2011,18.87097
Oct 2012,18.50807
Oct 2013,27.79033
Oct 2014,23.91129
Oct 2015,17.64516
Oct 2016,25.93548
Oct 2017,27.15322
