Time,EVI
Oct 2000,0.2431089
Oct 2001,0.2031853
Oct 2002,0.1580112
Oct 2003,0.1892496
Oct 2004,0.1506604
Oct 2005,0.215447
Oct 2006,0.2168605
Oct 2007,0.202605
Oct 2008,0.2071361
Oct 2009,0.2059898
Oct 2010,0.2061247
Oct 2011,0.205053
Oct 2012,0.176663
Oct 2013,0.2213277
Oct 2014,0.21426
Oct 2015,0.1294816
Oct 2016,0.1707408
Oct 2017,0.1995963
Oct 2018,0.1825376
Oct 2019,0.2145429
