Time,EVI
Jul 2000,0.249799
Jul 2001,0.3323467
Jul 2002,0.3249133
Jul 2003,0.2722137
Jul 2004,0.2741946
Jul 2005,0.2425575
Jul 2006,0.2983915
Jul 2007,0.3349554
Jul 2008,0.3330405
Jul 2009,0.1937228
Jul 2010,0.3022092
Jul 2011,0.2936815
Jul 2012,0.2421825
Jul 2013,0.2547835
Jul 2014,0.3222488
Jul 2015,0.2782118
Jul 2016,0.2317218
Jul 2017,0.2584319
Jul 2018,0.2544287
Jul 2019,0.3179673
