Time,EVI
Oct 2000,0.4204423
Oct 2001,0.3868062
Oct 2002,0.3761113
Oct 2003,0.4034708
Oct 2004,0.4011292
Oct 2005,0.3665776
Oct 2006,0.3810152
Oct 2007,0.3367569
Oct 2008,0.3395809
Oct 2009,0.3915772
Oct 2010,0.3366516
Oct 2011,0.3697468
Oct 2012,0.4031812
Oct 2013,0.3720891
Oct 2014,0.376469
Oct 2015,0.3504456
Oct 2016,0.3591486
Oct 2017,0.3648829
Oct 2018,0.3949409
Oct 2019,0.3969294
