Time,Soil Water Index with Characteristic Time Length of 15 Days
Jul 2007,23.81452
Jul 2008,12.37903
Jul 2009,16.68548
Jul 2010,14.12903
Jul 2011,14.58064
Jul 2012,18.75
Jul 2013,17.1371
Jul 2014,15.14516
Jul 2015,13.27419
Jul 2016,18.84678
Jul 2017,14.29839
