Time,EVI
Jul 2000,0.1997247
Jul 2001,0.2859773
Jul 2002,0.2001929
Jul 2003,0.2338653
Jul 2004,0.1590953
Jul 2005,0.2004124
Jul 2006,0.1950384
Jul 2007,0.2598624
Jul 2008,0.1771662
Jul 2009,0.1784635
Jul 2010,0.1995169
Jul 2011,0.2236335
Jul 2012,0.2211371
Jul 2013,0.2740693
Jul 2014,0.2161814
Jul 2015,0.214332
Jul 2016,0.2314532
Jul 2017,0.2202839
Jul 2018,0.2583599
Jul 2019,0.2144553
