Time,EVI
Oct 2000,0.2263389
Oct 2001,0.2028657
Oct 2002,0.1774463
Oct 2003,0.1949198
Oct 2004,0.1898952
Oct 2005,0.1790608
Oct 2006,0.1957033
Oct 2007,0.1974996
Oct 2008,0.1929798
Oct 2009,0.1840076
Oct 2010,0.2060815
Oct 2011,0.2271371
Oct 2012,0.2047313
Oct 2013,0.1730213
Oct 2014,0.2227605
Oct 2015,0.1865155
Oct 2016,0.2081921
Oct 2017,0.2171946
Oct 2018,0.2152805
Oct 2019,0.1989974
