Time,EVI
Aug 2000,0.2964463
Aug 2001,0.3194638
Aug 2002,0.2602821
Aug 2003,0.2849879
Aug 2004,0.255565
Aug 2005,0.2768641
Aug 2006,0.2763458
Aug 2007,0.3260911
Aug 2008,0.2475786
Aug 2009,0.2703755
Aug 2010,0.2850614
Aug 2011,0.2657932
Aug 2012,0.3173965
Aug 2013,0.3053592
Aug 2014,0.2919889
Aug 2015,0.248949
Aug 2016,0.3112738
Aug 2017,0.2672949
Aug 2018,0.3019802
Aug 2019,0.2991421
