"year","SWI"
2007,30.40673
2008,21.6975
2009,26.03848
2010,23.18569
2011,24.91564
2012,29.33824
2013,26.76085
2014,25.59606
2015,21.68166
2016,28.50248
2017,24.67456
