Time,EVI
Oct 2000,0.2698818
Oct 2001,0.2588993
Oct 2002,0.2121663
Oct 2003,0.2374218
Oct 2004,0.1975068
Oct 2005,0.224989
Oct 2006,0.2413808
Oct 2007,0.2491436
Oct 2008,0.2303662
Oct 2009,0.2167943
Oct 2010,0.2555682
Oct 2011,0.2681825
Oct 2012,0.2387023
Oct 2013,0.2237824
Oct 2014,0.2788008
Oct 2015,0.2004429
Oct 2016,0.2375969
Oct 2017,0.2527424
Oct 2018,0.2609426
Oct 2019,0.2499917
