"year","SWI"
2007,3.668941
2008,2.323687
2009,1.799682
2010,3.824995
2011,3.833981
2012,3.521809
2013,3.423199
2014,5.548424
2015,3.333666
2016,5.810852
2017,6.491323
