"Harvest Year","Payout"
1983,87.7184793570016
1984,7.95869736842104
1985,100
1986,22.6744710526316
1987,53.0115404720134
1988,0
1989,100
1990,5.542
1991,0
1992,84.2879868421053
1993,28.9473684210526
1994,0
1995,0
1996,0
1997,0
1998,0
1999,0
2000,0
2001,0
2002,0
2003,0
2004,0.428457894736823
2005,0
2006,83.8352973684211
2007,0
2008,0
2009,0
2010,0
2011,0
2012,47.5800375
2013,100
2014,100
2015,44.22195
2016,0
2017,100
2018,0
2019,0
