Time,Soil Water Index with Characteristic Time Length of 15 Days
Jul 2007,38.67742
Jul 2008,28.74194
Jul 2009,30.01612
Jul 2010,30.85484
Jul 2011,31.01613
Jul 2012,34.37097
Jul 2013,32.70968
Jul 2014,30.0
Jul 2015,25.04839
Jul 2016,34.5
Jul 2017,31.53226
