Time,EVI
Jul 2000,0.1353789
Jul 2001,0.1523909
Jul 2002,0.1262133
Jul 2003,0.1444979
Jul 2004,0.1482976
Jul 2005,0.1275104
Jul 2006,0.1389285
Jul 2007,0.1794544
Jul 2008,0.1210077
Jul 2009,0.1086016
Jul 2010,0.1274823
Jul 2011,0.157118
Jul 2012,0.1745997
Jul 2013,0.152383
Jul 2014,0.1418721
Jul 2015,0.1577236
Jul 2016,0.179827
Jul 2017,0.1714202
Jul 2018,0.1678911
Jul 2019,0.2017763
