Time,Soil Water Index with Characteristic Time Length of 15 Days
Oct 2007,17.12903
Oct 2008,16.79032
Oct 2009,10.96774
Oct 2010,23.51613
Oct 2011,13.93548
Oct 2012,21.03226
Oct 2013,24.82258
Oct 2014,38.37096
Oct 2015,15.70968
Oct 2016,24.29032
Oct 2017,30.77419
