Time,EVI
Oct 2000,0.2916359
Oct 2001,0.2362534
Oct 2002,0.2029651
Oct 2003,0.2118124
Oct 2004,0.1755382
Oct 2005,0.1833688
Oct 2006,0.2105703
Oct 2007,0.2321627
Oct 2008,0.229067
Oct 2009,0.159339
Oct 2010,0.2523613
Oct 2011,0.244021
Oct 2012,0.2389555
Oct 2013,0.2508491
Oct 2014,0.3194111
Oct 2015,0.180398
Oct 2016,0.2190025
Oct 2017,0.2568854
Oct 2018,0.3041215
Oct 2019,0.3123958
