Time,Soil Water Index with Characteristic Time Length of 15 Days
Jul 2007,55.53629
Jul 2008,43.81452
Jul 2009,45.06451
Jul 2010,46.78226
Jul 2011,51.07259
Jul 2012,54.54435
Jul 2013,45.48387
Jul 2014,48.27824
Jul 2015,36.58467
Jul 2016,51.94757
Jul 2017,44.56451
