Time,EVI
Jul 2000,0.1690158
Jul 2001,0.2404714
Jul 2002,0.2103616
Jul 2003,0.1646415
Jul 2004,0.1664681
Jul 2005,0.1832145
Jul 2006,0.1728895
Jul 2007,0.1781522
Jul 2008,0.189082
Jul 2009,0.1191632
Jul 2010,0.1817498
Jul 2011,0.2094258
Jul 2012,0.2004189
Jul 2013,0.1883872
Jul 2014,0.2053491
Jul 2015,0.1959433
Jul 2016,0.1878934
Jul 2017,0.2085303
Jul 2018,0.179443
Jul 2019,0.2181827
