Time,EVI
Oct 2000,0.2836253
Oct 2001,0.2406847
Oct 2002,0.2205138
Oct 2003,0.2413107
Oct 2004,0.2150475
Oct 2005,0.2229561
Oct 2006,0.2479785
Oct 2007,0.240575
Oct 2008,0.2135494
Oct 2009,0.2309766
Oct 2010,0.2394541
Oct 2011,0.2442663
Oct 2012,0.2421938
Oct 2013,0.2599615
Oct 2014,0.2709367
Oct 2015,0.2391939
Oct 2016,0.2375979
Oct 2017,0.2208774
Oct 2018,0.2478376
Oct 2019,0.2506845
