Time,Soil Water Index with Characteristic Time Length of 15 Days
Oct 2007,10.41129
Oct 2008,6.250002
Oct 2009,5.608871
Oct 2010,12.15726
Oct 2011,9.907257
Oct 2012,8.939515
Oct 2013,10.91532
Oct 2014,11.81451
Oct 2015,6.653225
Oct 2016,10.87097
Oct 2017,10.62903
