Time,Soil Water Index with Characteristic Time Length of 15 Days
Jul 2007,52.37903
Jul 2008,40.14517
Jul 2009,41.50806
Jul 2010,42.98386
Jul 2011,47.20162
Jul 2012,50.76613
Jul 2013,41.91129
Jul 2014,46.05645
Jul 2015,32.30645
Jul 2016,48.5242
Jul 2017,41.79032
