Time,EVI
Jul 2000,0.1529248
Jul 2001,0.2132511
Jul 2002,0.191258
Jul 2003,0.1561479
Jul 2004,0.1471662
Jul 2005,0.1672486
Jul 2006,0.1509264
Jul 2007,0.1561527
Jul 2008,0.1802665
Jul 2009,0.1100157
Jul 2010,0.1640034
Jul 2011,0.1876973
Jul 2012,0.1814404
Jul 2013,0.1609929
Jul 2014,0.1876706
Jul 2015,0.1845264
Jul 2016,0.1705338
Jul 2017,0.2085829
Jul 2018,0.17471
Jul 2019,0.1968289
