Time,EVI
Oct 2000,0.2716825
Oct 2001,0.2241029
Oct 2002,0.2034618
Oct 2003,0.2416715
Oct 2004,0.203465
Oct 2005,0.2114413
Oct 2006,0.2351768
Oct 2007,0.2320502
Oct 2008,0.2114661
Oct 2009,0.2200201
Oct 2010,0.2322266
Oct 2011,0.2392442
Oct 2012,0.2429992
Oct 2013,0.2625173
Oct 2014,0.2682787
Oct 2015,0.2324602
Oct 2016,0.240573
Oct 2017,0.2233903
Oct 2018,0.2546873
Oct 2019,0.2621069
