Time,EVI
Jul 2000,0.1268797
Jul 2001,0.1248822
Jul 2002,0.116528
Jul 2003,0.127213
Jul 2004,0.1573118
Jul 2005,0.1336871
Jul 2006,0.1077922
Jul 2007,0.1589528
Jul 2008,0.096048
Jul 2009,0.08669227
Jul 2010,0.1304956
Jul 2011,0.1282719
Jul 2012,0.1271789
Jul 2013,0.1358964
Jul 2014,0.09934092
Jul 2015,0.1291903
Jul 2016,0.1668576
Jul 2017,0.1294539
Jul 2018,0.1323759
Jul 2019,0.156665
