Time,Soil Water Index with Characteristic Time Length of 15 Days
Jul 2007,34.03226
Jul 2008,24.79033
Jul 2009,27.04839
Jul 2010,28.19355
Jul 2011,27.16129
Jul 2012,29.03226
Jul 2013,28.53226
Jul 2014,26.12903
Jul 2015,22.27419
Jul 2016,30.74193
Jul 2017,28.25806
