Time,EVI
Oct 2000,0.3696557
Oct 2001,0.2954094
Oct 2002,0.2472376
Oct 2003,0.2384287
Oct 2004,0.2047559
Oct 2005,0.2193269
Oct 2006,0.2213091
Oct 2007,0.2303934
Oct 2008,0.2035101
Oct 2009,0.1872351
Oct 2010,0.2727645
Oct 2011,0.268128
Oct 2012,0.246518
Oct 2013,0.2798987
Oct 2014,0.3500524
Oct 2015,0.1836472
Oct 2016,0.2382031
Oct 2017,0.2742402
Oct 2018,0.2928376
Oct 2019,0.2998434
