"Harvest Year","Payout"
1983,30.4987905882353
1984,7.8105967857143
1985,100
1986,0
1987,12.3214650283446
1988,0
1989,0
1990,33.2728071428571
1991,0
1992,97.2591357142857
1993,0
1994,0
1995,2.20332459475456
1996,0
1997,0
1998,0
1999,0
2000,0
2001,0
2002,153.935810714286
2003,0
2004,0
2005,0
2006,0
2007,97.7836
2008,56.72976
2009,0
2010,0
2011,10.3515357142857
2012,0
2013,0
2014,100
2015,69.540265
2016,0
2017,100
2018,0
2019,0
