Time,Soil Water Index with Characteristic Time Length of 15 Days
Jul 2007,79.48387
Jul 2008,66.14515
Jul 2009,62.16129
Jul 2010,61.27419
Jul 2011,67.69356
Jul 2012,73.58064
Jul 2013,74.87097
Jul 2014,60.19355
Jul 2015,57.75806
Jul 2016,70.85483
Jul 2017,65.6129
