Time,EVI
Jul 2000,0.2137461
Jul 2001,0.2450439
Jul 2002,0.2711091
Jul 2003,0.2182226
Jul 2004,0.2355378
Jul 2005,0.1447891
Jul 2006,0.2213198
Jul 2007,0.2390407
Jul 2008,0.2824433
Jul 2009,0.1930816
Jul 2010,0.2332891
Jul 2011,0.3078537
Jul 2012,0.1979715
Jul 2013,0.2671824
Jul 2014,0.2670604
Jul 2015,0.2644326
Jul 2016,0.2322079
Jul 2017,0.2391343
Jul 2018,0.2488449
Jul 2019,0.2982962
