Time,EVI
Oct 2000,0.2999365
Oct 2001,0.25784
Oct 2002,0.2431723
Oct 2003,0.284759
Oct 2004,0.2549436
Oct 2005,0.2554196
Oct 2006,0.2609534
Oct 2007,0.2495353
Oct 2008,0.2368784
Oct 2009,0.2684308
Oct 2010,0.2592722
Oct 2011,0.2395136
Oct 2012,0.2810197
Oct 2013,0.2761432
Oct 2014,0.2789835
Oct 2015,0.2379215
Oct 2016,0.2321311
Oct 2017,0.2463096
Oct 2018,0.2502201
Oct 2019,0.2740578
