Time,Soil Water Index with Characteristic Time Length of 15 Days
Oct 2007,11.24193
Oct 2008,12.19355
Oct 2009,9.290321
Oct 2010,14.40323
Oct 2011,13.3871
Oct 2012,13.70968
Oct 2013,19.53226
Oct 2014,28.85483
Oct 2015,14.25807
Oct 2016,15.25806
Oct 2017,14.16129
