"Harvest Year","Payout"
1983,43.2779649002704
1984,81.4696588058748
1985,71.9848338888889
1986,0
1987,17.0556852490421
1988,0
1989,0
1990,23.653
1991,0
1992,16.9893517241379
1993,0
1994,0
1995,100
1996,0
1997,0.855910344827578
1998,0
1999,0
2000,0
2001,100
2002,166.974817241379
2003,0
2004,6.89655172413794
2005,0
2006,79.8500220689655
2007,9.619
2008,100
2009,100
2010,0.152600000000021
2011,0
2012,0
2013,100
2014,0
2015,0
2016,0
2017,0
2018,0
2019,0
