Time,Soil Water Index with Characteristic Time Length of 15 Days
Jul 2007,53.51209
Jul 2008,38.93145
Jul 2009,43.03225
Jul 2010,44.01209
Jul 2011,44.29032
Jul 2012,47.01612
Jul 2013,45.40322
Jul 2014,38.53629
Jul 2015,35.56048
Jul 2016,45.66128
Jul 2017,39.22177
