Time,EVI
Jul 2000,0.1231382
Jul 2001,0.1382387
Jul 2002,0.1099491
Jul 2003,0.1170679
Jul 2004,0.1017153
Jul 2005,0.1235677
Jul 2006,0.1398636
Jul 2007,0.1659634
Jul 2008,0.1152007
Jul 2009,0.1059574
Jul 2010,0.1134582
Jul 2011,0.1745712
Jul 2012,0.1585164
Jul 2013,0.1439802
Jul 2014,0.1174965
Jul 2015,0.1360693
Jul 2016,0.1506817
Jul 2017,0.1187861
Jul 2018,0.1373751
Jul 2019,0.1501952
