Time,Soil Water Index with Characteristic Time Length of 15 Days
Oct 2007,6.915323
Oct 2008,6.177418
Oct 2009,4.298387
Oct 2010,7.830646
Oct 2011,6.862901
Oct 2012,5.951612
Oct 2013,8.963711
Oct 2014,10.45968
Oct 2015,5.266129
Oct 2016,8.592741
Oct 2017,8.778225
