Time,EVI
Oct 2000,0.2253047
Oct 2001,0.2292057
Oct 2002,0.1830637
Oct 2003,0.2078977
Oct 2004,0.1969167
Oct 2005,0.2147172
Oct 2006,0.2395379
Oct 2007,0.2379162
Oct 2008,0.1868483
Oct 2009,0.1678906
Oct 2010,0.2219238
Oct 2011,0.2544753
Oct 2012,0.198975
Oct 2013,0.2272411
Oct 2014,0.2565095
Oct 2015,0.1887118
Oct 2016,0.2048867
Oct 2017,0.2425523
Oct 2018,0.2401949
Oct 2019,0.2411623
