"year","SWI"
2007,17.48233
2008,11.77864
2009,14.40628
2010,14.02415
2011,13.65833
2012,15.17293
2013,14.3892
2014,13.89117
2015,11.93575
2016,15.20062
2017,13.52616
