Time,EVI
Aug 2000,0.2655441
Aug 2001,0.295635
Aug 2002,0.2213676
Aug 2003,0.2592876
Aug 2004,0.2308613
Aug 2005,0.241062
Aug 2006,0.2345306
Aug 2007,0.2945059
Aug 2008,0.2059841
Aug 2009,0.2222671
Aug 2010,0.253531
Aug 2011,0.229984
Aug 2012,0.2770245
Aug 2013,0.2676696
Aug 2014,0.2492506
Aug 2015,0.2110711
Aug 2016,0.2883466
Aug 2017,0.2373911
Aug 2018,0.2689109
Aug 2019,0.2528293
