Time,EVI
Oct 2000,0.260287
Oct 2001,0.2543994
Oct 2002,0.2039044
Oct 2003,0.2251867
Oct 2004,0.1899368
Oct 2005,0.2104303
Oct 2006,0.2186591
Oct 2007,0.2329812
Oct 2008,0.2027641
Oct 2009,0.2032967
Oct 2010,0.2383473
Oct 2011,0.2507911
Oct 2012,0.2150169
Oct 2013,0.2048731
Oct 2014,0.2511572
Oct 2015,0.1845161
Oct 2016,0.2324384
Oct 2017,0.2421165
Oct 2018,0.2427113
Oct 2019,0.2385489
