"year","SWI"
2007,1.762844
2008,1.890243
2009,1.725819
2010,1.780289
2011,1.604252
2012,2.482221
2013,2.530524
2014,3.459178
2015,2.374812
2016,2.312505
2017,2.928465
