Time,Soil Water Index with Characteristic Time Length of 15 Days
Jul 2007,29.20967
Jul 2008,23.23387
Jul 2009,27.8629
Jul 2010,22.78226
Jul 2011,25.55645
Jul 2012,29.53226
Jul 2013,25.49194
Jul 2014,27.24193
Jul 2015,21.12096
Jul 2016,28.79032
Jul 2017,24.66129
