Time,EVI
Jul 2000,0.2190798
Jul 2001,0.2677482
Jul 2002,0.2179615
Jul 2003,0.1841844
Jul 2004,0.1997096
Jul 2005,0.2111629
Jul 2006,0.2111685
Jul 2007,0.2240233
Jul 2008,0.1950713
Jul 2009,0.1672838
Jul 2010,0.1808938
Jul 2011,0.2203492
Jul 2012,0.2018102
Jul 2013,0.2017305
Jul 2014,0.2121854
Jul 2015,0.211355
Jul 2016,0.1980193
Jul 2017,0.2385297
Jul 2018,0.1803741
Jul 2019,0.2542509
