Time,EVI
Oct 2000,0.2278422
Oct 2001,0.2236585
Oct 2002,0.1876047
Oct 2003,0.2334712
Oct 2004,0.2059242
Oct 2005,0.2211943
Oct 2006,0.2075451
Oct 2007,0.2239005
Oct 2008,0.2184487
Oct 2009,0.219372
Oct 2010,0.2218356
Oct 2011,0.2130515
Oct 2012,0.2077271
Oct 2013,0.2243831
Oct 2014,0.2433454
Oct 2015,0.2060502
Oct 2016,0.2334577
Oct 2017,0.2212797
Oct 2018,0.2430206
Oct 2019,0.2336001
