Time,Soil Water Index with Characteristic Time Length of 15 Days
Oct 2007,3.782257
Oct 2008,2.709678
Oct 2009,1.895161
Oct 2010,4.798387
Oct 2011,4.66129
Oct 2012,3.467741
Oct 2013,4.55645
Oct 2014,5.741935
Oct 2015,3.483871
Oct 2016,4.983871
Oct 2017,4.475807
