"Harvest Year","Payout"
1983,0
1984,100.049332258065
1985,0
1986,0
1987,0
1988,0
1989,0
1990,157.271433225806
1991,0
1992,87.807345
1993,0
1994,0
1995,0
1996,0
1997,0
1998,0
1999,0
2000,14.4841870967742
2001,0
2002,55.0077096774194
2003,0
2004,62.5180387096774
2005,0
2006,0
2007,20.34687
2008,0
2009,0
2010,46.7418935483871
2011,0
2012,0
2013,89.3406193548387
2014,0
2015,58.2072
2016,0
2017,0
2018,0
2019,0
