Time,EVI
Jul 2000,0.1704344
Jul 2001,0.1856506
Jul 2002,0.1482312
Jul 2003,0.1720535
Jul 2004,0.1485461
Jul 2005,0.1740623
Jul 2006,0.1570581
Jul 2007,0.1987364
Jul 2008,0.08986805
Jul 2009,0.0997026
Jul 2010,0.1495115
Jul 2011,0.1186324
Jul 2012,0.1459774
Jul 2013,0.1085555
Jul 2014,0.146329
Jul 2015,0.1324519
Jul 2016,0.1702392
Jul 2017,0.1749461
Jul 2018,0.1577789
Jul 2019,0.1983794
