Time,Soil Water Index with Characteristic Time Length of 15 Days
Oct 2007,16.23387
Oct 2008,16.49193
Oct 2009,9.112902
Oct 2010,22.61291
Oct 2011,12.03226
Oct 2012,20.1129
Oct 2013,24.54838
Oct 2014,40.26612
Oct 2015,11.49194
Oct 2016,22.91129
Oct 2017,30.62096
