Time,EVI
Oct 2000,0.3851993
Oct 2001,0.3593239
Oct 2002,0.2934051
Oct 2003,0.3259417
Oct 2004,0.2177642
Oct 2005,0.2684219
Oct 2006,0.3059662
Oct 2007,0.3418384
Oct 2008,0.2892358
Oct 2009,0.1304533
Oct 2010,0.3258914
Oct 2011,0.3444366
Oct 2012,0.32732
Oct 2013,0.253633
Oct 2014,0.4026144
Oct 2015,0.143526
Oct 2016,0.2546734
Oct 2017,0.3712386
Oct 2018,0.3618967
Oct 2019,0.3336137
