"Harvest Year","Payout"
1983,23.8442059368051
1984,0
1985,37.3487532828283
1986,0
1987,0
1988,0
1989,3.53082613636361
1990,0
1991,0
1992,60.7103090909091
1993,0
1994,0
1995,0
1996,0
1997,0
1998,0
1999,0
2000,0
2001,5.04696060606061
2002,0
2003,0
2004,9.09090909090908
2005,44.8307272727273
2006,0
2007,0
2008,0
2009,25.9461363636364
2010,0
2011,0
2012,9.09090909090908
2013,14.7491909090909
2014,0
2015,68.7369363636364
2016,0
2017,100
2018,0
2019,0
