Time,EVI
Jul 2000,0.2222257
Jul 2001,0.2703864
Jul 2002,0.2752634
Jul 2003,0.2204514
Jul 2004,0.2140203
Jul 2005,0.1886373
Jul 2006,0.2714436
Jul 2007,0.2729821
Jul 2008,0.277373
Jul 2009,0.1566278
Jul 2010,0.2571326
Jul 2011,0.2914385
Jul 2012,0.2040666
Jul 2013,0.2070394
Jul 2014,0.287133
Jul 2015,0.2647426
Jul 2016,0.2109421
Jul 2017,0.2752831
Jul 2018,0.2304388
Jul 2019,0.3036633
