Time,EVI
Oct 2000,0.3342203
Oct 2001,0.3118683
Oct 2002,0.2662713
Oct 2003,0.3275894
Oct 2004,0.3341508
Oct 2005,0.3024235
Oct 2006,0.3057244
Oct 2007,0.2785202
Oct 2008,0.2943797
Oct 2009,0.3307595
Oct 2010,0.2914651
Oct 2011,0.3024051
Oct 2012,0.3215348
Oct 2013,0.3210803
Oct 2014,0.3126369
Oct 2015,0.2806436
Oct 2016,0.2956578
Oct 2017,0.2986515
Oct 2018,0.321005
Oct 2019,0.3473749
