Time,EVI
Jul 2000,0.166553
Jul 2001,0.2341234
Jul 2002,0.1587597
Jul 2003,0.1560851
Jul 2004,0.1548746
Jul 2005,0.1950829
Jul 2006,0.1848374
Jul 2007,0.2071168
Jul 2008,0.1831266
Jul 2009,0.1642333
Jul 2010,0.1451381
Jul 2011,0.1888257
Jul 2012,0.1778071
Jul 2013,0.1777379
Jul 2014,0.1846223
Jul 2015,0.1708978
Jul 2016,0.1845252
Jul 2017,0.1709135
Jul 2018,0.1614998
Jul 2019,0.1980433
