Time,Soil Water Index with Characteristic Time Length of 15 Days
Jul 2007,32.23387
Jul 2008,25.23387
Jul 2009,29.32258
Jul 2010,24.1371
Jul 2011,28.02419
Jul 2012,32.54032
Jul 2013,27.3871
Jul 2014,29.07258
Jul 2015,22.23387
Jul 2016,31.41129
Jul 2017,26.69355
