Time,EVI
Oct 2000,0.2870408
Oct 2001,0.2442708
Oct 2002,0.2223376
Oct 2003,0.2599552
Oct 2004,0.2063069
Oct 2005,0.2240058
Oct 2006,0.2383968
Oct 2007,0.2388706
Oct 2008,0.2535787
Oct 2009,0.2342576
Oct 2010,0.2552319
Oct 2011,0.2627366
Oct 2012,0.2379737
Oct 2013,0.2763736
Oct 2014,0.2826288
Oct 2015,0.2270304
Oct 2016,0.2427864
Oct 2017,0.2523539
Oct 2018,0.2639399
Oct 2019,0.2711889
