Time,Soil Water Index with Characteristic Time Length of 15 Days
Oct 2007,4.040321
Oct 2008,2.879032
Oct 2009,1.903226
Oct 2010,4.629032
Oct 2011,4.830646
Oct 2012,3.693548
Oct 2013,4.822581
Oct 2014,5.766129
Oct 2015,3.443548
Oct 2016,5.354838
Oct 2017,4.846775
