Time,EVI
Jul 2000,0.2143849
Jul 2001,0.2853414
Jul 2002,0.2781152
Jul 2003,0.2142391
Jul 2004,0.1672181
Jul 2005,0.178863
Jul 2006,0.2328278
Jul 2007,0.2297372
Jul 2008,0.3110217
Jul 2009,0.1963151
Jul 2010,0.2515576
Jul 2011,0.2884125
Jul 2012,0.229832
Jul 2013,0.2753759
Jul 2014,0.2832409
Jul 2015,0.2720744
Jul 2016,0.2285812
Jul 2017,0.2548421
Jul 2018,0.2328678
Jul 2019,0.293964
