Time,EVI
Oct 2000,0.2751969
Oct 2001,0.2331606
Oct 2002,0.2196189
Oct 2003,0.2693056
Oct 2004,0.2412165
Oct 2005,0.2472157
Oct 2006,0.2394727
Oct 2007,0.2394804
Oct 2008,0.2204721
Oct 2009,0.2537077
Oct 2010,0.2129327
Oct 2011,0.2328789
Oct 2012,0.2332822
Oct 2013,0.2385884
Oct 2014,0.2644799
Oct 2015,0.2343083
Oct 2016,0.20962
Oct 2017,0.2248248
Oct 2018,0.2214995
Oct 2019,0.2589888
