Time,Soil Water Index with Characteristic Time Length of 15 Days
Jul 2007,28.06451
Jul 2008,23.24193
Jul 2009,27.01612
Jul 2010,22.20967
Jul 2011,23.88709
Jul 2012,29.08064
Jul 2013,25.22581
Jul 2014,26.14516
Jul 2015,20.69355
Jul 2016,27.49999
Jul 2017,23.51613
