Time,EVI
Jul 2000,0.1594748
Jul 2001,0.1954836
Jul 2002,0.1608001
Jul 2003,0.1251888
Jul 2004,0.120369
Jul 2005,0.1421761
Jul 2006,0.1392959
Jul 2007,0.1800982
Jul 2008,0.150658
Jul 2009,0.1246091
Jul 2010,0.1288565
Jul 2011,0.1674179
Jul 2012,0.1877172
Jul 2013,0.1677267
Jul 2014,0.1433962
Jul 2015,0.1371151
Jul 2016,0.1703897
Jul 2017,0.1663458
Jul 2018,0.1415796
Jul 2019,0.1766506
