Time,EVI
Oct 2000,0.2045738
Oct 2001,0.193914
Oct 2002,0.1380728
Oct 2003,0.1860571
Oct 2004,0.1530086
Oct 2005,0.166271
Oct 2006,0.1687746
Oct 2007,0.1749491
Oct 2008,0.1631742
Oct 2009,0.1736361
Oct 2010,0.1894788
Oct 2011,0.2005208
Oct 2012,0.1845122
Oct 2013,0.1820072
Oct 2014,0.2129657
Oct 2015,0.1744702
Oct 2016,0.1884287
Oct 2017,0.1842521
Oct 2018,0.2040843
Oct 2019,0.1976515
