Time,EVI
Jul 2000,0.1877923
Jul 2001,0.2742138
Jul 2002,0.2219428
Jul 2003,0.2074842
Jul 2004,0.2101411
Jul 2005,0.2253377
Jul 2006,0.1885336
Jul 2007,0.2339756
Jul 2008,0.2194362
Jul 2009,0.1317257
Jul 2010,0.2113385
Jul 2011,0.1773102
Jul 2012,0.1852289
Jul 2013,0.2038063
Jul 2014,0.1828188
Jul 2015,0.1435769
Jul 2016,0.1903945
Jul 2017,0.2048848
Jul 2018,0.14546
Jul 2019,0.2439381
