Time,EVI
Oct 2000,0.2075597
Oct 2001,0.25555
Oct 2002,0.1758038
Oct 2003,0.2288206
Oct 2004,0.2072264
Oct 2005,0.2181766
Oct 2006,0.2214599
Oct 2007,0.2293784
Oct 2008,0.1815366
Oct 2009,0.1987438
Oct 2010,0.1992496
Oct 2011,0.2082132
Oct 2012,0.2023187
Oct 2013,0.2020611
Oct 2014,0.217876
Oct 2015,0.1533057
Oct 2016,0.1877357
Oct 2017,0.2030033
Oct 2018,0.2088104
Oct 2019,0.2234447
