Time,Soil Water Index with Characteristic Time Length of 15 Days
Jul 2007,33.37499
Jul 2008,23.29032
Jul 2009,27.22984
Jul 2010,24.32258
Jul 2011,24.53226
Jul 2012,29.21774
Jul 2013,23.07661
Jul 2014,27.25
Jul 2015,22.31855
Jul 2016,28.35484
Jul 2017,23.22177
