Time,EVI
Jul 2000,0.2131015
Jul 2001,0.2217372
Jul 2002,0.1746545
Jul 2003,0.1776412
Jul 2004,0.1674547
Jul 2005,0.218561
Jul 2006,0.1765441
Jul 2007,0.2294187
Jul 2008,0.1994
Jul 2009,0.1325884
Jul 2010,0.1463542
Jul 2011,0.2479804
Jul 2012,0.2083303
Jul 2013,0.1776458
Jul 2014,0.2146695
Jul 2015,0.1714733
Jul 2016,0.1873243
Jul 2017,0.2324593
Jul 2018,0.1805584
Jul 2019,0.2215326
