Time,EVI
Oct 2000,0.2699296
Oct 2001,0.2268445
Oct 2002,0.2100303
Oct 2003,0.2344299
Oct 2004,0.2132087
Oct 2005,0.2260617
Oct 2006,0.2414396
Oct 2007,0.2377214
Oct 2008,0.242364
Oct 2009,0.2372073
Oct 2010,0.267767
Oct 2011,0.2604708
Oct 2012,0.2636621
Oct 2013,0.2316914
Oct 2014,0.2982578
Oct 2015,0.2269928
Oct 2016,0.2587217
Oct 2017,0.240251
Oct 2018,0.2749012
Oct 2019,0.2592416
