Time,Soil Water Index with Characteristic Time Length of 15 Days
Oct 2007,4.153226
Oct 2008,3.084677
Oct 2009,2.540322
Oct 2010,5.004032
Oct 2011,4.512096
Oct 2012,4.661289
Oct 2013,3.717742
Oct 2014,6.528225
Oct 2015,2.875
Oct 2016,6.584679
Oct 2017,4.57258
