"Harvest Year","Payout"
1983,8.90072082399622
1984,17.1296457142857
1985,0
1986,0
1987,94.8362069219955
1988,100
1989,138.773848571429
1990,100
1991,0
1992,100
1993,0
1994,0
1995,100
1996,0
1997,0
1998,0
1999,100
2000,0
2001,100
2002,156.645337142857
2003,49.1619865714286
2004,100
2005,100
2006,2.32749571428572
2007,100
2008,100
2009,100
2010,100
2011,0
2012,48.5714285714286
2013,100
2014,0
2015,0
2016,0
2017,100
2018,100
2019,142.814457142857
