Time,EVI
Jul 2000,0.1464472
Jul 2001,0.2126863
Jul 2002,0.1780779
Jul 2003,0.1559191
Jul 2004,0.1374048
Jul 2005,0.1607573
Jul 2006,0.1430568
Jul 2007,0.1542946
Jul 2008,0.1755726
Jul 2009,0.1024337
Jul 2010,0.1584634
Jul 2011,0.177845
Jul 2012,0.1717962
Jul 2013,0.1557504
Jul 2014,0.1824417
Jul 2015,0.1811821
Jul 2016,0.1616434
Jul 2017,0.2107543
Jul 2018,0.1693378
Jul 2019,0.1966399
