Time,Soil Water Index with Characteristic Time Length of 15 Days
Oct 2007,10.29839
Oct 2008,5.653225
Oct 2009,5.629032
Oct 2010,11.80645
Oct 2011,9.137097
Oct 2012,8.790322
Oct 2013,10.62097
Oct 2014,11.70161
Oct 2015,6.459677
Oct 2016,10.10484
Oct 2017,10.1371
