Time,EVI
Oct 2000,0.2709462
Oct 2001,0.2148454
Oct 2002,0.1911784
Oct 2003,0.2345214
Oct 2004,0.1922987
Oct 2005,0.2053641
Oct 2006,0.2239622
Oct 2007,0.2172589
Oct 2008,0.1974955
Oct 2009,0.2080721
Oct 2010,0.2219087
Oct 2011,0.2264379
Oct 2012,0.2266113
Oct 2013,0.2474307
Oct 2014,0.2534634
Oct 2015,0.2216284
Oct 2016,0.2279624
Oct 2017,0.2168676
Oct 2018,0.2414704
Oct 2019,0.2492139
