"year","SWI"
2007,69.36936
2008,49.20672
2009,54.80835
2010,50.40759
2011,50.97468
2012,61.76435
2013,58.61958
2014,43.08472
2015,38.28953
2016,60.92731
2017,53.9797
