Time,EVI
Oct 2000,0.3236
Oct 2001,0.2792081
Oct 2002,0.2724989
Oct 2003,0.2618671
Oct 2004,0.2384621
Oct 2005,0.2570854
Oct 2006,0.2648497
Oct 2007,0.2721474
Oct 2008,0.2792107
Oct 2009,0.2562194
Oct 2010,0.280162
Oct 2011,0.2802564
Oct 2012,0.2624486
Oct 2013,0.2661927
Oct 2014,0.3253127
Oct 2015,0.2354792
Oct 2016,0.2489903
Oct 2017,0.2727019
Oct 2018,0.2777286
Oct 2019,0.2758896
