"year","SWI"
2007,14.12391
2008,13.70085
2009,7.475022
2010,14.81225
2011,10.8749
2012,13.09547
2013,20.87953
2014,26.03854
2015,10.71389
2016,17.85511
2017,20.97414
