"Harvest Year","Payout"
1983,46.5834669135802
1984,200
1985,100
1986,5.5159888888889
1987,176.861437477954
1988,100
1989,100
1990,100
1991,0
1992,145.094402222222
1993,100
1994,100
1995,100
1996,0
1997,0
1998,100
1999,0
2000,100
2001,0
2002,100
2003,100
2004,30.5122466666667
2005,0
2006,100
2007,0
2008,0
2009,114.805197777778
2010,100
2011,100
2012,0
2013,100
2014,100
2015,200
2016,100
2017,100
2018,0
2019,100
