Time,EVI
Jul 2000,0.1777884
Jul 2001,0.1926089
Jul 2002,0.150722
Jul 2003,0.1856489
Jul 2004,0.2095787
Jul 2005,0.1780703
Jul 2006,0.1574335
Jul 2007,0.190785
Jul 2008,0.1452569
Jul 2009,0.1515981
Jul 2010,0.1686483
Jul 2011,0.1431644
Jul 2012,0.1565289
Jul 2013,0.15103
Jul 2014,0.1430431
Jul 2015,0.1338998
Jul 2016,0.1570174
Jul 2017,0.1414646
Jul 2018,0.1539308
Jul 2019,0.1943842
