Time,Soil Water Index with Characteristic Time Length of 15 Days
Jul 2007,37.80644
Jul 2008,27.4516
Jul 2009,30.19355
Jul 2010,24.0
Jul 2011,24.79032
Jul 2012,30.33871
Jul 2013,27.33871
Jul 2014,26.93548
Jul 2015,20.12903
Jul 2016,27.83871
Jul 2017,23.19355
