Time,EVI
Oct 2000,0.185247
Oct 2001,0.2210858
Oct 2002,0.1391011
Oct 2003,0.1757762
Oct 2004,0.1488534
Oct 2005,0.1841394
Oct 2006,0.1820243
Oct 2007,0.2100289
Oct 2008,0.1694996
Oct 2009,0.1762115
Oct 2010,0.1989865
Oct 2011,0.1826904
Oct 2012,0.1684951
Oct 2013,0.1749274
Oct 2014,0.2168847
Oct 2015,0.1403911
Oct 2016,0.1677107
Oct 2017,0.1626732
Oct 2018,0.2070012
Oct 2019,0.1837907
