Time,Soil Water Index with Characteristic Time Length of 15 Days
Oct 2007,8.983871
Oct 2008,5.790322
Oct 2009,5.387095
Oct 2010,7.580644
Oct 2011,5.30645
Oct 2012,5.725806
Oct 2013,4.806452
Oct 2014,6.370967
Oct 2015,6.016129
Oct 2016,4.774194
Oct 2017,6.80645
