"Harvest Year","Payout"
1983,16.4991057275542
1984,14.7380552631579
1985,100
1986,0
1987,134.844394794277
1988,0
1989,0
1990,126.315789473684
1991,0
1992,185.316607894737
1993,49.4706894736842
1994,0
1995,100
1996,0
1997,0
1998,0
1999,0
2000,0
2001,0
2002,0
2003,0
2004,17.0436
2005,0
2006,0
2007,0
2008,0
2009,0
2010,0
2011,0
2012,7.72169210526316
2013,100
2014,100
2015,25.7140684210526
2016,0
2017,100
2018,0
2019,0
