"Harvest Year","Payout"
1983,46.7991575892857
1984,0
1985,0
1986,0
1987,72.1550401680672
1988,0
1989,0
1990,13.2507235294118
1991,0
1992,137.538085294118
1993,9.42094117647058
1994,0
1995,33.4111980640688
1996,0
1997,0
1998,0
1999,32.73200625
2000,8.79226875000001
2001,0
2002,0
2003,0
2004,67.5858628676471
2005,0
2006,0
2007,0
2008,0
2009,0
2010,50.300437867647
2011,0
2012,0
2013,11.680225
2014,0
2015,0
2016,2.76566874999999
2017,0
2018,0
2019,22.5341823529412
