Time,EVI
Jul 2000,0.1573202
Jul 2001,0.200647
Jul 2002,0.1574308
Jul 2003,0.196622
Jul 2004,0.2065435
Jul 2005,0.1978997
Jul 2006,0.2206888
Jul 2007,0.2043042
Jul 2008,0.1915754
Jul 2009,0.1436174
Jul 2010,0.169052
Jul 2011,0.2018446
Jul 2012,0.2222043
Jul 2013,0.3020288
Jul 2014,0.1676385
Jul 2015,0.2910236
Jul 2016,0.2190516
Jul 2017,0.1915513
Jul 2018,0.2107355
Jul 2019,0.1854667
