Time,Soil Water Index with Characteristic Time Length of 15 Days
Jul 2007,68.87903
Jul 2008,44.10482
Jul 2009,52.79032
Jul 2010,50.01613
Jul 2011,52.76613
Jul 2012,55.85484
Jul 2013,55.93548
Jul 2014,43.70968
Jul 2015,44.00806
Jul 2016,57.23387
Jul 2017,47.20967
