Time,Soil Water Index with Characteristic Time Length of 15 Days
Oct 2007,9.749999
Oct 2008,9.701611
Oct 2009,7.838711
Oct 2010,11.58871
Oct 2011,10.66129
Oct 2012,8.524192
Oct 2013,18.09677
Oct 2014,22.31451
Oct 2015,10.59677
Oct 2016,14.20161
Oct 2017,16.76613
