Time,EVI
Oct 2000,0.3922107
Oct 2001,0.2930341
Oct 2002,0.3362369
Oct 2003,0.3010629
Oct 2004,0.2912231
Oct 2005,0.3275136
Oct 2006,0.3237425
Oct 2007,0.3351022
Oct 2008,0.3130798
Oct 2009,0.3505971
Oct 2010,0.3347135
Oct 2011,0.3663865
Oct 2012,0.299116
Oct 2013,0.3464828
Oct 2014,0.3976971
Oct 2015,0.3070099
Oct 2016,0.3111383
Oct 2017,0.3288666
Oct 2018,0.3223133
Oct 2019,0.359566
