Time,Soil Water Index with Characteristic Time Length of 15 Days
Jul 2007,39.8871
Jul 2008,32.7258
Jul 2009,33.24194
Jul 2010,34.91936
Jul 2011,28.95161
Jul 2012,37.14516
Jul 2013,28.41935
Jul 2014,37.32258
Jul 2015,29.17742
Jul 2016,36.03226
Jul 2017,33.67742
