Time,EVI
Jul 2000,0.1931403
Jul 2001,0.2241428
Jul 2002,0.1666129
Jul 2003,0.164294
Jul 2004,0.2026355
Jul 2005,0.1759718
Jul 2006,0.1845344
Jul 2007,0.2112811
Jul 2008,0.1822358
Jul 2009,0.1648766
Jul 2010,0.1617104
Jul 2011,0.2012803
Jul 2012,0.2104426
Jul 2013,0.185059
Jul 2014,0.2087025
Jul 2015,0.1677519
Jul 2016,0.2166924
Jul 2017,0.2207463
Jul 2018,0.2036502
Jul 2019,0.2326914
