Time,EVI
Oct 2000,0.2829497
Oct 2001,0.2496319
Oct 2002,0.2326647
Oct 2003,0.2840425
Oct 2004,0.2627475
Oct 2005,0.2600775
Oct 2006,0.2544108
Oct 2007,0.2531547
Oct 2008,0.2743571
Oct 2009,0.2513964
Oct 2010,0.2829455
Oct 2011,0.2738041
Oct 2012,0.2645583
Oct 2013,0.2831744
Oct 2014,0.2901358
Oct 2015,0.2758828
Oct 2016,0.2808321
Oct 2017,0.2486017
Oct 2018,0.2848061
Oct 2019,0.2856916
