Time,Soil Water Index with Characteristic Time Length of 15 Days
Oct 2007,5.161291
Oct 2008,5.0
Oct 2009,2.451613
Oct 2010,8.338709
Oct 2011,5.709677
Oct 2012,5.870968
Oct 2013,7.112901
Oct 2014,11.85484
Oct 2015,5.225806
Oct 2016,8.274193
Oct 2017,6.499999
