Time,Soil Water Index with Characteristic Time Length of 15 Days
Jul 2007,34.97581
Jul 2008,30.08871
Jul 2009,30.1008
Jul 2010,33.4879
Jul 2011,24.78226
Jul 2012,34.28226
Jul 2013,24.79839
Jul 2014,34.95968
Jul 2015,25.96773
Jul 2016,31.33065
Jul 2017,29.8629
