Time,EVI
Jul 2000,0.2068075
Jul 2001,0.2441838
Jul 2002,0.1947994
Jul 2003,0.168045
Jul 2004,0.1828767
Jul 2005,0.200736
Jul 2006,0.2011251
Jul 2007,0.202879
Jul 2008,0.1920692
Jul 2009,0.1728567
Jul 2010,0.1897601
Jul 2011,0.1999502
Jul 2012,0.1974928
Jul 2013,0.1956996
Jul 2014,0.21918
Jul 2015,0.1829356
Jul 2016,0.2002334
Jul 2017,0.2389578
Jul 2018,0.2058167
Jul 2019,0.2358742
