Time,Soil Water Index with Characteristic Time Length of 15 Days
Oct 2007,5.580644
Oct 2008,5.024193
Oct 2009,2.427419
Oct 2010,8.657258
Oct 2011,6.28629
Oct 2012,5.584678
Oct 2013,7.504033
Oct 2014,12.79435
Oct 2015,5.58871
Oct 2016,9.459677
Oct 2017,7.137097
