Time,EVI
Oct 2000,0.247629
Oct 2001,0.2505981
Oct 2002,0.2366222
Oct 2003,0.2523199
Oct 2004,0.2526283
Oct 2005,0.2394526
Oct 2006,0.2353419
Oct 2007,0.2388629
Oct 2008,0.2595583
Oct 2009,0.2451514
Oct 2010,0.2501283
Oct 2011,0.2520011
Oct 2012,0.2566004
Oct 2013,0.2700149
Oct 2014,0.2906383
Oct 2015,0.2654336
Oct 2016,0.2701243
Oct 2017,0.2464782
Oct 2018,0.2666394
Oct 2019,0.2725796
