Time,EVI
Jul 2000,0.2291354
Jul 2001,0.3073217
Jul 2002,0.2141536
Jul 2003,0.2523845
Jul 2004,0.2315857
Jul 2005,0.1829498
Jul 2006,0.2122843
Jul 2007,0.3081779
Jul 2008,0.2206901
Jul 2009,0.2002647
Jul 2010,0.1259011
Jul 2011,0.1659445
Jul 2012,0.1613144
Jul 2013,0.2364141
Jul 2014,0.1564734
Jul 2015,0.1150719
Jul 2016,0.2231393
Jul 2017,0.1698938
Jul 2018,0.179711
Jul 2019,0.1735897
