Time,EVI
Oct 2000,0.2102202
Oct 2001,0.2331455
Oct 2002,0.1683739
Oct 2003,0.2340117
Oct 2004,0.1792817
Oct 2005,0.1629111
Oct 2006,0.2045015
Oct 2007,0.2461651
Oct 2008,0.2143325
Oct 2009,0.2089378
Oct 2010,0.2333603
Oct 2011,0.2109517
Oct 2012,0.1813732
Oct 2013,0.202972
Oct 2014,0.2640541
Oct 2015,0.1872258
Oct 2016,0.2191009
Oct 2017,0.2202865
Oct 2018,0.2359253
Oct 2019,0.2223445
