Time,Soil Water Index with Characteristic Time Length of 15 Days
Oct 2007,15.75
Oct 2008,8.951613
Oct 2009,5.008065
Oct 2010,18.82258
Oct 2011,13.37097
Oct 2012,9.620969
Oct 2013,23.46774
Oct 2014,20.32258
Oct 2015,13.33871
Oct 2016,23.75806
Oct 2017,15.95968
