Time,Soil Water Index with Characteristic Time Length of 15 Days
Jul 2007,80.87902
Jul 2008,70.00807
Jul 2009,65.06855
Jul 2010,64.81451
Jul 2011,70.55241
Jul 2012,76.95564
Jul 2013,77.24999
Jul 2014,65.95966
Jul 2015,62.40725
Jul 2016,73.63307
Jul 2017,69.0
