Time,EVI
Jul 2000,0.3099258
Jul 2001,0.3426711
Jul 2002,0.3412807
Jul 2003,0.2398956
Jul 2004,0.3049482
Jul 2005,0.2224101
Jul 2006,0.3196416
Jul 2007,0.2965851
Jul 2008,0.3795295
Jul 2009,0.2218581
Jul 2010,0.3652551
Jul 2011,0.3828427
Jul 2012,0.2564425
Jul 2013,0.295422
Jul 2014,0.3643092
Jul 2015,0.407279
Jul 2016,0.2849334
Jul 2017,0.3478688
Jul 2018,0.2737762
Jul 2019,0.3565227
