Time,EVI
Oct 2000,0.3822375
Oct 2001,0.326861
Oct 2002,0.3325092
Oct 2003,0.3693444
Oct 2004,0.3402092
Oct 2005,0.3321245
Oct 2006,0.3056498
Oct 2007,0.3066559
Oct 2008,0.2899744
Oct 2009,0.356044
Oct 2010,0.2753424
Oct 2011,0.2901917
Oct 2012,0.3351346
Oct 2013,0.328631
Oct 2014,0.3337466
Oct 2015,0.3080975
Oct 2016,0.3129697
Oct 2017,0.2907354
Oct 2018,0.3284529
Oct 2019,0.3857659
