Time,Soil Water Index with Characteristic Time Length of 15 Days
Oct 2007,16.0242
Oct 2008,17.83468
Oct 2009,14.16936
Oct 2010,19.60081
Oct 2011,19.79032
Oct 2012,19.35887
Oct 2013,26.70564
Oct 2014,35.625
Oct 2015,20.39919
Oct 2016,22.55645
Oct 2017,22.55645
