Time,EVI
Jul 2000,0.1910391
Jul 2001,0.2534133
Jul 2002,0.1756162
Jul 2003,0.2351153
Jul 2004,0.197452
Jul 2005,0.1531714
Jul 2006,0.2020167
Jul 2007,0.2461608
Jul 2008,0.2040661
Jul 2009,0.1650268
Jul 2010,0.1368717
Jul 2011,0.2421698
Jul 2012,0.1786983
Jul 2013,0.15451
Jul 2014,0.2066149
Jul 2015,0.238634
Jul 2016,0.2398877
Jul 2017,0.2156907
Jul 2018,0.2367353
Jul 2019,0.272672
