Time,EVI
Oct 2000,0.3431506
Oct 2001,0.2782736
Oct 2002,0.2532392
Oct 2003,0.3386809
Oct 2004,0.3058734
Oct 2005,0.3139611
Oct 2006,0.2988622
Oct 2007,0.2862957
Oct 2008,0.2791986
Oct 2009,0.317874
Oct 2010,0.2969672
Oct 2011,0.3005894
Oct 2012,0.2807412
Oct 2013,0.3145932
Oct 2014,0.3307985
Oct 2015,0.2757306
Oct 2016,0.2843171
Oct 2017,0.2996527
Oct 2018,0.2851734
Oct 2019,0.3137352
