Time,Soil Water Index with Characteristic Time Length of 15 Days
Oct 2007,21.69355
Oct 2008,18.20967
Oct 2009,22.64516
Oct 2010,23.16129
Oct 2011,22.77419
Oct 2012,17.58064
Oct 2013,31.01613
Oct 2014,28.37096
Oct 2015,20.17742
Oct 2016,29.09678
Oct 2017,30.62903
