Time,EVI
Jul 2000,0.2399517
Jul 2001,0.298064
Jul 2002,0.2096566
Jul 2003,0.3098224
Jul 2004,0.2054778
Jul 2005,0.2740535
Jul 2006,0.198511
Jul 2007,0.2924836
Jul 2008,0.2027307
Jul 2009,0.2128666
Jul 2010,0.1954855
Jul 2011,0.2706632
Jul 2012,0.2261299
Jul 2013,0.2848749
Jul 2014,0.1627104
Jul 2015,0.1871291
Jul 2016,0.2768991
Jul 2017,0.3054107
Jul 2018,0.3038127
Jul 2019,0.2327115
