Time,Soil Water Index with Characteristic Time Length of 15 Days
Jul 2007,72.35484
Jul 2008,59.33065
Jul 2009,64.46774
Jul 2010,56.53226
Jul 2011,58.1129
Jul 2012,72.04838
Jul 2013,67.62096
Jul 2014,53.79032
Jul 2015,50.39516
Jul 2016,66.40323
Jul 2017,59.96774
