Time,EVI
Oct 2000,0.4060161
Oct 2001,0.3363847
Oct 2002,0.2575612
Oct 2003,0.3074904
Oct 2004,0.3220602
Oct 2005,0.3294401
Oct 2006,0.3186072
Oct 2007,0.316635
Oct 2008,0.3602276
Oct 2009,0.365494
Oct 2010,0.3574284
Oct 2011,0.3034115
Oct 2012,0.3324973
Oct 2013,0.3398873
Oct 2014,0.3723807
Oct 2015,0.2601041
Oct 2016,0.2983036
Oct 2017,0.3786052
Oct 2018,0.3346205
Oct 2019,0.3592004
