"Harvest Year","Payout"
1983,0
1984,70.396209312678
1985,100
1986,0
1987,0
1988,95.9607916666667
1989,0
1990,113.382687179487
1991,0
1992,26.1063897435897
1993,0
1994,0
1995,0
1996,0
1997,0
1998,0
1999,14.7683416666667
2000,0
2001,0
2002,7.80201025641024
2003,6.7002717948718
2004,0
2005,0
2006,16.0879487179487
2007,0
2008,80.8820166666667
2009,0
2010,0
2011,6.86861794871794
2012,0
2013,74.4000833333333
2014,27.9716666666667
2015,82.6948282051282
2016,0
2017,0
2018,0
2019,0
