Time,Soil Water Index with Characteristic Time Length of 15 Days
Jul 2007,77.84677
Jul 2008,59.06451
Jul 2009,65.57256
Jul 2010,58.90322
Jul 2011,59.29839
Jul 2012,70.59676
Jul 2013,67.63709
Jul 2014,52.70161
Jul 2015,46.10483
Jul 2016,70.1371
Jul 2017,62.54839
