Time,EVI
Jul 2000,0.2114899
Jul 2001,0.1413902
Jul 2002,0.153175
Jul 2003,0.223516
Jul 2004,0.1833174
Jul 2005,0.2568177
Jul 2006,0.238964
Jul 2007,0.2571759
Jul 2008,0.1563113
Jul 2009,0.1861225
Jul 2010,0.1733039
Jul 2011,0.1758482
Jul 2012,0.2460062
Jul 2013,0.2261925
Jul 2014,0.1496215
Jul 2015,0.1142977
Jul 2016,0.2433601
Jul 2017,0.218998
Jul 2018,0.1707906
Jul 2019,0.2119331
