Time,Soil Water Index with Characteristic Time Length of 15 Days
Oct 2007,14.16129
Oct 2008,8.951612
Oct 2009,5.548386
Oct 2010,12.14516
Oct 2011,9.741935
Oct 2012,11.02419
Oct 2013,17.50807
Oct 2014,14.6129
Oct 2015,8.217742
Oct 2016,15.34677
Oct 2017,15.45161
