Time,EVI
Oct 2000,0.270425
Oct 2001,0.2684906
Oct 2002,0.2346851
Oct 2003,0.258924
Oct 2004,0.21826
Oct 2005,0.235115
Oct 2006,0.2654268
Oct 2007,0.2643697
Oct 2008,0.2534524
Oct 2009,0.2662332
Oct 2010,0.282092
Oct 2011,0.2552755
Oct 2012,0.2646914
Oct 2013,0.257843
Oct 2014,0.3012701
Oct 2015,0.2221869
Oct 2016,0.2366442
Oct 2017,0.2473153
Oct 2018,0.2789034
Oct 2019,0.2419957
