Time,Soil Water Index with Characteristic Time Length of 15 Days
Jul 2007,58.6129
Jul 2008,33.96774
Jul 2009,44.58065
Jul 2010,41.16129
Jul 2011,43.33871
Jul 2012,43.54032
Jul 2013,45.3629
Jul 2014,36.28226
Jul 2015,37.25001
Jul 2016,47.27418
Jul 2017,37.87096
