"Harvest Year","Payout"
1983,24.7718029411764
1984,0
1985,82.7814555555555
1986,0
1987,0
1988,100
1989,121.313816666667
1990,100
1991,0
1992,0
1993,0
1994,0
1995,0
1996,0
1997,0
1998,0
1999,73.920325
2000,0
2001,100
2002,38.0163875
2003,0
2004,45.1268208333333
2005,1.82701666666667
2006,13.707675
2007,0
2008,0
2009,0
2010,20.8061125
2011,37.4607916666667
2012,0
2013,0
2014,16.2959
2015,100
2016,0
2017,100
2018,0
2019,61.9883333333333
