Time,EVI
Jul 2000,0.2102665
Jul 2001,0.2525162
Jul 2002,0.2270946
Jul 2003,0.2355447
Jul 2004,0.1836634
Jul 2005,0.2249638
Jul 2006,0.2219862
Jul 2007,0.3201113
Jul 2008,0.2219521
Jul 2009,0.1300159
Jul 2010,0.1217071
Jul 2011,0.2086055
Jul 2012,0.1980862
Jul 2013,0.2200944
Jul 2014,0.1696729
Jul 2015,0.1542014
Jul 2016,0.174466
Jul 2017,0.215531
Jul 2018,0.1943845
Jul 2019,0.1761029
