Time,Soil Water Index with Characteristic Time Length of 15 Days
Jul 2007,82.01612
Jul 2008,70.62904
Jul 2009,67.96774
Jul 2010,65.58871
Jul 2011,72.83064
Jul 2012,75.21774
Jul 2013,77.43549
Jul 2014,63.70967
Jul 2015,58.06452
Jul 2016,76.09676
Jul 2017,70.59677
