Time,EVI
Oct 2000,0.2160839
Oct 2001,0.2112569
Oct 2002,0.155483
Oct 2003,0.2187406
Oct 2004,0.1713445
Oct 2005,0.1536711
Oct 2006,0.1882893
Oct 2007,0.2158594
Oct 2008,0.1854283
Oct 2009,0.1872862
Oct 2010,0.1942147
Oct 2011,0.1844825
Oct 2012,0.1773786
Oct 2013,0.1888013
Oct 2014,0.2282718
Oct 2015,0.1800874
Oct 2016,0.1950963
Oct 2017,0.1968261
Oct 2018,0.2016879
Oct 2019,0.219689
