Time,Soil Water Index with Characteristic Time Length of 15 Days
Oct 2007,14.00806
Oct 2008,8.35484
Oct 2009,6.32258
Oct 2010,16.34678
Oct 2011,10.96774
Oct 2012,9.983871
Oct 2013,19.25
Oct 2014,23.0
Oct 2015,13.50806
Oct 2016,15.33065
Oct 2017,12.18548
