Time,EVI
Jul 2000,0.1855216
Jul 2001,0.2521935
Jul 2002,0.2895424
Jul 2003,0.2166444
Jul 2004,0.2086499
Jul 2005,0.2177476
Jul 2006,0.1644058
Jul 2007,0.2839141
Jul 2008,0.2636384
Jul 2009,0.1609705
Jul 2010,0.08630779
Jul 2011,0.3015654
Jul 2012,0.2333432
Jul 2013,0.2750522
Jul 2014,0.187002
Jul 2015,0.1806197
Jul 2016,0.1765818
Jul 2017,0.2336261
Jul 2018,0.2079245
Jul 2019,0.2513715
