Time,Soil Water Index with Characteristic Time Length of 15 Days
Jul 2007,80.08065
Jul 2008,69.16934
Jul 2009,64.03226
Jul 2010,63.70161
Jul 2011,68.43548
Jul 2012,73.53226
Jul 2013,76.33871
Jul 2014,62.07257
Jul 2015,57.80644
Jul 2016,72.14516
Jul 2017,67.66935
