Time,EVI
Oct 2000,0.2245758
Oct 2001,0.2098519
Oct 2002,0.1538841
Oct 2003,0.2296053
Oct 2004,0.1997763
Oct 2005,0.1963185
Oct 2006,0.1944055
Oct 2007,0.2234282
Oct 2008,0.1944482
Oct 2009,0.21156
Oct 2010,0.2068817
Oct 2011,0.2130492
Oct 2012,0.2022993
Oct 2013,0.2040603
Oct 2014,0.2677093
Oct 2015,0.1941477
Oct 2016,0.2037304
Oct 2017,0.2197199
Oct 2018,0.2250107
Oct 2019,0.2229715
