Time,Soil Water Index with Characteristic Time Length of 15 Days
Oct 2007,11.62097
Oct 2008,8.524193
Oct 2009,6.774191
Oct 2010,13.54839
Oct 2011,10.73387
Oct 2012,10.73387
Oct 2013,16.7742
Oct 2014,25.3871
Oct 2015,12.83871
Oct 2016,13.29839
Oct 2017,11.85484
