"Harvest Year","Payout"
1983,24.8438243923611
1984,28.4310478125
1985,0
1986,0
1987,87.6302854419643
1988,100
1989,100
1990,100
1991,0
1992,139.225540625
1993,0
1994,0
1995,100
1996,0
1997,0
1998,0
1999,100
2000,10.01785
2001,100
2002,155.309446875
2003,42.0468075
2004,2.014641875
2005,100
2006,0
2007,100
2008,0
2009,100
2010,0
2011,0
2012,0
2013,100
2014,0
2015,0
2016,0
2017,0
2018,0
2019,104.388209375
