Time,EVI
Jul 2000,0.1338362
Jul 2001,0.1633943
Jul 2002,0.1339135
Jul 2003,0.1251484
Jul 2004,0.1378842
Jul 2005,0.1375558
Jul 2006,0.1361354
Jul 2007,0.1394928
Jul 2008,0.1317834
Jul 2009,0.1080319
Jul 2010,0.1452649
Jul 2011,0.1674377
Jul 2012,0.146592
Jul 2013,0.1430342
Jul 2014,0.1694222
Jul 2015,0.1498685
Jul 2016,0.1473774
Jul 2017,0.1730914
Jul 2018,0.1403061
Jul 2019,0.1872415
