Time,Soil Water Index with Characteristic Time Length of 15 Days
Jul 2007,58.00806
Jul 2008,43.83063
Jul 2009,45.3387
Jul 2010,45.78226
Jul 2011,51.39919
Jul 2012,54.27822
Jul 2013,46.22178
Jul 2014,46.76612
Jul 2015,34.48387
Jul 2016,52.75806
Jul 2017,45.82662
