Time,Soil Water Index with Characteristic Time Length of 15 Days
Oct 2007,13.47177
Oct 2008,6.814515
Oct 2009,6.495968
Oct 2010,15.41129
Oct 2011,11.87097
Oct 2012,11.58467
Oct 2013,12.66532
Oct 2014,13.63307
Oct 2015,7.169354
Oct 2016,13.43952
Oct 2017,13.0121
