Time,EVI
Oct 2000,0.2211713
Oct 2001,0.194785
Oct 2002,0.1618925
Oct 2003,0.1927661
Oct 2004,0.1685285
Oct 2005,0.1721738
Oct 2006,0.191659
Oct 2007,0.1946314
Oct 2008,0.1815915
Oct 2009,0.1759848
Oct 2010,0.193918
Oct 2011,0.2090995
Oct 2012,0.1987828
Oct 2013,0.199343
Oct 2014,0.2212096
Oct 2015,0.1854264
Oct 2016,0.212105
Oct 2017,0.2093219
Oct 2018,0.218546
Oct 2019,0.2189223
