Time,EVI
Jul 2000,0.1881681
Jul 2001,0.1995341
Jul 2002,0.1443358
Jul 2003,0.1676046
Jul 2004,0.1665763
Jul 2005,0.191609
Jul 2006,0.2129105
Jul 2007,0.214563
Jul 2008,0.1992426
Jul 2009,0.1469251
Jul 2010,0.1568452
Jul 2011,0.2115852
Jul 2012,0.1948983
Jul 2013,0.2034943
Jul 2014,0.1900849
Jul 2015,0.1739916
Jul 2016,0.1871681
Jul 2017,0.2013135
Jul 2018,0.1906472
Jul 2019,0.2170413
