Time,Soil Water Index with Characteristic Time Length of 15 Days
Jul 2007,36.73388
Jul 2008,28.90726
Jul 2009,32.41129
Jul 2010,28.83871
Jul 2011,27.82258
Jul 2012,34.625
Jul 2013,28.11291
Jul 2014,32.89516
Jul 2015,27.40726
Jul 2016,32.97177
Jul 2017,28.73387
