Time,EVI
Oct 2000,0.3098911
Oct 2001,0.2565446
Oct 2002,0.238277
Oct 2003,0.2676494
Oct 2004,0.2546301
Oct 2005,0.2753469
Oct 2006,0.2572318
Oct 2007,0.2621741
Oct 2008,0.2647565
Oct 2009,0.2662664
Oct 2010,0.2867352
Oct 2011,0.2812641
Oct 2012,0.2800383
Oct 2013,0.2520427
Oct 2014,0.3185388
Oct 2015,0.2556181
Oct 2016,0.2843351
Oct 2017,0.2584006
Oct 2018,0.3077086
Oct 2019,0.2781692
