Time,Soil Water Index with Characteristic Time Length of 15 Days
Oct 2007,4.709677
Oct 2008,3.778225
Oct 2009,2.411291
Oct 2010,6.407258
Oct 2011,5.633064
Oct 2012,5.830644
Oct 2013,4.987903
Oct 2014,8.576613
Oct 2015,4.395161
Oct 2016,7.999998
Oct 2017,5.709677
