"Harvest Year","Payout"
1983,32.4490796546547
1984,0.0886351351351351
1985,0
1986,0
1987,83.9105166023166
1988,0
1989,100
1990,0
1991,0
1992,124.788324324324
1993,132.432432432432
1994,0
1995,115.136329064779
1996,0
1997,0
1998,100
1999,0
2000,0
2001,6.52788648648648
2002,1.80133513513513
2003,0
2004,36.9960081081081
2005,0
2006,100
2007,0
2008,0
2009,0
2010,100
2011,100
2012,0
2013,0
2014,100
2015,24.9744972972973
2016,0
2017,0
2018,0
2019,0
