"Harvest Year","Payout"
1983,117.964128886239
1984,200
1985,100
1986,108.79010508744
1987,179.993371381381
1988,100
1989,100
1990,100
1991,0
1992,132.87212972973
1993,100
1994,100
1995,100
1996,0
1997,0
1998,100
1999,100
2000,100
2001,0
2002,100
2003,0
2004,100.697245945946
2005,100
2006,100
2007,0
2008,0
2009,100
2010,100
2011,100
2012,100
2013,100
2014,145.945945945946
2015,193.946275675676
2016,100
2017,100
2018,0
2019,103.419816216216
