Time,Soil Water Index with Characteristic Time Length of 15 Days
Jul 2007,56.95161
Jul 2008,47.0
Jul 2009,48.33871
Jul 2010,49.3871
Jul 2011,52.93549
Jul 2012,57.51613
Jul 2013,47.58064
Jul 2014,49.17741
Jul 2015,40.74194
Jul 2016,54.14516
Jul 2017,46.04839
