Time,EVI
Jul 2000,0.1612962
Jul 2001,0.2183832
Jul 2002,0.1598427
Jul 2003,0.1563818
Jul 2004,0.1688103
Jul 2005,0.165021
Jul 2006,0.1755073
Jul 2007,0.1889723
Jul 2008,0.1762172
Jul 2009,0.1221164
Jul 2010,0.1554653
Jul 2011,0.175458
Jul 2012,0.1712822
Jul 2013,0.1676403
Jul 2014,0.177219
Jul 2015,0.1831914
Jul 2016,0.1731305
Jul 2017,0.1731983
Jul 2018,0.1655348
Jul 2019,0.1781525
