Time,EVI
Oct 2000,0.2579703
Oct 2001,0.2318176
Oct 2002,0.1906847
Oct 2003,0.2130386
Oct 2004,0.2165499
Oct 2005,0.2193159
Oct 2006,0.2264187
Oct 2007,0.2135738
Oct 2008,0.1925172
Oct 2009,0.2116148
Oct 2010,0.2134768
Oct 2011,0.2354552
Oct 2012,0.217445
Oct 2013,0.2314909
Oct 2014,0.2514464
Oct 2015,0.2013969
Oct 2016,0.2161822
Oct 2017,0.2081682
Oct 2018,0.2264612
Oct 2019,0.2368897
