Time,Soil Water Index with Characteristic Time Length of 15 Days
Oct 2007,9.225806
Oct 2008,6.387095
Oct 2009,5.080645
Oct 2010,11.08064
Oct 2011,9.435483
Oct 2012,8.032256
Oct 2013,9.983872
Oct 2014,10.8871
Oct 2015,6.629031
Oct 2016,10.96774
Oct 2017,10.27419
