Time,EVI
Jul 2000,0.1339711
Jul 2001,0.1584272
Jul 2002,0.1339572
Jul 2003,0.1362973
Jul 2004,0.1323985
Jul 2005,0.1586224
Jul 2006,0.1139539
Jul 2007,0.1388655
Jul 2008,0.127713
Jul 2009,0.1045499
Jul 2010,0.1170122
Jul 2011,0.1458511
Jul 2012,0.1196263
Jul 2013,0.1405882
Jul 2014,0.1304644
Jul 2015,0.1503173
Jul 2016,0.1763623
Jul 2017,0.1460546
Jul 2018,0.1684635
Jul 2019,0.1501086
