Time,Soil Water Index with Characteristic Time Length of 15 Days
Jul 2007,74.16129
Jul 2008,61.37097
Jul 2009,65.20161
Jul 2010,58.97581
Jul 2011,61.79032
Jul 2012,73.58871
Jul 2013,70.10484
Jul 2014,56.68547
Jul 2015,53.64516
Jul 2016,68.40321
Jul 2017,61.53225
