Time,Soil Water Index with Characteristic Time Length of 15 Days
Oct 2007,16.28226
Oct 2008,15.18548
Oct 2009,15.93548
Oct 2010,16.91936
Oct 2011,13.29032
Oct 2012,16.70968
Oct 2013,21.66936
Oct 2014,20.75
Oct 2015,14.53225
Oct 2016,19.6129
Oct 2017,20.8871
