Time,EVI
Oct 2000,0.2859111
Oct 2001,0.2500397
Oct 2002,0.2633868
Oct 2003,0.2869473
Oct 2004,0.2968042
Oct 2005,0.2545126
Oct 2006,0.2804188
Oct 2007,0.2712652
Oct 2008,0.2671034
Oct 2009,0.2869442
Oct 2010,0.2907099
Oct 2011,0.3055234
Oct 2012,0.308371
Oct 2013,0.3284969
Oct 2014,0.3654995
Oct 2015,0.3703546
Oct 2016,0.3583131
Oct 2017,0.3441311
Oct 2018,0.3104504
Oct 2019,0.3463396
