Time,Soil Water Index with Characteristic Time Length of 15 Days
Jul 2007,33.82661
Jul 2008,25.57258
Jul 2009,29.77822
Jul 2010,26.47178
Jul 2011,28.60887
Jul 2012,33.36694
Jul 2013,30.31049
Jul 2014,29.7621
Jul 2015,25.38306
Jul 2016,32.5
Jul 2017,28.60081
