Time,EVI
Jul 2000,0.1634279
Jul 2001,0.2168669
Jul 2002,0.1647974
Jul 2003,0.1438079
Jul 2004,0.1520868
Jul 2005,0.1495824
Jul 2006,0.1763947
Jul 2007,0.2187
Jul 2008,0.1501468
Jul 2009,0.1337489
Jul 2010,0.1670775
Jul 2011,0.1831296
Jul 2012,0.1767012
Jul 2013,0.1884813
Jul 2014,0.1637376
Jul 2015,0.1454986
Jul 2016,0.197103
Jul 2017,0.1809046
Jul 2018,0.1730396
Jul 2019,0.2017595
