Time,EVI
Oct 2000,0.2476338
Oct 2001,0.2520239
Oct 2002,0.1977769
Oct 2003,0.2214742
Oct 2004,0.1950807
Oct 2005,0.2024467
Oct 2006,0.2221935
Oct 2007,0.2358465
Oct 2008,0.2151321
Oct 2009,0.2017967
Oct 2010,0.251949
Oct 2011,0.2496889
Oct 2012,0.2404762
Oct 2013,0.2106792
Oct 2014,0.2654391
Oct 2015,0.1517648
Oct 2016,0.2261763
Oct 2017,0.2390068
Oct 2018,0.2398828
Oct 2019,0.1981462
