Time,Soil Water Index with Characteristic Time Length of 15 Days
Oct 2007,4.544354
Oct 2008,3.032258
Oct 2009,2.064516
Oct 2010,4.786291
Oct 2011,4.758064
Oct 2012,4.512095
Oct 2013,4.435483
Oct 2014,6.85887
Oct 2015,4.685483
Oct 2016,7.947579
Oct 2017,8.758064
