Time,EVI
Jul 2000,0.2471662
Jul 2001,0.3058024
Jul 2002,0.2487929
Jul 2003,0.2145805
Jul 2004,0.2223942
Jul 2005,0.2544877
Jul 2006,0.2581041
Jul 2007,0.2997653
Jul 2008,0.3153276
Jul 2009,0.1899275
Jul 2010,0.2982041
Jul 2011,0.2845741
Jul 2012,0.2770361
Jul 2013,0.249672
Jul 2014,0.3147064
Jul 2015,0.2702945
Jul 2016,0.2945545
Jul 2017,0.2577176
Jul 2018,0.1858381
Jul 2019,0.2390314
