Time,Soil Water Index with Characteristic Time Length of 15 Days
Jul 2007,32.58871
Jul 2008,27.54838
Jul 2009,31.93549
Jul 2010,28.71774
Jul 2011,27.50807
Jul 2012,31.79839
Jul 2013,28.16129
Jul 2014,32.45161
Jul 2015,27.3629
Jul 2016,32.12903
Jul 2017,28.57258
