Time,EVI
Oct 2000,0.2635047
Oct 2001,0.260763
Oct 2002,0.2202247
Oct 2003,0.2874315
Oct 2004,0.2679301
Oct 2005,0.2487284
Oct 2006,0.2639842
Oct 2007,0.2670419
Oct 2008,0.268359
Oct 2009,0.2707218
Oct 2010,0.2563419
Oct 2011,0.2587457
Oct 2012,0.2526045
Oct 2013,0.2704531
Oct 2014,0.2842175
Oct 2015,0.2500115
Oct 2016,0.2647451
Oct 2017,0.255496
Oct 2018,0.2689866
Oct 2019,0.2542329
