Time,Soil Water Index with Characteristic Time Length of 15 Days
Oct 2007,4.427419
Oct 2008,4.137097
Oct 2009,2.491935
Oct 2010,6.717741
Oct 2011,5.225806
Oct 2012,5.048388
Oct 2013,5.838709
Oct 2014,9.790323
Oct 2015,4.483871
Oct 2016,6.346774
Oct 2017,5.419354
