Time,EVI
Jul 2000,0.22955
Jul 2001,0.2513327
Jul 2002,0.1848168
Jul 2003,0.1756377
Jul 2004,0.1897365
Jul 2005,0.1746946
Jul 2006,0.1798715
Jul 2007,0.2561867
Jul 2008,0.1925713
Jul 2009,0.1757412
Jul 2010,0.1906767
Jul 2011,0.1991778
Jul 2012,0.2022017
Jul 2013,0.2376323
Jul 2014,0.1925158
Jul 2015,0.1728825
Jul 2016,0.1982913
Jul 2017,0.1810111
Jul 2018,0.2086082
Jul 2019,0.213417
