Time,EVI
Oct 2000,0.2503062
Oct 2001,0.2456561
Oct 2002,0.2072821
Oct 2003,0.2270937
Oct 2004,0.2103528
Oct 2005,0.2148274
Oct 2006,0.2435371
Oct 2007,0.246076
Oct 2008,0.236697
Oct 2009,0.2140237
Oct 2010,0.2461218
Oct 2011,0.2541195
Oct 2012,0.244296
Oct 2013,0.2246987
Oct 2014,0.2534278
Oct 2015,0.1927358
Oct 2016,0.2301627
Oct 2017,0.2417652
Oct 2018,0.238824
Oct 2019,0.2388419
