Time,Soil Water Index with Characteristic Time Length of 15 Days
Oct 2007,4.669354
Oct 2008,3.842741
Oct 2009,2.419355
Oct 2010,6.532259
Oct 2011,6.088711
Oct 2012,5.169355
Oct 2013,5.705645
Oct 2014,8.205646
Oct 2015,5.604838
Oct 2016,6.620968
Oct 2017,5.955645
