"Harvest Year","Payout"
1983,10.1151941911765
1984,36.3298166666667
1985,0
1986,0
1987,0
1988,0
1989,100
1990,13.8888888888889
1991,0
1992,100
1993,0
1994,0
1995,100
1996,0
1997,8.15495555555556
1998,0
1999,100
2000,0
2001,100
2002,187.425441666667
2003,57.6774616666667
2004,1.95203888888889
2005,0
2006,35.5105455555556
2007,100
2008,0
2009,100
2010,100
2011,0
2012,0
2013,100
2014,0
2015,0
2016,0
2017,0
2018,0
2019,0
