"Harvest Year","Payout"
1983,12.7662864186851
1984,27.5525579411765
1985,0
1986,0
1987,90.2999633039216
1988,100
1989,120.042902941176
1990,100
1991,0
1992,100
1993,0
1994,0
1995,100
1996,0
1997,0
1998,0
1999,100
2000,0
2001,100
2002,175.439729411765
2003,31.3651829411765
2004,100.540465
2005,100
2006,34.7070352941176
2007,100
2008,100
2009,100
2010,100
2011,0
2012,0
2013,100
2014,0
2015,0
2016,0
2017,100
2018,0
2019,132.952261764706
