"Harvest Year","Payout"
1983,30.7260593558929
1984,100
1985,100
1986,0
1987,50.3689357526882
1988,100
1989,100
1990,100
1991,27.8483870967742
1992,100
1993,0
1994,100
1995,100
1996,0
1997,0
1998,0
1999,100
2000,0
2001,100
2002,184.710890322581
2003,35.1763225806452
2004,0
2005,0
2006,80.6451612903226
2007,100
2008,0
2009,100
2010,100
2011,0
2012,0
2013,100
2014,100
2015,0
2016,0
2017,100
2018,0
2019,0
