Time,EVI
Jul 2000,0.249609
Jul 2001,0.2757936
Jul 2002,0.3093585
Jul 2003,0.2348198
Jul 2004,0.2829144
Jul 2005,0.1978651
Jul 2006,0.2276821
Jul 2007,0.2671863
Jul 2008,0.3280181
Jul 2009,0.1767456
Jul 2010,0.2676604
Jul 2011,0.3176482
Jul 2012,0.2125807
Jul 2013,0.2708911
Jul 2014,0.2583212
Jul 2015,0.2454773
Jul 2016,0.2362185
Jul 2017,0.2585419
Jul 2018,0.2513577
Jul 2019,0.3062851
