Time,EVI
Oct 2000,0.3381701
Oct 2001,0.29298
Oct 2002,0.255613
Oct 2003,0.3144729
Oct 2004,0.2843052
Oct 2005,0.2969743
Oct 2006,0.2913295
Oct 2007,0.2813916
Oct 2008,0.2459566
Oct 2009,0.2938374
Oct 2010,0.2871759
Oct 2011,0.2847999
Oct 2012,0.3049945
Oct 2013,0.2989739
Oct 2014,0.3083027
Oct 2015,0.2619491
Oct 2016,0.2562962
Oct 2017,0.2693414
Oct 2018,0.2668806
Oct 2019,0.3107325
