"Harvest Year","Payout"
1983,27.6631518886967
1984,7.31460294117646
1985,0
1986,0
1987,81.8963898319328
1988,0
1989,0
1990,9.73660882352939
1991,0
1992,118.710876470588
1993,26.4705882352941
1994,0
1995,49.2749768513484
1996,0
1997,0
1998,100
1999,0
2000,0
2001,0
2002,0
2003,37.1138
2004,13.29795
2005,0
2006,126.470588235294
2007,0
2008,0
2009,0
2010,100
2011,100
2012,0
2013,0
2014,100
2015,0
2016,0
2017,0
2018,0
2019,0
