Time,EVI
Aug 2000,0.3356311
Aug 2001,0.3643158
Aug 2002,0.3479255
Aug 2003,0.3616919
Aug 2004,0.3450495
Aug 2005,0.3452111
Aug 2006,0.33065
Aug 2007,0.3492259
Aug 2008,0.326933
Aug 2009,0.3154845
Aug 2010,0.3159874
Aug 2011,0.3160406
Aug 2012,0.3359522
Aug 2013,0.3386315
Aug 2014,0.3274567
Aug 2015,0.327776
Aug 2016,0.3385845
Aug 2017,0.3300493
Aug 2018,0.3344685
Aug 2019,0.3357822
