"year","SWI"
2007,31.13021
2008,26.90373
2009,31.2626
2010,27.96428
2011,26.71276
2012,31.09352
2013,27.50265
2014,31.58779
2015,25.94305
2016,31.27844
2017,27.57331
