Time,EVI
Oct 2000,0.261305
Oct 2001,0.2478143
Oct 2002,0.2025726
Oct 2003,0.2655154
Oct 2004,0.2377995
Oct 2005,0.2293511
Oct 2006,0.2371645
Oct 2007,0.2416264
Oct 2008,0.2415316
Oct 2009,0.2390197
Oct 2010,0.239943
Oct 2011,0.2457612
Oct 2012,0.2335198
Oct 2013,0.2498763
Oct 2014,0.2730481
Oct 2015,0.2400537
Oct 2016,0.2464466
Oct 2017,0.2375567
Oct 2018,0.2580066
Oct 2019,0.2527056
