"year","SWI"
2007,4.487354
2008,4.064752
2009,2.684836
2010,6.658477
2011,5.583904
2012,4.97486
2013,5.974808
2014,9.359956
2015,4.506351
2016,6.267212
2017,5.33398
