Time,Soil Water Index with Characteristic Time Length of 15 Days
Jul 2007,76.98386
Jul 2008,68.0645
Jul 2009,69.51613
Jul 2010,63.22581
Jul 2011,67.82257
Jul 2012,76.62903
Jul 2013,73.88708
Jul 2014,60.87096
Jul 2015,59.7258
Jul 2016,72.32258
Jul 2017,64.58064
