Time,EVI
Jul 2000,0.2133458
Jul 2001,0.2060563
Jul 2002,0.1900053
Jul 2003,0.1683639
Jul 2004,0.1986791
Jul 2005,0.1840807
Jul 2006,0.1575326
Jul 2007,0.1974816
Jul 2008,0.1796177
Jul 2009,0.1317703
Jul 2010,0.2183852
Jul 2011,0.2393746
Jul 2012,0.1493496
Jul 2013,0.2060217
Jul 2014,0.1771166
Jul 2015,0.2567604
Jul 2016,0.2110925
Jul 2017,0.2641703
Jul 2018,0.2473274
Jul 2019,0.2050906
