Time,EVI
Oct 2000,0.3876813
Oct 2001,0.3080651
Oct 2002,0.3212197
Oct 2003,0.3901692
Oct 2004,0.4110208
Oct 2005,0.3455539
Oct 2006,0.3454123
Oct 2007,0.3278056
Oct 2008,0.3360114
Oct 2009,0.3610821
Oct 2010,0.3542811
Oct 2011,0.3283125
Oct 2012,0.337009
Oct 2013,0.3413703
Oct 2014,0.3629201
Oct 2015,0.3625213
Oct 2016,0.3333976
Oct 2017,0.3550345
Oct 2018,0.3360471
Oct 2019,0.3588895
