Time,Soil Water Index with Characteristic Time Length of 15 Days
Oct 2007,18.69354
Oct 2008,17.33871
Oct 2009,17.25807
Oct 2010,18.83871
Oct 2011,15.53225
Oct 2012,20.62903
Oct 2013,24.09677
Oct 2014,24.01612
Oct 2015,15.30645
Oct 2016,20.64515
Oct 2017,22.6129
