"year","SWI"
2007,74.1487
2008,62.85811
2009,62.95384
2010,59.9224
2011,63.1665
2012,69.0131
2013,69.28703
2014,52.98176
2015,50.99055
2016,70.44193
2017,63.04142
