Time,EVI
Oct 2000,0.2942803
Oct 2001,0.2465937
Oct 2002,0.2274161
Oct 2003,0.2709949
Oct 2004,0.2498186
Oct 2005,0.2531257
Oct 2006,0.2585494
Oct 2007,0.2450466
Oct 2008,0.25015
Oct 2009,0.2816051
Oct 2010,0.2584609
Oct 2011,0.25656
Oct 2012,0.2432389
Oct 2013,0.2801381
Oct 2014,0.2849876
Oct 2015,0.2222652
Oct 2016,0.2436146
Oct 2017,0.2601662
Oct 2018,0.2508247
Oct 2019,0.2702766
