"year","SWI"
2007,20.88545
2008,18.36519
2009,22.41611
2010,22.53364
2011,21.87716
2012,17.99901
2013,30.34509
2014,26.88965
2015,19.33484
2016,27.76017
2017,29.49098
