Time,EVI
Jul 2000,0.1847281
Jul 2001,0.2113472
Jul 2002,0.192795
Jul 2003,0.1770107
Jul 2004,0.1886347
Jul 2005,0.1987232
Jul 2006,0.1700103
Jul 2007,0.201519
Jul 2008,0.2025899
Jul 2009,0.1380719
Jul 2010,0.1634223
Jul 2011,0.1923622
Jul 2012,0.1705225
Jul 2013,0.1940691
Jul 2014,0.1957963
Jul 2015,0.1804865
Jul 2016,0.1972283
Jul 2017,0.1907768
Jul 2018,0.1741616
Jul 2019,0.2136322
