Time,Soil Water Index with Characteristic Time Length of 15 Days
Oct 2007,5.354839
Oct 2008,3.677419
Oct 2009,3.225806
Oct 2010,5.967741
Oct 2011,6.354838
Oct 2012,5.0
Oct 2013,6.451612
Oct 2014,6.693548
Oct 2015,4.854838
Oct 2016,6.016128
Oct 2017,5.870967
