Time,EVI
Oct 2000,0.2191058
Oct 2001,0.2247639
Oct 2002,0.1640966
Oct 2003,0.2260279
Oct 2004,0.2046403
Oct 2005,0.2129117
Oct 2006,0.2162802
Oct 2007,0.219917
Oct 2008,0.2087119
Oct 2009,0.2105892
Oct 2010,0.213843
Oct 2011,0.2314765
Oct 2012,0.2200422
Oct 2013,0.2511024
Oct 2014,0.2570756
Oct 2015,0.2015122
Oct 2016,0.2238311
Oct 2017,0.2121168
Oct 2018,0.2366015
Oct 2019,0.2228619
