Time,EVI
Aug 2000,0.3311649
Aug 2001,0.3482784
Aug 2002,0.3580749
Aug 2003,0.3501152
Aug 2004,0.3649927
Aug 2005,0.3402564
Aug 2006,0.3359635
Aug 2007,0.4014715
Aug 2008,0.3441032
Aug 2009,0.3525342
Aug 2010,0.2979223
Aug 2011,0.3499609
Aug 2012,0.3530647
Aug 2013,0.3421389
Aug 2014,0.3416484
Aug 2015,0.3368365
Aug 2016,0.3252504
Aug 2017,0.3471167
Aug 2018,0.3690977
Aug 2019,0.3499556
