"year","SWI"
2007,80.53691
2008,69.57379
2009,66.9348
2010,69.69614
2011,71.78208
2012,76.909
2013,77.19514
2014,65.58569
2015,61.90712
2016,77.14301
2017,69.36681
