Time,EVI
Oct 2000,0.335571
Oct 2001,0.2835062
Oct 2002,0.2732572
Oct 2003,0.3190283
Oct 2004,0.3067436
Oct 2005,0.3113113
Oct 2006,0.2913702
Oct 2007,0.2743411
Oct 2008,0.2876182
Oct 2009,0.3299222
Oct 2010,0.2920899
Oct 2011,0.2878216
Oct 2012,0.2766743
Oct 2013,0.3122432
Oct 2014,0.3101254
Oct 2015,0.2881444
Oct 2016,0.286422
Oct 2017,0.2914264
Oct 2018,0.2924612
Oct 2019,0.3074623
