"year","SWI"
2007,23.72455
2008,22.07092
2009,25.04203
2010,27.4155
2011,25.07376
2012,21.97578
2013,33.43748
2014,31.62734
2015,26.67047
2016,32.85125
2017,34.35871
