Time,EVI
Jul 2000,0.255006
Jul 2001,0.3072637
Jul 2002,0.2701033
Jul 2003,0.2149352
Jul 2004,0.2614998
Jul 2005,0.2712837
Jul 2006,0.2679615
Jul 2007,0.2722104
Jul 2008,0.2779205
Jul 2009,0.1746958
Jul 2010,0.2925203
Jul 2011,0.306754
Jul 2012,0.2295658
Jul 2013,0.2204087
Jul 2014,0.2896733
Jul 2015,0.2871304
Jul 2016,0.3053125
Jul 2017,0.2896988
Jul 2018,0.2176002
Jul 2019,0.3166232
