Time,EVI
Oct 2000,0.2981595
Oct 2001,0.3038933
Oct 2002,0.2166209
Oct 2003,0.3093884
Oct 2004,0.2768655
Oct 2005,0.2616083
Oct 2006,0.2736391
Oct 2007,0.2800389
Oct 2008,0.2916207
Oct 2009,0.2924314
Oct 2010,0.2886875
Oct 2011,0.2976718
Oct 2012,0.2825398
Oct 2013,0.3266695
Oct 2014,0.339348
Oct 2015,0.2765758
Oct 2016,0.2897255
Oct 2017,0.2946246
Oct 2018,0.3171188
Oct 2019,0.3120326
