"Harvest Year","Payout"
1983,37.982756627451
1984,11.346752
1985,100
1986,0
1987,68.5750933333333
1988,0
1989,100
1990,24
1991,0
1992,104.194488
1993,0
1994,0
1995,100
1996,0
1997,24
1998,0
1999,100
2000,0
2001,100
2002,111.904128
2003,0
2004,6.19818799999999
2005,0
2006,0
2007,100
2008,0
2009,0
2010,0
2011,0
2012,0
2013,0
2014,100
2015,0
2016,0
2017,0
2018,0
2019,56.474472
