"Harvest Year","Payout"
1983,64.7465757328184
1984,193.744151515152
1985,100
1986,9.20788743315509
1987,165.092766125541
1988,100
1989,100
1990,102.211927272727
1991,100
1992,100
1993,100
1994,100
1995,100
1996,0
1997,0
1998,100
1999,100
2000,107.244154545455
2001,0
2002,0
2003,100
2004,166.215609090909
2005,100
2006,100
2007,100
2008,0
2009,100
2010,100
2011,0
2012,0
2013,100
2014,139.393939393939
2015,200
2016,100
2017,0
2018,100
2019,0
