"Harvest Year","Payout"
1983,0
1984,163.888888888889
1985,43.6834489197531
1986,0
1987,0
1988,0
1989,0
1990,171.106075
1991,0
1992,95.89205
1993,0
1994,0
1995,0
1996,0
1997,0
1998,0
1999,14.5583
2000,3.53020277777776
2001,0
2002,31.641625
2003,0.634411111111106
2004,14.3557222222222
2005,0
2006,0
2007,0
2008,6.94117222222222
2009,0
2010,0
2011,0
2012,0
2013,117.023263888889
2014,10.0677055555556
2015,72.4515805555556
2016,0
2017,0
2018,0
2019,0
