Time,Soil Water Index with Characteristic Time Length of 15 Days
Jul 2007,29.75806
Jul 2008,23.46774
Jul 2009,27.82258
Jul 2010,22.56451
Jul 2011,25.66129
Jul 2012,30.48387
Jul 2013,25.93548
Jul 2014,27.37097
Jul 2015,21.0
Jul 2016,29.24193
Jul 2017,24.74194
