Time,EVI
Jul 2000,0.1290503
Jul 2001,0.1998069
Jul 2002,0.1298917
Jul 2003,0.1384605
Jul 2004,0.1060095
Jul 2005,0.170806
Jul 2006,0.1582756
Jul 2007,0.1946314
Jul 2008,0.1576853
Jul 2009,0.1027947
Jul 2010,0.1295865
Jul 2011,0.1521327
Jul 2012,0.1844262
Jul 2013,0.1380215
Jul 2014,0.1413093
Jul 2015,0.1195221
Jul 2016,0.1555474
Jul 2017,0.1710835
Jul 2018,0.1393907
Jul 2019,0.2325028
