Time,EVI
Oct 2000,0.1936116
Oct 2001,0.1901944
Oct 2002,0.1346443
Oct 2003,0.1761916
Oct 2004,0.1722448
Oct 2005,0.1731139
Oct 2006,0.1643157
Oct 2007,0.1807199
Oct 2008,0.1709036
Oct 2009,0.1632986
Oct 2010,0.1870444
Oct 2011,0.1863938
Oct 2012,0.1656972
Oct 2013,0.1874526
Oct 2014,0.2137686
Oct 2015,0.1629762
Oct 2016,0.1660583
Oct 2017,0.1693862
Oct 2018,0.1959283
Oct 2019,0.1902983
