Time,Soil Water Index with Characteristic Time Length of 15 Days
Jul 2007,35.67742
Jul 2008,25.67742
Jul 2009,29.51613
Jul 2010,26.25
Jul 2011,26.37097
Jul 2012,32.19355
Jul 2013,25.87903
Jul 2014,30.08065
Jul 2015,24.46774
Jul 2016,30.87097
Jul 2017,25.81451
