Time,EVI
Jul 2000,0.2017268
Jul 2001,0.237712
Jul 2002,0.210648
Jul 2003,0.1937957
Jul 2004,0.2246152
Jul 2005,0.1938768
Jul 2006,0.1873331
Jul 2007,0.2386524
Jul 2008,0.2036692
Jul 2009,0.1482508
Jul 2010,0.153201
Jul 2011,0.2363328
Jul 2012,0.1905068
Jul 2013,0.1869313
Jul 2014,0.1973424
Jul 2015,0.2096023
Jul 2016,0.2044103
Jul 2017,0.2427723
Jul 2018,0.1939949
Jul 2019,0.2058342
