Time,Soil Water Index with Characteristic Time Length of 15 Days
Oct 2007,4.612903
Oct 2008,3.491934
Oct 2009,2.782258
Oct 2010,5.540322
Oct 2011,5.290324
Oct 2012,5.435484
Oct 2013,4.491935
Oct 2014,7.758065
Oct 2015,3.540322
Oct 2016,7.629031
Oct 2017,5.225808
