Time,EVI
Oct 2000,0.3029807
Oct 2001,0.2282506
Oct 2002,0.2133706
Oct 2003,0.2476389
Oct 2004,0.2292506
Oct 2005,0.237003
Oct 2006,0.2390972
Oct 2007,0.2451181
Oct 2008,0.2463955
Oct 2009,0.2494223
Oct 2010,0.2587163
Oct 2011,0.2662256
Oct 2012,0.2662651
Oct 2013,0.2408501
Oct 2014,0.292162
Oct 2015,0.2389764
Oct 2016,0.2606572
Oct 2017,0.2405195
Oct 2018,0.290798
Oct 2019,0.2610807
