"Harvest Year","Payout"
1983,100
1984,200
1985,100
1986,0
1987,191.200371494253
1988,100
1989,100
1990,100
1991,0
1992,100
1993,0
1994,100
1995,123.069324914357
1996,0
1997,0
1998,100
1999,100
2000,100
2001,0
2002,14.2539586206897
2003,0
2004,114.791510344828
2005,100
2006,100
2007,0
2008,100
2009,100
2010,100
2011,100
2012,0
2013,100
2014,131.034482758621
2015,135.948075862069
2016,0
2017,100
2018,1.39648620689655
2019,124.267889655172
