Time,EVI
Jul 2000,0.1800657
Jul 2001,0.2649426
Jul 2002,0.1939102
Jul 2003,0.2141112
Jul 2004,0.1703439
Jul 2005,0.1868033
Jul 2006,0.1982414
Jul 2007,0.2477561
Jul 2008,0.1988216
Jul 2009,0.1722481
Jul 2010,0.1835737
Jul 2011,0.218514
Jul 2012,0.2320088
Jul 2013,0.2270009
Jul 2014,0.1826434
Jul 2015,0.1963739
Jul 2016,0.20679
Jul 2017,0.2007807
Jul 2018,0.2068354
Jul 2019,0.2184098
