Time,EVI
Oct 2000,0.2616643
Oct 2001,0.230363
Oct 2002,0.2006277
Oct 2003,0.2243494
Oct 2004,0.1996311
Oct 2005,0.2194914
Oct 2006,0.2230957
Oct 2007,0.2246929
Oct 2008,0.2225713
Oct 2009,0.2203634
Oct 2010,0.249665
Oct 2011,0.2410683
Oct 2012,0.2283271
Oct 2013,0.2225868
Oct 2014,0.2525744
Oct 2015,0.210361
Oct 2016,0.2323824
Oct 2017,0.2269546
Oct 2018,0.2510508
Oct 2019,0.2333869
