Time,Soil Water Index with Characteristic Time Length of 15 Days
Jul 2007,74.69356
Jul 2008,62.6129
Jul 2009,62.90322
Jul 2010,60.32258
Jul 2011,63.41935
Jul 2012,68.99193
Jul 2013,68.92742
Jul 2014,53.37096
Jul 2015,51.84677
Jul 2016,70.10484
Jul 2017,64.5
