Time,EVI
Jul 2000,0.1602854
Jul 2001,0.1620937
Jul 2002,0.1083943
Jul 2003,0.1366716
Jul 2004,0.1650422
Jul 2005,0.1546694
Jul 2006,0.1211923
Jul 2007,0.2056329
Jul 2008,0.1517988
Jul 2009,0.1136519
Jul 2010,0.1209958
Jul 2011,0.1831043
Jul 2012,0.1597712
Jul 2013,0.1468062
Jul 2014,0.1735202
Jul 2015,0.1548752
Jul 2016,0.1858453
Jul 2017,0.1509905
Jul 2018,0.2027438
Jul 2019,0.1894117
