Time,EVI
Oct 2000,0.2650222
Oct 2001,0.2275003
Oct 2002,0.2479115
Oct 2003,0.2577122
Oct 2004,0.2537425
Oct 2005,0.2338143
Oct 2006,0.2566687
Oct 2007,0.2502955
Oct 2008,0.2431089
Oct 2009,0.2837057
Oct 2010,0.2520624
Oct 2011,0.2432452
Oct 2012,0.2637777
Oct 2013,0.2789637
Oct 2014,0.2896436
Oct 2015,0.2287659
Oct 2016,0.2466495
Oct 2017,0.276287
Oct 2018,0.2677489
Oct 2019,0.2906836
