Time,Soil Water Index with Characteristic Time Length of 15 Days
Oct 2007,21.31452
Oct 2008,18.87097
Oct 2009,23.16936
Oct 2010,22.66935
Oct 2011,20.91128
Oct 2012,18.79032
Oct 2013,29.63709
Oct 2014,26.10484
Oct 2015,18.47581
Oct 2016,27.39516
Oct 2017,30.24193
