Time,EVI
Jul 2000,0.2126969
Jul 2001,0.2318542
Jul 2002,0.1543006
Jul 2003,0.1911514
Jul 2004,0.211088
Jul 2005,0.181746
Jul 2006,0.2302795
Jul 2007,0.2341747
Jul 2008,0.1934669
Jul 2009,0.156889
Jul 2010,0.1814509
Jul 2011,0.1879506
Jul 2012,0.2217291
Jul 2013,0.1971834
Jul 2014,0.1879931
Jul 2015,0.185135
Jul 2016,0.1900969
Jul 2017,0.2364388
Jul 2018,0.1776318
Jul 2019,0.2026735
