Time,EVI
Oct 2000,0.2435189
Oct 2001,0.2166814
Oct 2002,0.2155509
Oct 2003,0.2408989
Oct 2004,0.2265988
Oct 2005,0.2424376
Oct 2006,0.2341618
Oct 2007,0.2379735
Oct 2008,0.244874
Oct 2009,0.2346578
Oct 2010,0.2566601
Oct 2011,0.268775
Oct 2012,0.2527379
Oct 2013,0.2393327
Oct 2014,0.2741895
Oct 2015,0.2412641
Oct 2016,0.2605241
Oct 2017,0.2399181
Oct 2018,0.2748
Oct 2019,0.2650442
