Time,Soil Water Index with Characteristic Time Length of 15 Days
Oct 2007,4.612903
Oct 2008,3.298387
Oct 2009,2.798387
Oct 2010,5.193548
Oct 2011,5.508064
Oct 2012,5.532257
Oct 2013,4.588709
Oct 2014,7.701612
Oct 2015,3.75
Oct 2016,7.088709
Oct 2017,5.129032
