Time,EVI
Jul 2000,0.1451077
Jul 2001,0.1823795
Jul 2002,0.1595901
Jul 2003,0.1531073
Jul 2004,0.1961908
Jul 2005,0.1934219
Jul 2006,0.1538976
Jul 2007,0.2251826
Jul 2008,0.135892
Jul 2009,0.1734158
Jul 2010,0.1271198
Jul 2011,0.1603362
Jul 2012,0.1831985
Jul 2013,0.1816681
Jul 2014,0.1449401
Jul 2015,0.1614411
Jul 2016,0.1452579
Jul 2017,0.1442661
Jul 2018,0.176076
Jul 2019,0.1405579
