Time,Soil Water Index with Characteristic Time Length of 15 Days
Jul 2007,66.69354
Jul 2008,45.67741
Jul 2009,51.95161
Jul 2010,47.22581
Jul 2011,48.37096
Jul 2012,60.62903
Jul 2013,57.1129
Jul 2014,40.56451
Jul 2015,36.37095
Jul 2016,58.48387
Jul 2017,51.20968
