Time,EVI
Oct 2000,0.2836236
Oct 2001,0.2194605
Oct 2002,0.2152445
Oct 2003,0.2092193
Oct 2004,0.1813985
Oct 2005,0.2084458
Oct 2006,0.2123941
Oct 2007,0.227581
Oct 2008,0.2605659
Oct 2009,0.2043407
Oct 2010,0.2307328
Oct 2011,0.2473952
Oct 2012,0.2222126
Oct 2013,0.2256072
Oct 2014,0.2930536
Oct 2015,0.1976865
Oct 2016,0.196706
Oct 2017,0.2163404
Oct 2018,0.2112157
Oct 2019,0.2299885
