Time,Soil Water Index with Characteristic Time Length of 15 Days
Oct 2007,13.67742
Oct 2008,15.06451
Oct 2009,7.741936
Oct 2010,15.24193
Oct 2011,11.16129
Oct 2012,13.04839
Oct 2013,22.33871
Oct 2014,29.69355
Oct 2015,11.79032
Oct 2016,18.3871
Oct 2017,22.80645
