"Harvest Year","Payout"
1983,0
1984,157.178
1985,40.7593301282051
1986,0
1987,39.8969333833041
1988,16.6380153846154
1989,0
1990,158.886116809117
1991,0
1992,27.7659837606838
1993,0
1994,0
1995,0
1996,0
1997,0
1998,0
1999,29.4158615384615
2000,0
2001,2.25892592592592
2002,20.0208037037037
2003,2.3361
2004,9.51862592592595
2005,0
2006,0
2007,0
2008,24.1594461538461
2009,0
2010,0
2011,0
2012,0
2013,100
2014,2.60825384615384
2015,80.4919638176638
2016,0
2017,0
2018,0
2019,0
