"year","SWI"
2007,27.6308
2008,23.07801
2009,29.00881
2010,24.05852
2011,25.05099
2012,28.4446
2013,25.67395
2014,28.09093
2015,21.59612
2016,28.0017
2017,24.07109
