Time,EVI
Aug 2000,0.3122351
Aug 2001,0.3396254
Aug 2002,0.3168069
Aug 2003,0.3327638
Aug 2004,0.2997794
Aug 2005,0.326754
Aug 2006,0.2893399
Aug 2007,0.336768
Aug 2008,0.2948991
Aug 2009,0.2941401
Aug 2010,0.2750641
Aug 2011,0.2902471
Aug 2012,0.3104115
Aug 2013,0.301302
Aug 2014,0.300864
Aug 2015,0.275397
Aug 2016,0.3043438
Aug 2017,0.2893617
Aug 2018,0.2985094
Aug 2019,0.3056937
