"year","SWI"
2007,4.078543
2008,3.562416
2009,2.995983
2010,5.609541
2011,5.220247
2012,4.274317
2013,4.976839
2014,6.471251
2015,4.204839
2016,4.890025
2017,4.812383
