Time,EVI
Oct 2000,0.2454756
Oct 2001,0.2389425
Oct 2002,0.1835455
Oct 2003,0.2371971
Oct 2004,0.2048471
Oct 2005,0.2175636
Oct 2006,0.2197393
Oct 2007,0.2292492
Oct 2008,0.2123795
Oct 2009,0.2185564
Oct 2010,0.2232412
Oct 2011,0.2302762
Oct 2012,0.2192422
Oct 2013,0.2324148
Oct 2014,0.2590155
Oct 2015,0.2021284
Oct 2016,0.2196432
Oct 2017,0.2184837
Oct 2018,0.2311196
Oct 2019,0.2352901
