Time,EVI
Aug 2000,0.3071087
Aug 2001,0.310831
Aug 2002,0.3181587
Aug 2003,0.3166744
Aug 2004,0.3033091
Aug 2005,0.3204654
Aug 2006,0.3134439
Aug 2007,0.3516104
Aug 2008,0.2870096
Aug 2009,0.3308263
Aug 2010,0.3036684
Aug 2011,0.3213753
Aug 2012,0.3157995
Aug 2013,0.320209
Aug 2014,0.279708
Aug 2015,0.2998616
Aug 2016,0.3298601
Aug 2017,0.3179445
Aug 2018,0.3204702
Aug 2019,0.3002673
