"year","SWI"
2007,70.73216
2008,49.75904
2009,55.16149
2010,53.95757
2011,56.26415
2012,61.07067
2013,58.35288
2014,46.98033
2015,45.1929
2016,60.72062
2017,52.4995
