"year","SWI"
2007,10.58702
2008,9.181077
2009,6.888512
2010,12.28193
2011,12.00006
2012,9.799724
2013,15.41937
2014,18.67006
2015,9.154084
2016,14.94201
2017,15.87415
