Time,EVI
Oct 2000,0.3239806
Oct 2001,0.2838306
Oct 2002,0.2590662
Oct 2003,0.2664729
Oct 2004,0.2361309
Oct 2005,0.2490074
Oct 2006,0.2785023
Oct 2007,0.272771
Oct 2008,0.2429336
Oct 2009,0.2574764
Oct 2010,0.2787889
Oct 2011,0.2826387
Oct 2012,0.2305384
Oct 2013,0.2656125
Oct 2014,0.3130119
Oct 2015,0.2330647
Oct 2016,0.2508365
Oct 2017,0.2709364
Oct 2018,0.2785774
Oct 2019,0.2911506
