"Harvest Year","Payout"
1983,0
1984,134.459712
1985,3.43101111111109
1986,0
1987,2.25361599999999
1988,0
1989,0
1990,48
1991,0
1992,129.455388
1993,0
1994,0
1995,69.3239545454546
1996,48
1997,0
1998,0
1999,0
2000,0
2001,82.3341
2002,67.3383738181818
2003,0
2004,60.839936
2005,0
2006,32.64332
2007,46.8329909090909
2008,0
2009,1.44646799999998
2010,0
2011,0
2012,0
2013,0
2014,32.7549636363636
2015,63.6363636363636
2016,0
2017,0
2018,0
2019,0
