Time,EVI
Jul 2000,0.1136349
Jul 2001,0.1342741
Jul 2002,0.1535757
Jul 2003,0.1126598
Jul 2004,0.1286748
Jul 2005,0.1226713
Jul 2006,0.09997565
Jul 2007,0.142819
Jul 2008,0.1136595
Jul 2009,0.09742847
Jul 2010,0.1353036
Jul 2011,0.1535532
Jul 2012,0.1080542
Jul 2013,0.1211223
Jul 2014,0.1323115
Jul 2015,0.1532528
Jul 2016,0.1160642
Jul 2017,0.1245591
Jul 2018,0.1615521
Jul 2019,0.155462
