Time,EVI
Oct 2000,0.2885525
Oct 2001,0.2475468
Oct 2002,0.2477542
Oct 2003,0.2678278
Oct 2004,0.3215248
Oct 2005,0.2455913
Oct 2006,0.2591278
Oct 2007,0.2539372
Oct 2008,0.2439131
Oct 2009,0.2756223
Oct 2010,0.2665079
Oct 2011,0.3002032
Oct 2012,0.2833129
Oct 2013,0.3128337
Oct 2014,0.3472062
Oct 2015,0.3777074
Oct 2016,0.3809817
Oct 2017,0.3394585
Oct 2018,0.2987651
Oct 2019,0.3218662
