"Harvest Year","Payout"
1983,0
1984,0
1985,13.0434782608696
1986,0
1987,0
1988,0
1989,0
1990,142.553841238472
1991,0
1992,100
1993,0
1994,0
1995,0
1996,0
1997,0
1998,0
1999,0
2000,20.2392500658762
2001,0
2002,51.6530515151515
2003,0
2004,54.4651242424243
2005,0
2006,23.5734848484849
2007,0
2008,0
2009,0
2010,0
2011,0
2012,3.10281739130436
2013,100
2014,37.9937260869565
2015,30.9088217391304
2016,0
2017,0
2018,10.9717424242424
2019,0
