"Harvest Year","Payout"
1983,0
1984,4.20760473684209
1985,0
1986,0
1987,0
1988,0
1989,0
1990,0
1991,0
1992,0
1993,0
1994,0
1995,0
1996,0
1997,0
1998,0
1999,57.5048863157895
2000,0.186854736842093
2001,0
2002,5.26315789473684
2003,0
2004,57.7409157894737
2005,36.2901789473684
2006,0
2007,0
2008,0
2009,0
2010,0
2011,0
2012,0
2013,21.4261736842105
2014,0
2015,5.26315789473684
2016,5.26315789473684
2017,0
2018,28.873295
2019,0
