Time,Soil Water Index with Characteristic Time Length of 15 Days
Jul 2007,34.50806
Jul 2008,25.85887
Jul 2009,29.81451
Jul 2010,26.67742
Jul 2011,26.08064
Jul 2012,31.28629
Jul 2013,24.41532
Jul 2014,29.79032
Jul 2015,24.5
Jul 2016,30.28225
Jul 2017,24.96371
