Time,EVI
Jul 2000,0.1959769
Jul 2001,0.2089455
Jul 2002,0.1599129
Jul 2003,0.1600322
Jul 2004,0.1530794
Jul 2005,0.1732119
Jul 2006,0.1611198
Jul 2007,0.1808498
Jul 2008,0.14758
Jul 2009,0.1233511
Jul 2010,0.1551854
Jul 2011,0.1768826
Jul 2012,0.1715391
Jul 2013,0.1606683
Jul 2014,0.1812824
Jul 2015,0.1530972
Jul 2016,0.1557612
Jul 2017,0.2036247
Jul 2018,0.1700315
Jul 2019,0.1739607
