Time,Soil Water Index with Characteristic Time Length of 15 Days
Oct 2007,4.391128
Oct 2008,3.661289
Oct 2009,2.447581
Oct 2010,5.854838
Oct 2011,4.846774
Oct 2012,5.088709
Oct 2013,3.979839
Oct 2014,6.971773
Oct 2015,3.229839
Oct 2016,7.201614
Oct 2017,4.907258
