Time,EVI
Oct 2000,0.2639672
Oct 2001,0.2445695
Oct 2002,0.2128115
Oct 2003,0.2290791
Oct 2004,0.2200203
Oct 2005,0.2370787
Oct 2006,0.2522306
Oct 2007,0.2465715
Oct 2008,0.2347845
Oct 2009,0.2329026
Oct 2010,0.2478778
Oct 2011,0.240421
Oct 2012,0.2382046
Oct 2013,0.2260232
Oct 2014,0.2982151
Oct 2015,0.2263542
Oct 2016,0.2533931
Oct 2017,0.2294176
Oct 2018,0.2500921
Oct 2019,0.2511901
