Time,Soil Water Index with Characteristic Time Length of 15 Days
Jul 2007,57.12096
Jul 2008,44.42742
Jul 2009,45.16935
Jul 2010,47.49193
Jul 2011,52.81451
Jul 2012,55.28226
Jul 2013,46.54838
Jul 2014,49.15322
Jul 2015,36.29839
Jul 2016,53.16129
Jul 2017,45.75
