Time,EVI
Oct 2000,0.2182662
Oct 2001,0.2060851
Oct 2002,0.1722709
Oct 2003,0.2192852
Oct 2004,0.2023825
Oct 2005,0.205616
Oct 2006,0.210456
Oct 2007,0.2141394
Oct 2008,0.2108576
Oct 2009,0.2062669
Oct 2010,0.2248836
Oct 2011,0.2239213
Oct 2012,0.2212581
Oct 2013,0.2503688
Oct 2014,0.2587154
Oct 2015,0.2183256
Oct 2016,0.2291825
Oct 2017,0.2429194
Oct 2018,0.2525382
Oct 2019,0.2538715
