Time,Soil Water Index with Characteristic Time Length of 15 Days
Oct 2007,11.75
Oct 2008,6.701613
Oct 2009,6.080646
Oct 2010,13.58064
Oct 2011,10.83064
Oct 2012,10.16129
Oct 2013,11.95161
Oct 2014,12.72581
Oct 2015,6.943549
Oct 2016,11.77419
Oct 2017,11.51613
