Time,EVI
Jul 2000,0.1581571
Jul 2001,0.1974356
Jul 2002,0.1380345
Jul 2003,0.1369052
Jul 2004,0.1681667
Jul 2005,0.1452502
Jul 2006,0.1798727
Jul 2007,0.1863596
Jul 2008,0.1692058
Jul 2009,0.1298474
Jul 2010,0.138119
Jul 2011,0.1614907
Jul 2012,0.1629666
Jul 2013,0.1813258
Jul 2014,0.1861931
Jul 2015,0.1465512
Jul 2016,0.146516
Jul 2017,0.1681319
Jul 2018,0.1377128
Jul 2019,0.1781158
