Time,EVI
Oct 2000,0.298193
Oct 2001,0.2547093
Oct 2002,0.233223
Oct 2003,0.2747444
Oct 2004,0.253697
Oct 2005,0.2635005
Oct 2006,0.2677746
Oct 2007,0.2634308
Oct 2008,0.2657949
Oct 2009,0.251497
Oct 2010,0.2801558
Oct 2011,0.2714819
Oct 2012,0.2637757
Oct 2013,0.2483702
Oct 2014,0.2902315
Oct 2015,0.2591839
Oct 2016,0.2867157
Oct 2017,0.253819
Oct 2018,0.3103013
Oct 2019,0.26299
