Time,EVI
Jul 2000,0.3341839
Jul 2001,0.3287112
Jul 2002,0.3057228
Jul 2003,0.2136279
Jul 2004,0.3018526
Jul 2005,0.228072
Jul 2006,0.3431149
Jul 2007,0.3160998
Jul 2008,0.3730855
Jul 2009,0.2221631
Jul 2010,0.3850706
Jul 2011,0.4026401
Jul 2012,0.2472022
Jul 2013,0.2658147
Jul 2014,0.3943217
Jul 2015,0.375321
Jul 2016,0.2971138
Jul 2017,0.3283298
Jul 2018,0.305233
Jul 2019,0.3536521
