Time,Soil Water Index with Characteristic Time Length of 15 Days
Jul 2007,81.43549
Jul 2008,72.24194
Jul 2009,66.61693
Jul 2010,67.06453
Jul 2011,71.80645
Jul 2012,77.47179
Jul 2013,77.86694
Jul 2014,68.49194
Jul 2015,65.39517
Jul 2016,75.58064
Jul 2017,70.95967
