Time,EVI
Oct 2000,0.371679
Oct 2001,0.357726
Oct 2002,0.3420485
Oct 2003,0.3944627
Oct 2004,0.3482201
Oct 2005,0.3462694
Oct 2006,0.3448924
Oct 2007,0.3190475
Oct 2008,0.312613
Oct 2009,0.3451962
Oct 2010,0.301479
Oct 2011,0.310126
Oct 2012,0.3484639
Oct 2013,0.3383793
Oct 2014,0.3468752
Oct 2015,0.3058949
Oct 2016,0.2929457
Oct 2017,0.3090536
Oct 2018,0.3243953
Oct 2019,0.3944838
