Time,Soil Water Index with Characteristic Time Length of 15 Days
Oct 2007,20.00403
Oct 2008,22.56451
Oct 2009,18.10887
Oct 2010,24.25403
Oct 2011,25.44758
Oct 2012,24.8387
Oct 2013,30.92742
Oct 2014,40.66129
Oct 2015,25.97178
Oct 2016,28.25404
Oct 2017,28.3508
