"Harvest Year","Payout"
1983,0
1984,5.3699992
1985,0
1986,0
1987,85.5612436907937
1988,100
1989,100
1990,100
1991,0
1992,142.972152
1993,0
1994,0
1995,0
1996,0
1997,0
1998,0
1999,100
2000,0
2001,100.845664
2002,157.783356
2003,40.5980944
2004,111.3589148
2005,100
2006,0
2007,0
2008,6.3640188
2009,100
2010,0
2011,0
2012,0
2013,100
2014,0
2015,0
2016,0
2017,24.768252
2018,0
2019,100
