"Harvest Year","Payout"
1983,0
1984,0
1985,4.49168303571429
1986,0
1987,0
1988,0
1989,0
1990,0
1991,38.62025
1992,34.77195
1993,0
1994,0
1995,0
1996,0
1997,0
1998,0
1999,41.0445
2000,26.4840339285714
2001,0
2002,0
2003,0
2004,97.1199182539682
2005,19.83025
2006,0
2007,0
2008,0
2009,0
2010,31.0290428571429
2011,0
2012,1.10768214285713
2013,0
2014,0
2015,0
2016,0
2017,0
2018,0
2019,0
