Time,EVI
Jul 2000,0.1705216
Jul 2001,0.1681746
Jul 2002,0.1033623
Jul 2003,0.16577
Jul 2004,0.1559499
Jul 2005,0.1771427
Jul 2006,0.102327
Jul 2007,0.2240193
Jul 2008,0.1633968
Jul 2009,0.1228298
Jul 2010,0.1282843
Jul 2011,0.1550814
Jul 2012,0.1541889
Jul 2013,0.1401031
Jul 2014,0.1360483
Jul 2015,0.1437568
Jul 2016,0.2086288
Jul 2017,0.1299416
Jul 2018,0.1918297
Jul 2019,0.1841848
