Time,Soil Water Index with Characteristic Time Length of 15 Days
Jul 2007,71.87098
Jul 2008,60.20967
Jul 2009,60.95162
Jul 2010,56.20968
Jul 2011,59.48388
Jul 2012,67.32258
Jul 2013,65.82257
Jul 2014,48.87097
Jul 2015,48.14516
Jul 2016,68.19354
Jul 2017,62.14516
