Time,EVI
Oct 2000,0.2803065
Oct 2001,0.2383719
Oct 2002,0.1864515
Oct 2003,0.2630417
Oct 2004,0.2218784
Oct 2005,0.2428711
Oct 2006,0.2578971
Oct 2007,0.243778
Oct 2008,0.2271211
Oct 2009,0.25888
Oct 2010,0.2362908
Oct 2011,0.2435408
Oct 2012,0.2245056
Oct 2013,0.2912633
Oct 2014,0.2666682
Oct 2015,0.1719312
Oct 2016,0.2247764
Oct 2017,0.234229
Oct 2018,0.2276842
Oct 2019,0.2620848
