Time,EVI
Jul 2000,0.2363067
Jul 2001,0.3335834
Jul 2002,0.1979247
Jul 2003,0.2664614
Jul 2004,0.2332774
Jul 2005,0.1634211
Jul 2006,0.1989013
Jul 2007,0.3309892
Jul 2008,0.2157138
Jul 2009,0.1898583
Jul 2010,0.1252867
Jul 2011,0.14991
Jul 2012,0.158638
Jul 2013,0.2157525
Jul 2014,0.149519
Jul 2015,0.09524548
Jul 2016,0.214494
Jul 2017,0.1655023
Jul 2018,0.1731155
Jul 2019,0.1674595
