Time,Soil Water Index with Characteristic Time Length of 15 Days
Jul 2007,81.41129
Jul 2008,72.51612
Jul 2009,68.42743
Jul 2010,64.1129
Jul 2011,69.26614
Jul 2012,75.85484
Jul 2013,77.48387
Jul 2014,63.32258
Jul 2015,58.1371
Jul 2016,75.49195
Jul 2017,71.2984
