Time,EVI
Oct 2000,0.2044525
Oct 2001,0.2245356
Oct 2002,0.1622609
Oct 2003,0.2223151
Oct 2004,0.1735748
Oct 2005,0.1509988
Oct 2006,0.2022602
Oct 2007,0.2335962
Oct 2008,0.210726
Oct 2009,0.1924066
Oct 2010,0.2202164
Oct 2011,0.2010211
Oct 2012,0.1706678
Oct 2013,0.188979
Oct 2014,0.2568792
Oct 2015,0.17415
Oct 2016,0.2116542
Oct 2017,0.2009167
Oct 2018,0.2330196
Oct 2019,0.2092776
