Time,EVI
Jul 2000,0.2711746
Jul 2001,0.3435711
Jul 2002,0.2876382
Jul 2003,0.2793731
Jul 2004,0.2944595
Jul 2005,0.3159237
Jul 2006,0.2520446
Jul 2007,0.3330673
Jul 2008,0.2893422
Jul 2009,0.2096923
Jul 2010,0.2546456
Jul 2011,0.269948
Jul 2012,0.2588243
Jul 2013,0.2748911
Jul 2014,0.2264668
Jul 2015,0.2812545
Jul 2016,0.3301417
Jul 2017,0.3040008
Jul 2018,0.3534441
Jul 2019,0.3366323
