Time,EVI
Oct 2000,0.4417862
Oct 2001,0.335384
Oct 2002,0.2942846
Oct 2003,0.4003637
Oct 2004,0.3234683
Oct 2005,0.3447751
Oct 2006,0.3778828
Oct 2007,0.3535967
Oct 2008,0.3953421
Oct 2009,0.3851368
Oct 2010,0.4033052
Oct 2011,0.3503291
Oct 2012,0.3585785
Oct 2013,0.3618168
Oct 2014,0.4138626
Oct 2015,0.2974561
Oct 2016,0.3337079
Oct 2017,0.4231265
Oct 2018,0.3418901
Oct 2019,0.3852809
