"Harvest Year","Payout"
1983,0
1984,93.128965530303
1985,0
1986,0
1987,0
1988,0
1989,0
1990,125.864288215488
1991,37.8691727272727
1992,1.28026363636363
1993,0
1994,0
1995,0
1996,0
1997,0
1998,0
1999,2.52671818181817
2000,22.7272727272727
2001,0
2002,71.4241409090909
2003,0
2004,39.8369
2005,0
2006,22.7272727272727
2007,0
2008,0
2009,0
2010,0
2011,0
2012,0
2013,0
2014,0
2015,22.7272727272727
2016,0
2017,0
2018,0
2019,0
