Time,EVI
Jul 2000,0.1538827
Jul 2001,0.2501213
Jul 2002,0.2499385
Jul 2003,0.2206113
Jul 2004,0.1844929
Jul 2005,0.1796021
Jul 2006,0.1931785
Jul 2007,0.1931904
Jul 2008,0.1843861
Jul 2009,0.1426972
Jul 2010,0.1600868
Jul 2011,0.1612597
Jul 2012,0.1601903
Jul 2013,0.1335223
Jul 2014,0.1597407
Jul 2015,0.1581036
Jul 2016,0.1253105
Jul 2017,0.1480818
Jul 2018,0.1330174
Jul 2019,0.2032375
