Time,EVI
Oct 2000,0.3155531
Oct 2001,0.3051758
Oct 2002,0.27324
Oct 2003,0.3103185
Oct 2004,0.2991647
Oct 2005,0.2921143
Oct 2006,0.2927053
Oct 2007,0.2844436
Oct 2008,0.2698513
Oct 2009,0.2884487
Oct 2010,0.2498767
Oct 2011,0.2551233
Oct 2012,0.2611912
Oct 2013,0.2834189
Oct 2014,0.2979413
Oct 2015,0.2690953
Oct 2016,0.2579732
Oct 2017,0.3034872
Oct 2018,0.3288149
Oct 2019,0.3222696
