Time,Soil Water Index with Characteristic Time Length of 15 Days
Jul 2007,72.40321
Jul 2008,62.75806
Jul 2009,63.48387
Jul 2010,58.69355
Jul 2011,62.75806
Jul 2012,67.30646
Jul 2013,68.58063
Jul 2014,49.72581
Jul 2015,48.45161
Jul 2016,70.51611
Jul 2017,60.64516
