Time,EVI
Jul 2000,0.1525248
Jul 2001,0.1688507
Jul 2002,0.1427581
Jul 2003,0.1810379
Jul 2004,0.1233106
Jul 2005,0.1242974
Jul 2006,0.135275
Jul 2007,0.2604715
