Time,EVI
Oct 2000,0.2369986
Oct 2001,0.2042451
Oct 2002,0.1671624
Oct 2003,0.2293175
Oct 2004,0.1720819
Oct 2005,0.1608147
Oct 2006,0.1924574
Oct 2007,0.1723224
Oct 2008,0.1911667
Oct 2009,0.2080044
Oct 2010,0.2208722
Oct 2011,0.2328548
Oct 2012,0.180681
Oct 2013,0.2237431
Oct 2014,0.2448585
Oct 2015,0.1399874
Oct 2016,0.1676893
Oct 2017,0.2102639
Oct 2018,0.1943386
Oct 2019,0.2155822
