Time,Soil Water Index with Characteristic Time Length of 15 Days
Oct 2007,20.48387
Oct 2008,17.29032
Oct 2009,21.6129
Oct 2010,21.46774
Oct 2011,23.62903
Oct 2012,15.80645
Oct 2013,31.82258
Oct 2014,28.29032
Oct 2015,19.7258
Oct 2016,27.40322
Oct 2017,28.45161
