Time,EVI
Jul 2000,0.1937394
Jul 2001,0.2424935
Jul 2002,0.2248033
Jul 2003,0.1910103
Jul 2004,0.198266
Jul 2005,0.2263251
Jul 2006,0.2024353
Jul 2007,0.2370633
Jul 2008,0.2106857
Jul 2009,0.154935
Jul 2010,0.1828642
Jul 2011,0.2139715
Jul 2012,0.1856538
Jul 2013,0.1938103
Jul 2014,0.1976975
Jul 2015,0.2214443
Jul 2016,0.2091997
Jul 2017,0.2247281
Jul 2018,0.1918296
Jul 2019,0.2201346
