Time,Soil Water Index with Characteristic Time Length of 15 Days
Jul 2007,30.9879
Jul 2008,24.00806
Jul 2009,29.21774
Jul 2010,24.70968
Jul 2011,26.91533
Jul 2012,30.54032
Jul 2013,26.57257
Jul 2014,28.92338
Jul 2015,21.3629
Jul 2016,29.91129
Jul 2017,25.12903
