Time,EVI
Oct 2000,0.2386789
Oct 2001,0.2492663
Oct 2002,0.203575
Oct 2003,0.2503797
Oct 2004,0.2304553
Oct 2005,0.2314205
Oct 2006,0.2343718
Oct 2007,0.2360471
Oct 2008,0.2328133
Oct 2009,0.2317654
Oct 2010,0.2218268
Oct 2011,0.2404091
Oct 2012,0.2188393
Oct 2013,0.2357471
Oct 2014,0.2489482
Oct 2015,0.204035
Oct 2016,0.221713
Oct 2017,0.2197343
Oct 2018,0.237873
Oct 2019,0.2410147
