Time,Soil Water Index with Characteristic Time Length of 15 Days
Oct 2007,4.447581
Oct 2008,3.177419
Oct 2009,2.854839
Oct 2010,5.318548
Oct 2011,5.33871
Oct 2012,4.310483
Oct 2013,5.467742
Oct 2014,5.810483
Oct 2015,4.153225
Oct 2016,5.048386
Oct 2017,4.697581
