Time,EVI
Jul 2000,0.219574
Jul 2001,0.3214667
Jul 2002,0.2157755
Jul 2003,0.3048766
Jul 2004,0.2129333
Jul 2005,0.2644913
Jul 2006,0.1891948
Jul 2007,0.2889223
Jul 2008,0.2360477
Jul 2009,0.1896374
Jul 2010,0.1787266
Jul 2011,0.2297463
Jul 2012,0.218196
Jul 2013,0.2766525
Jul 2014,0.1810935
Jul 2015,0.2131216
Jul 2016,0.3083261
Jul 2017,0.2515624
Jul 2018,0.3034354
Jul 2019,0.2492489
