Time,Soil Water Index with Characteristic Time Length of 15 Days
Jul 2007,73.45161
Jul 2008,61.45161
Jul 2009,66.29033
Jul 2010,58.29032
Jul 2011,60.03226
Jul 2012,74.03226
Jul 2013,69.19354
Jul 2014,56.46774
Jul 2015,52.6129
Jul 2016,66.85483
Jul 2017,60.46775
