Time,EVI
Oct 2000,0.4015762
Oct 2001,0.3230887
Oct 2002,0.2915046
Oct 2003,0.3551302
Oct 2004,0.3452698
Oct 2005,0.3330713
Oct 2006,0.3282805
Oct 2007,0.3373637
Oct 2008,0.3778883
Oct 2009,0.3510019
Oct 2010,0.3768788
Oct 2011,0.3192554
Oct 2012,0.3308043
Oct 2013,0.3414376
Oct 2014,0.3808675
Oct 2015,0.2833903
Oct 2016,0.2981744
Oct 2017,0.3852327
Oct 2018,0.3381877
Oct 2019,0.3711319
