Time,Soil Water Index with Characteristic Time Length of 15 Days
Oct 2007,15.62903
Oct 2008,14.53226
Oct 2009,14.37097
Oct 2010,16.95161
Oct 2011,12.74193
Oct 2012,14.83871
Oct 2013,20.8871
Oct 2014,20.46774
Oct 2015,14.72581
Oct 2016,20.58064
Oct 2017,19.90322
