"Harvest Year","Payout"
1983,99.35297875831
1984,21.8184
1985,0
1986,0
1987,32.3756039428571
1988,0
1989,82.7039538194444
1990,0
1991,0
1992,90
1993,22.395484
1994,0
1995,0
1996,0
1997,0
1998,0
1999,0
2000,0
2001,0
2002,0
2003,0
2004,61.2936625
2005,6.08080625000001
2006,125.14123125
2007,0
2008,0
2009,0
2010,51.5564875
2011,1.56330800000001
2012,23.81996875
2013,0
2014,0
2015,7.03536600000001
2016,0
2017,100
2018,0
2019,0
