Time,EVI
Jul 2000,0.23664
Jul 2001,0.3116506
Jul 2002,0.1619012
Jul 2003,0.259345
Jul 2004,0.2302789
Jul 2005,0.2743933
Jul 2006,0.2157856
Jul 2007,0.2983949
Jul 2008,0.1787318
Jul 2009,0.1997512
Jul 2010,0.1704662
Jul 2011,0.2322688
Jul 2012,0.2058337
Jul 2013,0.2523859
Jul 2014,0.1733368
Jul 2015,0.1826089
Jul 2016,0.2527024
Jul 2017,0.258944
Jul 2018,0.3070111
Jul 2019,0.2168708
