Time,EVI
Oct 2000,0.3571434
Oct 2001,0.3124793
Oct 2002,0.233681
Oct 2003,0.2896355
Oct 2004,0.2821685
Oct 2005,0.2820663
Oct 2006,0.3083845
Oct 2007,0.3042601
Oct 2008,0.3348144
Oct 2009,0.3455117
Oct 2010,0.3607548
Oct 2011,0.2849811
Oct 2012,0.3091809
Oct 2013,0.3115038
Oct 2014,0.3663721
Oct 2015,0.1974357
Oct 2016,0.2773695
Oct 2017,0.3326581
Oct 2018,0.313164
Oct 2019,0.3047791
