Time,Soil Water Index with Characteristic Time Length of 15 Days
Oct 2007,16.09678
Oct 2008,15.16935
Oct 2009,15.42742
Oct 2010,17.82258
Oct 2011,13.80645
Oct 2012,15.26612
Oct 2013,21.94355
Oct 2014,20.87097
Oct 2015,15.14516
Oct 2016,21.43548
Oct 2017,21.10484
