"Harvest Year","Payout"
1983,0
1984,165.823046875
1985,100
1986,0
1987,20.5633300347222
1988,51.2580727272727
1989,0
1990,157.844936079545
1991,0
1992,64.0365823863636
1993,0
1994,0
1995,0
1996,0
1997,0
1998,0
1999,0
2000,0
2001,1.05784375
2002,20.5318625
2003,0
2004,0
2005,0
2006,3.79374999999999
2007,3.57241818181818
2008,0
2009,0
2010,0
2011,0
2012,0
2013,120.94834375
2014,30.0146363636364
2015,76.1960931818182
2016,0
2017,0
2018,0
2019,0
