Time,Soil Water Index with Characteristic Time Length of 15 Days
Jul 2007,27.72581
Jul 2008,17.95161
Jul 2009,21.46774
Jul 2010,17.74193
Jul 2011,20.54839
Jul 2012,25.8871
Jul 2013,23.09678
Jul 2014,20.93548
Jul 2015,16.98387
Jul 2016,24.59677
Jul 2017,19.70968
