Time,EVI
Jul 2000,0.1899226
Jul 2001,0.3087247
Jul 2002,0.1947348
Jul 2003,0.2064233
Jul 2004,0.1808273
Jul 2005,0.193994
Jul 2006,0.2237062
Jul 2007,0.276969
Jul 2008,0.1703303
Jul 2009,0.1985646
Jul 2010,0.2028778
Jul 2011,0.2170931
Jul 2012,0.2285026
Jul 2013,0.2516839
Jul 2014,0.1808324
Jul 2015,0.1897244
Jul 2016,0.2426558
Jul 2017,0.1678145
Jul 2018,0.2206689
Jul 2019,0.2536225
