Time,Soil Water Index with Characteristic Time Length of 15 Days
Oct 2007,2.935484
Oct 2008,1.354839
Oct 2009,2.048387
Oct 2010,2.709677
Oct 2011,3.870967
Oct 2012,2.790323
Oct 2013,1.983871
Oct 2014,4.193549
Oct 2015,1.483871
Oct 2016,3.129032
Oct 2017,2.935483
