Time,EVI
Oct 2000,0.2073914
Oct 2001,0.2197391
Oct 2002,0.1995311
Oct 2003,0.2133783
Oct 2004,0.1897527
Oct 2005,0.2032604
Oct 2006,0.2227769
Oct 2007,0.2161518
Oct 2008,0.2217672
Oct 2009,0.2021874
Oct 2010,0.2397826
Oct 2011,0.2537397
Oct 2012,0.2245862
Oct 2013,0.1977419
Oct 2014,0.2574632
Oct 2015,0.1892506
Oct 2016,0.2222697
Oct 2017,0.2349747
Oct 2018,0.2207635
Oct 2019,0.2318791
