"Harvest Year","Payout"
1983,35.6238340238095
1984,0
1985,79.5587358148148
1986,0
1987,0
1988,0
1989,10.9121071428572
1990,104.759151809524
1991,0
1992,55.3199788095238
1993,0
1994,0
1995,1.89672333333334
1996,0
1997,44.0687928571428
1998,0
1999,0
2000,70.36428
2001,0
2002,0
2003,0
2004,103.854473333333
2005,0
2006,0
2007,25.4405357142857
2008,0
2009,0
2010,0
2011,0
2012,0
2013,7.21677133333334
2014,8.79914285714288
2015,0
2016,0
2017,0
2018,0
2019,0
