Time,Soil Water Index with Characteristic Time Length of 15 Days
Jul 2007,41.3871
Jul 2008,23.85484
Jul 2009,30.3871
Jul 2010,29.80645
Jul 2011,30.01613
Jul 2012,30.0
Jul 2013,29.91935
Jul 2014,25.25806
Jul 2015,23.09677
Jul 2016,32.20967
Jul 2017,26.95161
