Time,EVI
Jul 2000,0.1522929
Jul 2001,0.2143853
Jul 2002,0.1577356
Jul 2003,0.1829528
Jul 2004,0.1901491
Jul 2005,0.2076627
Jul 2006,0.2095365
Jul 2007,0.2289876
Jul 2008,0.1437193
Jul 2009,0.1622311
Jul 2010,0.2104172
Jul 2011,0.216327
Jul 2012,0.2040384
Jul 2013,0.1753908
Jul 2014,0.2122062
Jul 2015,0.1971008
Jul 2016,0.2151587
Jul 2017,0.1917303
Jul 2018,0.1788996
Jul 2019,0.2810566
