Time,EVI
Oct 2000,0.3990983
Oct 2001,0.3216754
Oct 2002,0.3162835
Oct 2003,0.3001755
Oct 2004,0.2521846
Oct 2005,0.3161342
Oct 2006,0.3179005
Oct 2007,0.3310985
Oct 2008,0.312426
Oct 2009,0.2639823
Oct 2010,0.3310723
Oct 2011,0.3361925
Oct 2012,0.2622015
Oct 2013,0.2637214
Oct 2014,0.4002058
Oct 2015,0.2493165
Oct 2016,0.2897985
Oct 2017,0.3394507
Oct 2018,0.3149306
Oct 2019,0.3259847
