Time,Soil Water Index with Characteristic Time Length of 15 Days
Oct 2007,10.29032
Oct 2008,9.822581
Oct 2009,6.919355
Oct 2010,18.96774
Oct 2011,7.629029
Oct 2012,9.951612
Oct 2013,20.19355
Oct 2014,34.93547
Oct 2015,9.693549
Oct 2016,15.88709
Oct 2017,22.70968
