Time,EVI
Jul 2000,0.2988293
Jul 2001,0.3794721
Jul 2002,0.270969
Jul 2003,0.2680679
Jul 2004,0.2870928
Jul 2005,0.2915077
Jul 2006,0.2829007
Jul 2007,0.3597297
Jul 2008,0.2861122
Jul 2009,0.2117908
Jul 2010,0.2391048
Jul 2011,0.2837608
Jul 2012,0.2730515
Jul 2013,0.2874463
Jul 2014,0.247812
Jul 2015,0.2445679
Jul 2016,0.279507
Jul 2017,0.2529155
Jul 2018,0.1891814
Jul 2019,0.3156561
