Time,Soil Water Index with Characteristic Time Length of 15 Days
Jul 2007,30.27419
Jul 2008,25.94355
Jul 2009,31.27419
Jul 2010,26.29032
Jul 2011,26.08064
Jul 2012,29.3629
Jul 2013,27.32258
Jul 2014,29.75806
Jul 2015,26.04839
Jul 2016,29.59677
Jul 2017,26.46774
