Time,EVI
Oct 2000,0.2594715
Oct 2001,0.2646418
Oct 2002,0.1848904
Oct 2003,0.283942
Oct 2004,0.2334863
Oct 2005,0.2334384
Oct 2006,0.2527661
Oct 2007,0.2676501
Oct 2008,0.254445
Oct 2009,0.2314185
Oct 2010,0.2482441
Oct 2011,0.2601919
Oct 2012,0.2290507
Oct 2013,0.2415024
Oct 2014,0.2917492
Oct 2015,0.2312543
Oct 2016,0.2608985
Oct 2017,0.2398178
Oct 2018,0.2669396
Oct 2019,0.2842157
