Time,Soil Water Index with Characteristic Time Length of 15 Days
Oct 2007,4.725806
Oct 2008,4.137097
Oct 2009,3.048387
Oct 2010,6.967742
Oct 2011,6.540321
Oct 2012,5.387097
Oct 2013,6.209677
Oct 2014,8.78226
Oct 2015,5.685483
Oct 2016,6.548387
Oct 2017,6.008064
