"Harvest Year","Payout"
1983,14.6583500607843
1984,88.8371916
1985,0
1986,0
1987,3.24992277460308
1988,100
1989,3.084788
1990,100
1991,0
1992,123.045264
1993,0
1994,0
1995,100
1996,0
1997,0
1998,0
1999,100
2000,100
2001,0
2002,12.463892
2003,0
2004,56.8375452
2005,0
2006,0
2007,0
2008,100
2009,100
2010,100
2011,0
2012,0
2013,0
2014,110.931182
2015,1.8532592
2016,0
2017,100
2018,0
2019,0
